{"type":"FeatureCollection","features":[{"type":"Feature","geometry":{"type":"MultiPolygon","coordinates":[[[[117.704,4.163],[117.907,4.157],[117.839,4.04],[117.704,4.163]]],[[[124.451,-9.18],[124.92,-8.962],[125.095,-8.995],[125.143,-9.189],[124.974,-9.192],[125.062,-9.486],[124.971,-9.662],[124.735,-9.9],[124.418,-10.164],[124.108,-10.184],[124.034,-10.276],[123.826,-10.364],[123.472,-10.345],[123.547,-10.187],[123.749,-10.098],[123.65,-9.889],[123.689,-9.611],[124.03,-9.342],[124.258,-9.501],[124.432,-9.291],[124.451,-9.18]]],[[[117.567,4.16],[117.52,4.049],[117.777,3.799],[117.749,3.637],[117.547,3.664],[117.219,3.647],[117.2,3.555],[117.325,3.436],[117.37,3.177],[117.617,3.086],[117.633,2.812],[117.784,2.758],[117.826,2.607],[118.096,2.304],[117.86,2.038],[117.87,1.881],[118.046,1.783],[118.127,1.655],[118.425,1.486],[118.776,1.202],[118.857,1.058],[119.003,0.962],[118.813,0.809],[118.565,0.804],[118.188,0.875],[117.811,0.812],[117.62,0.502],[117.47,0.109],[117.53,-0.032],[117.434,-0.264],[117.596,-0.423],[117.539,-0.695],[117.623,-0.782],[117.267,-0.828],[117.024,-1.203],[116.82,-1.261],[116.762,-1.365],[116.539,-1.481],[116.557,-1.606],[116.325,-1.704],[116.467,-1.907],[116.359,-2.094],[116.411,-2.204],[116.603,-2.224],[116.54,-2.513],[116.393,-2.574],[116.334,-2.926],[116.111,-2.93],[116.265,-3.137],[116.163,-3.173],[116.023,-3.412],[115.99,-3.583],[115.583,-3.781],[115.06,-3.986],[114.713,-4.171],[114.632,-4.013],[114.611,-3.684],[114.524,-3.476],[114.412,-3.485],[114.264,-3.398],[114.042,-3.356],[113.886,-3.431],[113.632,-3.457],[113.62,-3.185],[113.345,-3.247],[113.183,-3.077],[112.618,-3.424],[112.525,-3.438],[112.303,-3.314],[112.117,-3.382],[111.905,-3.572],[111.822,-3.545],[111.833,-3.062],[111.76,-2.908],[111.584,-3.009],[111.448,-2.93],[111.296,-2.936],[111.061,-3.061],[110.907,-3.083],[110.508,-2.875],[110.263,-3.003],[110.221,-2.533],[110.097,-2.236],[110.129,-2.07],[110.075,-1.922],[109.922,-1.77],[110.039,-1.628],[110.069,-1.433],[110.03,-1.286],[109.93,-1.223],[109.734,-0.954],[109.438,-0.846],[109.273,-0.854],[109.245,-0.696],[109.123,-0.5],[109.091,-0.287],[109.202,-0.223],[109.167,0.112],[109.102,0.243],[108.921,0.34],[108.927,0.641],[108.855,0.832],[108.98,0.996],[108.927,1.14],[109.061,1.384],[109.096,1.561],[109.253,1.668],[109.348,1.81],[109.341,1.936],[109.561,1.99],[109.645,2.083],[109.528,1.89],[109.647,1.762],[109.677,1.573],[109.843,1.403],[109.933,1.379],[110.052,1.215],[110.17,1.174],[110.257,1.039],[110.554,0.851],[110.758,0.915],[110.88,1.011],[111.198,1.075],[111.352,1.014],[111.823,1.008],[111.91,1.114],[112.1,1.155],[112.18,1.449],[112.47,1.568],[113.023,1.537],[113.089,1.431],[113.398,1.294],[113.524,1.314],[113.65,1.233],[113.91,1.442],[114.16,1.425],[114.398,1.504],[114.501,1.436],[114.65,1.641],[114.709,1.862],[114.832,1.903],[114.752,2.154],[115.204,2.528],[115.056,2.609],[115.067,2.828],[115.208,2.981],[115.464,3.031],[115.518,3.357],[115.601,3.43],[115.544,3.629],[115.647,4.169],[115.817,4.281],[116.126,4.379],[116.311,4.383],[116.422,4.292],[116.712,4.367],[116.804,4.33],[117.225,4.347],[117.413,4.2],[117.567,4.16]]],[[[140.974,-2.601],[140.974,-3.8],[140.976,-4.596],[140.977,-5.621],[140.977,-6.335],[140.849,-6.703],[140.977,-6.897],[140.977,-7.962],[140.977,-9.106],[140.857,-9.049],[140.622,-8.807],[140.507,-8.638],[140.032,-8.246],[139.932,-8.109],[139.631,-8.125],[139.357,-8.199],[139.201,-8.096],[139.09,-8.134],[138.914,-8.292],[138.853,-8.184],[138.859,-8.101],[138.921,-8.08],[138.906,-8.044],[138.911,-7.923],[138.994,-7.865],[139.093,-7.56],[138.944,-7.497],[138.841,-7.315],[138.688,-7.193],[138.762,-7.114],[138.572,-6.942],[138.74,-6.897],[138.822,-6.806],[138.709,-6.63],[138.466,-6.402],[138.271,-5.887],[138.071,-5.729],[138.053,-5.613],[137.915,-5.387],[137.706,-5.222],[137.35,-5.04],[136.954,-4.923],[136.822,-4.928],[136.355,-4.677],[136.036,-4.586],[135.912,-4.498],[135.725,-4.495],[135.43,-4.43],[135.228,-4.461],[134.823,-4.259],[134.525,-4.026],[134.43,-3.908],[134.191,-3.944],[134.191,-3.826],[133.959,-3.838],[133.844,-3.638],[133.71,-3.622],[133.648,-3.505],[133.409,-3.722],[133.456,-3.847],[133.269,-4.052],[132.969,-4.112],[132.841,-3.998],[132.731,-3.682],[132.881,-3.643],[132.812,-3.282],[132.671,-3.329],[132.553,-3.107],[132.267,-2.935],[131.997,-2.915],[132.121,-2.698],[132.202,-2.676],[132.586,-2.717],[132.737,-2.81],[132.835,-2.736],[133.034,-2.479],[133.258,-2.416],[133.321,-2.492],[133.607,-2.532],[133.707,-2.598],[133.95,-2.293],[133.839,-2.136],[133.549,-2.245],[133.296,-2.204],[132.944,-2.283],[132.816,-2.245],[132.699,-2.305],[132.56,-2.186],[132.348,-2.27],[132.073,-2.105],[131.973,-1.965],[131.927,-1.706],[131.859,-1.56],[131.708,-1.556],[131.573,-1.48],[131.324,-1.469],[131.206,-1.524],[131.004,-1.456],[131.03,-1.276],[131.182,-1.217],[131.292,-0.915],[131.243,-0.819],[131.503,-0.733],[131.59,-0.757],[131.884,-0.682],[132.1,-0.47],[132.437,-0.347],[132.709,-0.36],[133.155,-0.532],[133.392,-0.723],[133.745,-0.751],[133.977,-0.723],[134.101,-0.813],[134.036,-0.958],[134.282,-1.35],[134.207,-1.573],[134.087,-1.683],[134.145,-1.939],[134.162,-2.31],[134.33,-2.522],[134.464,-2.855],[134.533,-2.834],[134.474,-2.581],[134.556,-2.465],[134.658,-2.563],[134.701,-2.959],[134.824,-3.05],[134.899,-3.263],[134.985,-3.33],[135.341,-3.39],[135.564,-3.29],[135.746,-3.077],[135.889,-3],[136.023,-2.708],[136.237,-2.596],[136.362,-2.252],[136.481,-2.211],[136.749,-2.252],[137.024,-2.118],[137.226,-2.074],[137.143,-1.787],[137.349,-1.71],[137.794,-1.484],[137.925,-1.484],[138.075,-1.61],[138.665,-1.789],[138.803,-1.921],[139.107,-2.013],[139.283,-2.122],[139.781,-2.355],[140.105,-2.32],[140.332,-2.456],[140.389,-2.397],[140.731,-2.491],[140.735,-2.635],[140.974,-2.601]]],[[[109.906,-7.838],[109.657,-7.782],[109.426,-7.774],[109.369,-7.713],[108.89,-7.679],[108.54,-7.692],[108.454,-7.819],[108.327,-7.817],[107.687,-7.662],[107.411,-7.496],[106.523,-7.411],[106.375,-7.31],[106.398,-7.208],[106.541,-7.055],[106.452,-6.955],[106.333,-7.001],[105.96,-6.818],[105.555,-6.856],[105.454,-6.809],[105.628,-6.616],[105.782,-6.512],[105.888,-6.071],[106.02,-5.893],[106.112,-5.975],[106.257,-5.942],[106.495,-6.035],[106.663,-6.008],[106.793,-6.104],[106.988,-6.079],[107.044,-5.914],[107.15,-5.973],[107.354,-5.976],[107.47,-6.145],[107.678,-6.238],[107.811,-6.189],[108.094,-6.327],[108.216,-6.238],[108.54,-6.487],[108.605,-6.762],[108.923,-6.845],[109.001,-6.789],[109.143,-6.856],[109.352,-6.876],[109.532,-6.835],[109.896,-6.918],[110.198,-6.891],[110.356,-6.973],[110.486,-6.938],[110.645,-6.688],[110.73,-6.457],[110.925,-6.404],[111.052,-6.457],[111.157,-6.692],[111.429,-6.699],[111.493,-6.623],[111.74,-6.782],[111.959,-6.779],[112.068,-6.894],[112.364,-6.871],[112.543,-6.918],[112.701,-7.255],[112.823,-7.263],[112.761,-7.531],[113.299,-7.789],[113.529,-7.7],[113.804,-7.722],[114.016,-7.618],[114.259,-7.7],[114.467,-7.831],[114.358,-8.419],[114.445,-8.603],[114.589,-8.664],[114.597,-8.776],[114.389,-8.748],[114.303,-8.612],[114.197,-8.646],[113.751,-8.528],[113.467,-8.378],[113.198,-8.277],[112.987,-8.323],[112.673,-8.447],[112.366,-8.342],[111.781,-8.261],[111.673,-8.368],[111.442,-8.276],[111.171,-8.283],[110.477,-8.112],[109.906,-7.838]]],[[[119.847,-0.875],[119.854,-0.716],[119.758,-0.47],[119.792,-0.107],[119.888,0.071],[119.794,0.197],[119.912,0.474],[120.032,0.516],[120.063,0.743],[120.34,0.872],[120.568,0.782],[120.683,0.992],[120.802,1.053],[120.821,1.31],[120.967,1.346],[121.265,1.23],[121.43,1.233],[121.481,1.121],[121.631,1.062],[121.926,1.099],[122.223,1.012],[122.454,1.021],[122.624,0.966],[122.849,0.818],[122.968,0.963],[123.383,0.928],[123.563,0.867],[123.948,0.839],[124.315,1.038],[124.389,1.186],[124.594,1.196],[124.548,1.36],[124.85,1.49],[124.837,1.589],[124.984,1.732],[125.18,1.667],[125.249,1.485],[125.144,1.421],[125.034,1.175],[124.899,0.973],[124.664,0.806],[124.503,0.534],[124.322,0.399],[123.746,0.311],[123.39,0.298],[123.235,0.329],[123.074,0.516],[122.978,0.483],[122.324,0.497],[121.8,0.426],[121.733,0.5],[120.892,0.423],[120.68,0.531],[120.375,0.478],[120.128,0.181],[119.996,-0.209],[120.089,-0.657],[120.244,-0.888],[120.388,-0.901],[120.582,-1.105],[120.565,-1.216],[120.676,-1.395],[120.804,-1.343],[121.073,-1.421],[121.452,-0.906],[121.595,-0.808],[121.714,-0.935],[122.105,-0.926],[122.208,-0.765],[122.612,-0.752],[122.716,-0.792],[122.912,-0.763],[122.823,-0.612],[123.24,-0.57],[123.403,-0.643],[123.454,-0.758],[123.39,-0.984],[123.239,-1.025],[123.061,-0.881],[122.812,-0.924],[122.648,-1.159],[122.369,-1.493],[122.184,-1.614],[122.036,-1.614],[121.799,-1.718],[121.692,-1.908],[121.54,-1.923],[121.441,-1.814],[121.327,-1.919],[121.823,-2.287],[122.019,-2.615],[122.016,-2.694],[122.313,-2.927],[122.271,-3.002],[122.386,-3.132],[122.304,-3.341],[122.25,-3.656],[122.441,-3.731],[122.624,-3.952],[122.675,-4.123],[122.873,-4.093],[122.9,-4.389],[122.769,-4.478],[122.599,-4.397],[122.24,-4.466],[122.087,-4.543],[121.992,-4.856],[121.704,-4.835],[121.485,-4.656],[121.536,-4.231],[121.628,-4.087],[121.354,-3.968],[120.894,-3.539],[120.87,-3.446],[121.067,-3.194],[121.067,-2.752],[121.006,-2.661],[120.776,-2.615],[120.232,-2.95],[120.285,-3.163],[120.383,-3.209],[120.4,-3.518],[120.447,-3.729],[120.371,-3.86],[120.402,-4.574],[120.387,-4.829],[120.309,-4.871],[120.264,-5.15],[120.381,-5.337],[120.323,-5.51],[120.1,-5.596],[119.915,-5.569],[119.806,-5.692],[119.648,-5.679],[119.474,-5.561],[119.36,-5.396],[119.375,-5.212],[119.525,-4.883],[119.491,-4.754],[119.591,-4.564],[119.627,-4.315],[119.566,-3.94],[119.457,-3.715],[119.498,-3.495],[119.298,-3.428],[118.917,-3.547],[118.766,-3.103],[118.853,-3.053],[118.881,-2.861],[118.772,-2.862],[118.792,-2.65],[118.895,-2.656],[119.136,-2.454],[119.134,-2.204],[119.216,-2.01],[119.354,-1.935],[119.305,-1.652],[119.328,-1.214],[119.453,-1.096],[119.537,-0.85],[119.735,-0.641],[119.847,-0.875]]],[[[100.947,1.825],[100.803,2.162],[100.908,2.3],[101.3,2.047],[101.378,1.773],[101.567,1.656],[101.779,1.644],[102.118,1.387],[102.24,0.982],[102.51,0.75],[102.877,0.726],[103.166,0.408],[103.362,0.536],[103.69,0.326],[103.76,0.239],[103.792,-0.013],[103.671,-0.017],[103.494,-0.118],[103.482,-0.374],[103.376,-0.727],[103.65,-0.943],[103.839,-1.033],[103.956,-0.977],[104.212,-1.073],[104.377,-1.032],[104.456,-1.379],[104.454,-1.531],[104.564,-1.858],[104.664,-2.031],[104.874,-2.08],[104.883,-2.285],[105.117,-2.38],[105.202,-2.347],[105.624,-2.402],[105.618,-2.595],[105.778,-2.69],[105.792,-2.862],[106.016,-2.969],[106.063,-3.267],[105.929,-3.365],[105.82,-3.673],[105.953,-3.869],[105.87,-4.004],[105.813,-4.239],[105.906,-4.469],[105.833,-5.383],[105.83,-5.655],[105.783,-5.829],[105.602,-5.81],[105.311,-5.466],[105.118,-5.782],[104.791,-5.609],[104.71,-5.526],[104.533,-5.56],[104.689,-5.808],[104.542,-5.842],[104.298,-5.643],[104.258,-5.54],[103.993,-5.313],[103.912,-5.131],[103.692,-4.952],[103.425,-4.871],[103.173,-4.618],[102.92,-4.493],[102.701,-4.27],[102.313,-3.991],[102.305,-3.845],[102.222,-3.643],[101.637,-3.251],[101.419,-2.927],[101.327,-2.739],[101.105,-2.587],[100.923,-2.333],[100.832,-2.141],[100.865,-1.912],[100.654,-1.618],[100.56,-1.32],[100.366,-1.15],[100.413,-1.073],[100.328,-0.859],[100.001,-0.456],[99.814,-0.295],[99.747,-0.03],[99.611,0.099],[99.316,0.243],[99.142,0.258],[99.123,0.509],[99.04,0.65],[98.917,1.117],[98.753,1.536],[98.823,1.63],[98.774,1.749],[98.658,1.764],[98.535,1.936],[98.269,2.038],[97.956,2.272],[97.744,2.281],[97.658,2.412],[97.603,2.866],[97.422,2.928],[97.271,3.214],[97.166,3.268],[97.019,3.523],[96.884,3.682],[96.761,3.749],[96.56,3.747],[96.43,3.825],[96.191,4.126],[96.125,4.136],[95.527,4.697],[95.424,4.847],[95.291,5.192],[95.199,5.293],[95.252,5.396],[95.197,5.546],[95.413,5.65],[95.612,5.627],[95.888,5.512],[95.93,5.414],[96.126,5.282],[96.362,5.225],[96.651,5.216],[96.973,5.273],[97.268,5.155],[97.497,5.252],[97.664,5.073],[97.909,4.89],[98.061,4.555],[98.276,4.425],[98.263,4.177],[98.363,4.088],[98.677,3.915],[98.797,3.725],[98.958,3.671],[99.421,3.392],[99.589,3.228],[99.751,3.18],[99.98,2.948],[100.019,2.732],[100.203,2.71],[100.308,2.569],[100.382,2.355],[100.507,2.199],[100.856,1.999],[100.947,1.825]]],[[[120.792,-9.961],[120.827,-10.091],[120.711,-10.207],[120.392,-10.263],[120.156,-10.221],[119.976,-9.992],[119.46,-9.75],[119.406,-9.79],[119.037,-9.676],[118.935,-9.553],[119.169,-9.386],[119.629,-9.342],[119.821,-9.379],[119.946,-9.288],[120.071,-9.441],[120.244,-9.509],[120.253,-9.614],[120.478,-9.641],[120.67,-9.885],[120.792,-9.961]]],[[[123.349,-8.269],[123.321,-8.385],[123.041,-8.411],[123.036,-8.332],[123.204,-8.233],[123.349,-8.269]]],[[[116.633,-8.275],[116.743,-8.392],[116.681,-8.556],[116.453,-8.887],[116.205,-8.92],[115.928,-8.855],[116.06,-8.714],[116.028,-8.445],[116.376,-8.202],[116.633,-8.275]]],[[[119.204,-8.611],[119.152,-8.742],[118.992,-8.755],[118.898,-8.688],[118.757,-8.802],[118.465,-8.865],[118.339,-8.692],[118.158,-8.868],[118.079,-8.844],[117.89,-8.937],[117.738,-8.91],[117.334,-9.059],[117.226,-9.024],[117.01,-9.107],[116.763,-9.016],[116.735,-8.873],[116.821,-8.787],[116.79,-8.584],[117.195,-8.358],[117.353,-8.447],[117.558,-8.405],[117.649,-8.552],[117.772,-8.604],[117.805,-8.72],[117.969,-8.748],[118.068,-8.656],[118.291,-8.606],[118.057,-8.451],[118.003,-8.474],[117.706,-8.23],[117.73,-8.159],[117.959,-8.083],[118.15,-8.134],[118.304,-8.368],[118.463,-8.249],[118.988,-8.309],[119.076,-8.652],[119.204,-8.611]]],[[[123.026,-8.289],[122.904,-8.363],[122.807,-8.611],[122.408,-8.741],[122.115,-8.732],[121.794,-8.884],[121.396,-8.794],[121.341,-8.918],[121.165,-8.895],[120.923,-8.926],[120.594,-8.796],[120.244,-8.823],[120.131,-8.771],[119.892,-8.807],[119.806,-8.741],[119.821,-8.547],[120.022,-8.389],[120.277,-8.269],[120.594,-8.233],[120.745,-8.33],[120.976,-8.337],[121.279,-8.467],[121.502,-8.602],[121.835,-8.474],[122.026,-8.5],[122.288,-8.634],[122.501,-8.576],[122.494,-8.475],[122.758,-8.361],[122.853,-8.074],[122.964,-8.131],[123.026,-8.289]]],[[[115.619,-8.289],[115.714,-8.375],[115.605,-8.501],[115.323,-8.624],[115.254,-8.715],[114.927,-8.467],[114.639,-8.399],[114.468,-8.219],[114.54,-8.128],[114.858,-8.193],[115.023,-8.173],[115.173,-8.055],[115.502,-8.173],[115.619,-8.289]]],[[[116.304,-3.718],[116.308,-3.879],[116.1,-4.061],[116.078,-3.824],[116.019,-3.725],[116.046,-3.497],[116.126,-3.319],[116.263,-3.406],[116.304,-3.718]]],[[[100.399,-3.184],[100.189,-2.967],[100.255,-2.791],[100.468,-3.015],[100.399,-3.184]]],[[[100.207,-2.694],[100.115,-2.828],[100.008,-2.82],[99.984,-2.485],[100.207,-2.694]]],[[[99.823,-2.293],[99.725,-2.317],[99.531,-2.156],[99.694,-2.068],[99.823,-2.293]]],[[[109.76,-1.104],[109.698,-1.191],[109.479,-1.299],[109.417,-1.254],[109.452,-1.004],[109.705,-0.984],[109.76,-1.104]]],[[[99.274,-1.635],[99.255,-1.756],[99.101,-1.799],[98.885,-1.679],[98.594,-1.198],[98.668,-0.954],[98.883,-0.913],[99.068,-1.241],[99.179,-1.505],[99.274,-1.635]]],[[[98.502,-0.461],[98.317,-0.535],[98.369,-0.349],[98.502,-0.461]]],[[[103.049,0.797],[103.007,0.694],[102.852,0.798],[102.558,0.78],[102.407,0.873],[102.502,0.973],[102.743,1.016],[103.049,0.797]]],[[[103.126,0.928],[103.086,0.841],[102.791,1.031],[102.802,1.163],[103.037,1.045],[103.126,0.928]]],[[[104.146,1.16],[104.049,0.984],[103.903,1.091],[104.041,1.181],[104.146,1.16]]],[[[104.655,1.096],[104.65,0.918],[104.483,0.859],[104.428,0.975],[104.232,1.093],[104.4,1.203],[104.655,1.096]]],[[[102.473,1.242],[102.465,0.995],[102.369,0.935],[102.239,1.082],[102.201,1.298],[102.291,1.405],[102.473,1.242]]],[[[102.496,1.364],[102.135,1.456],[102.004,1.586],[102.349,1.555],[102.49,1.49],[102.496,1.364]]],[[[101.721,2.058],[101.776,1.948],[101.729,1.799],[101.577,1.709],[101.46,1.766],[101.394,1.931],[101.441,2.065],[101.615,2.117],[101.721,2.058]]],[[[96.48,2.415],[96.308,2.374],[96.066,2.579],[95.931,2.596],[95.698,2.779],[95.773,2.905],[95.884,2.919],[96.246,2.6],[96.424,2.511],[96.48,2.415]]],[[[108.396,3.875],[108.318,3.684],[108.174,3.652],[108.18,3.817],[108.062,3.856],[107.985,4.012],[108.225,4.245],[108.257,4.131],[108.396,3.991],[108.396,3.875]]],[[[123.39,-10.591],[123.209,-10.813],[122.842,-10.921],[122.813,-10.778],[123.049,-10.711],[123.225,-10.544],[123.39,-10.591]]],[[[123.928,-8.227],[123.775,-8.306],[123.688,-8.436],[123.431,-8.587],[123.324,-8.535],[123.457,-8.279],[123.639,-8.294],[123.798,-8.18],[123.928,-8.227]]],[[[124.308,-8.22],[124.165,-8.528],[124.059,-8.552],[123.985,-8.338],[124.151,-8.33],[124.308,-8.22]]],[[[138.897,-8.337],[138.894,-8.405],[138.558,-8.367],[138.689,-8.181],[138.831,-8.186],[138.897,-8.337]]],[[[125.134,-8.217],[125.123,-8.352],[124.65,-8.405],[124.418,-8.465],[124.451,-8.149],[125.087,-8.159],[125.134,-8.217]]],[[[129.841,-7.878],[129.776,-8.055],[129.594,-7.924],[129.725,-7.796],[129.841,-7.878]]],[[[126.837,-7.726],[126.559,-7.82],[126.466,-7.967],[126.075,-7.884],[125.808,-7.864],[125.948,-7.678],[126.328,-7.696],[126.504,-7.59],[126.631,-7.599],[126.837,-7.726]]],[[[138.939,-7.542],[139.046,-7.562],[138.983,-7.83],[138.891,-7.898],[138.904,-8.076],[138.818,-8.093],[138.661,-8.169],[138.444,-8.379],[137.637,-8.389],[137.759,-8.073],[138.028,-7.61],[138.244,-7.456],[138.621,-7.365],[138.805,-7.374],[138.939,-7.542]]],[[[131.699,-7.227],[131.699,-7.414],[131.643,-7.599],[131.39,-7.847],[131.361,-7.947],[131.116,-8.001],[131.09,-7.849],[131.255,-7.472],[131.361,-7.428],[131.529,-7.17],[131.699,-7.227]]],[[[114.046,-6.915],[113.833,-7.132],[113.665,-7.11],[113.472,-7.222],[113.128,-7.231],[112.726,-7.159],[112.701,-7.033],[112.915,-6.892],[113.924,-6.865],[114.046,-6.915]]],[[[134.484,-6.576],[134.311,-6.859],[134.185,-6.919],[134.055,-6.775],[134.136,-6.177],[134.45,-6.441],[134.484,-6.576]]],[[[134.758,-6.158],[134.702,-6.322],[134.608,-6.37],[134.334,-6.221],[134.276,-6.084],[134.36,-5.85],[134.318,-5.773],[134.491,-5.448],[134.628,-5.445],[134.758,-5.671],[134.724,-5.918],[134.758,-6.158]]],[[[133.184,-5.31],[133.113,-5.596],[133.023,-5.549],[133.11,-5.311],[133.184,-5.31]]],[[[122.067,-5.215],[122.053,-5.432],[121.968,-5.468],[121.807,-5.26],[121.88,-5.072],[121.983,-5.079],[122.067,-5.215]]],[[[122.78,-4.917],[122.604,-5.16],[122.647,-5.345],[122.543,-5.429],[122.407,-5.353],[122.29,-5.381],[122.342,-5.109],[122.403,-5.062],[122.327,-4.835],[122.405,-4.738],[122.657,-4.624],[122.736,-4.644],[122.78,-4.917]]],[[[123.15,-5.225],[123.213,-5.302],[123.066,-5.418],[122.978,-5.394],[122.828,-5.676],[122.638,-5.662],[122.567,-5.507],[122.763,-5.208],[122.855,-4.818],[122.848,-4.649],[122.909,-4.475],[123.02,-4.39],[123.204,-4.612],[123.046,-4.753],[122.984,-5.088],[123.15,-5.225]]],[[[123.204,-3.993],[123.253,-4.09],[123.169,-4.221],[123.045,-4.21],[122.951,-4.047],[123.016,-3.981],[123.204,-3.993]]],[[[128.331,-3.512],[128.335,-3.627],[128.127,-3.749],[127.916,-3.694],[128.035,-3.589],[128.331,-3.512]]],[[[127.241,-3.471],[127.243,-3.606],[126.946,-3.766],[126.697,-3.864],[126.174,-3.603],[126.053,-3.446],[125.992,-3.248],[126.091,-3.112],[126.185,-3.181],[126.421,-3.07],[126.72,-3.06],[127.094,-3.201],[127.046,-3.305],[127.26,-3.371],[127.241,-3.471]]],[[[130.873,-3.574],[130.825,-3.824],[130.616,-3.786],[130.435,-3.645],[129.983,-3.46],[129.89,-3.333],[129.545,-3.298],[129.486,-3.463],[129.084,-3.341],[128.877,-3.203],[128.675,-3.375],[128.484,-3.462],[128.282,-3.221],[128.067,-3.197],[128.032,-3.358],[127.933,-3.39],[127.865,-3.156],[128.008,-3.074],[128.175,-2.857],[128.865,-2.862],[129.053,-2.804],[129.122,-2.958],[129.444,-2.785],[129.612,-2.807],[130.047,-2.992],[130.389,-2.994],[130.588,-3.129],[130.667,-3.404],[130.793,-3.416],[130.873,-3.574]]],[[[108.294,-2.848],[108.188,-3.137],[107.966,-3.151],[107.888,-3.087],[107.753,-3.198],[107.581,-3.011],[107.594,-2.786],[107.67,-2.561],[108.067,-2.594],[108.198,-2.678],[108.294,-2.848]]],[[[126.329,-1.819],[126.272,-1.867],[125.438,-1.933],[125.347,-1.811],[125.703,-1.819],[125.993,-1.786],[126.329,-1.819]]],[[[130.386,-1.888],[130.256,-2.046],[129.926,-2.004],[129.745,-1.863],[130.012,-1.75],[130.352,-1.741],[130.386,-1.888]]],[[[125.315,-1.779],[125.322,-1.864],[124.853,-1.897],[124.543,-2.007],[124.431,-2.012],[124.336,-1.888],[124.385,-1.668],[124.633,-1.631],[125.023,-1.723],[125.185,-1.704],[125.315,-1.779]]],[[[136.848,-1.765],[136.645,-1.876],[136.232,-1.902],[135.718,-1.703],[135.484,-1.675],[135.477,-1.59],[135.897,-1.648],[136.191,-1.654],[136.39,-1.726],[136.848,-1.765]]],[[[106.769,-2.56],[106.675,-2.7],[106.613,-2.943],[106.707,-3.094],[106.532,-3.106],[106.447,-2.981],[105.987,-2.821],[105.902,-2.629],[105.944,-2.499],[105.829,-2.395],[105.796,-2.172],[105.566,-2.067],[105.298,-2.132],[105.147,-2.08],[105.154,-1.936],[105.376,-1.822],[105.35,-1.649],[105.46,-1.563],[105.876,-1.489],[106.034,-1.576],[106.035,-1.678],[106.175,-1.879],[106.163,-2.007],[106.264,-2.351],[106.354,-2.463],[106.769,-2.56]]],[[[128.145,-1.594],[128.052,-1.715],[127.703,-1.69],[127.533,-1.731],[127.379,-1.632],[127.404,-1.492],[127.625,-1.33],[127.899,-1.427],[128.145,-1.594]]],[[[123.503,-1.264],[123.529,-1.433],[123.408,-1.517],[123.327,-1.421],[123.185,-1.486],[123.095,-1.346],[122.993,-1.509],[122.874,-1.585],[122.812,-1.444],[122.899,-1.184],[123.201,-1.155],[123.503,-1.264]]],[[[134.998,-1.019],[134.878,-1.131],[134.8,-1.028],[134.878,-0.936],[134.998,-1.019]]],[[[131.057,-1.001],[131.073,-1.078],[130.983,-1.349],[130.758,-1.238],[130.681,-0.957],[130.913,-0.894],[131.057,-1.001]]],[[[136.376,-1.094],[136.143,-1.223],[135.828,-1.108],[135.781,-0.873],[135.641,-0.882],[135.37,-0.653],[135.847,-0.696],[136.046,-0.853],[136.196,-1.067],[136.376,-1.094]]],[[[104.549,-0.398],[104.522,-0.597],[104.256,-0.476],[104.325,-0.365],[104.47,-0.332],[104.549,-0.398]]],[[[127.889,-0.765],[127.749,-0.885],[127.626,-0.752],[127.458,-0.816],[127.399,-0.62],[127.303,-0.511],[127.317,-0.34],[127.461,-0.407],[127.532,-0.305],[127.683,-0.46],[127.618,-0.573],[127.666,-0.716],[127.79,-0.69],[127.889,-0.765]]],[[[127.235,-0.49],[127.102,-0.438],[127.11,-0.288],[127.235,-0.252],[127.235,-0.49]]],[[[131.298,-0.237],[131.158,-0.333],[130.952,-0.346],[130.733,-0.442],[130.681,-0.34],[130.455,-0.271],[130.348,-0.122],[130.499,-0.063],[130.825,-0.004],[131.154,-0.086],[131.298,-0.237]]],[[[104.929,-0.237],[104.671,-0.212],[104.524,-0.266],[104.525,-0.008],[104.62,-0.004],[104.766,-0.188],[104.929,-0.237]]],[[[97.928,0.996],[97.883,0.643],[97.704,0.573],[97.614,0.824],[97.389,0.952],[97.247,1.267],[97.236,1.417],[97.35,1.545],[97.486,1.477],[97.694,1.186],[97.928,0.996]]],[[[127.666,-0.209],[127.714,0.277],[127.572,0.422],[127.527,0.561],[127.555,0.74],[127.492,1.055],[127.406,1.23],[127.541,1.476],[127.581,1.752],[127.69,1.925],[127.954,2.196],[128.05,2.148],[127.865,1.929],[127.852,1.825],[128.015,1.719],[128.035,1.538],[127.974,1.298],[127.891,1.152],[127.638,1.001],[127.645,0.902],[127.796,0.799],[127.928,0.885],[127.994,1.083],[128.161,1.132],[128.142,1.301],[128.205,1.39],[128.46,1.545],[128.719,1.571],[128.741,1.405],[128.701,1.071],[128.315,0.902],[128.219,0.758],[128.313,0.668],[128.684,0.542],[128.704,0.332],[128.475,0.387],[128.262,0.391],[128.152,0.456],[127.91,0.438],[127.892,-0.017],[128.035,-0.396],[128.228,-0.71],[128.049,-0.713],[127.851,-0.365],[127.666,-0.209]]],[[[128.686,2.484],[128.567,2.11],[128.345,2.04],[128.246,2.106],[128.197,2.266],[128.321,2.459],[128.467,2.594],[128.596,2.609],[128.686,2.484]]],[[[126.871,4.331],[126.81,4.037],[126.665,4.034],[126.734,4.536],[126.885,4.457],[126.871,4.331]]]]},"properties":{"id":"indonesia"}},{"type":"Feature","geometry":{"type":"MultiPolygon","coordinates":[[[[117.704,4.163],[117.785,4.247],[117.907,4.157],[117.704,4.163]]],[[[102.073,6.258],[102.316,6.19],[102.5,5.897],[103.12,5.381],[103.443,4.817],[103.494,4.337],[103.395,4.116],[103.438,3.975],[103.339,3.758],[103.482,3.512],[103.428,3.367],[103.435,2.962],[103.474,2.851],[103.638,2.672],[103.767,2.624],[103.942,2.347],[103.976,2.192],[104.121,1.954],[104.255,1.638],[104.295,1.447],[104.219,1.346],[103.84,1.477],[103.681,1.442],[103.516,1.27],[103.367,1.538],[102.804,1.86],[102.699,1.859],[102.489,2.093],[102.188,2.216],[101.989,2.395],[101.858,2.419],[101.783,2.576],[101.542,2.661],[101.283,2.911],[101.373,3.002],[101.298,3.275],[101.198,3.359],[101.041,3.622],[100.721,3.868],[100.776,4.086],[100.633,4.155],[100.565,4.319],[100.633,4.533],[100.577,4.854],[100.454,4.909],[100.365,5.084],[100.431,5.191],[100.344,5.669],[100.349,6.013],[100.127,6.442],[100.164,6.684],[100.281,6.689],[100.349,6.541],[100.806,6.415],[100.822,6.26],[101.082,6.246],[101.071,5.92],[100.967,5.781],[101.105,5.638],[101.249,5.787],[101.535,5.906],[101.65,5.783],[101.8,5.74],[101.913,5.859],[101.959,6.012],[102.06,6.095],[102.073,6.258]]],[[[115.146,4.909],[115.358,4.903],[115.548,5.056],[115.573,5.17],[115.36,5.32],[115.55,5.54],[115.818,5.533],[115.92,5.747],[116.051,5.842],[116.201,6.218],[116.503,6.495],[116.645,6.717],[116.746,7.01],[116.974,6.708],[117.029,6.91],[117.144,7.004],[117.296,6.636],[117.442,6.553],[117.641,6.522],[117.744,6.39],[117.64,5.903],[117.884,5.955],[118.017,6.061],[118.125,5.864],[117.938,5.815],[117.952,5.694],[118.134,5.69],[118.176,5.805],[118.411,5.796],[118.737,5.548],[118.936,5.434],[119.189,5.451],[119.274,5.361],[119.267,5.201],[119.156,5.106],[118.681,4.944],[118.509,4.931],[118.357,5.039],[118.136,4.882],[118.219,4.756],[118.398,4.611],[118.6,4.519],[118.543,4.36],[118.137,4.299],[118.005,4.232],[117.808,4.334],[117.654,4.272],[117.567,4.16],[117.413,4.2],[117.225,4.347],[116.804,4.33],[116.712,4.367],[116.422,4.292],[116.311,4.383],[116.126,4.379],[115.817,4.281],[115.647,4.169],[115.544,3.629],[115.601,3.43],[115.518,3.357],[115.464,3.031],[115.208,2.981],[115.067,2.828],[115.056,2.609],[115.204,2.528],[114.752,2.154],[114.832,1.903],[114.709,1.862],[114.65,1.641],[114.501,1.436],[114.398,1.504],[114.16,1.425],[113.91,1.442],[113.65,1.233],[113.524,1.314],[113.398,1.294],[113.089,1.431],[113.023,1.537],[112.47,1.568],[112.18,1.449],[112.1,1.155],[111.91,1.114],[111.823,1.008],[111.352,1.014],[111.198,1.075],[110.88,1.011],[110.758,0.915],[110.554,0.851],[110.257,1.039],[110.17,1.174],[110.052,1.215],[109.933,1.379],[109.843,1.403],[109.677,1.573],[109.647,1.762],[109.528,1.89],[109.645,2.083],[109.664,1.915],[109.928,1.692],[110.399,1.697],[110.536,1.597],[110.84,1.566],[110.968,1.503],[111.211,2.074],[111.185,2.254],[111.255,2.419],[111.365,2.341],[111.448,2.372],[111.405,2.484],[111.44,2.68],[111.67,2.843],[112.014,2.886],[112.974,3.144],[113.278,3.484],[113.434,3.753],[113.737,4.001],[113.947,4.274],[113.999,4.601],[114.246,4.481],[114.297,4.317],[114.42,4.26],[114.628,4.017],[114.767,4.132],[114.836,4.357],[114.752,4.739],[114.982,4.889],[115.03,4.821],[115.092,4.405],[115.324,4.315],[115.273,4.637],[115.146,4.909]]],[[[111.411,2.391],[111.308,2.452],[111.299,2.703],[111.381,2.698],[111.411,2.391]]],[[[117.171,7.343],[117.23,7.192],[117.064,7.127],[117.064,7.271],[117.171,7.343]]]]},"properties":{"id":"malaysia"}},{"type":"Feature","geometry":{"type":"MultiPolygon","coordinates":[[[[-69.51,-17.507],[-69.476,-17.652],[-69.359,-17.759],[-69.302,-17.976],[-69.141,-18.031],[-69.034,-18.478],[-69.043,-18.6],[-68.955,-18.857],[-68.99,-18.946],[-68.663,-19.274],[-68.493,-19.377],[-68.496,-19.458],[-68.698,-19.746],[-68.561,-19.844],[-68.588,-20.056],[-68.776,-20.09],[-68.679,-20.329],[-68.686,-20.517],[-68.482,-20.643],[-68.572,-20.872],[-68.416,-20.96],[-68.208,-21.284],[-68.198,-21.572],[-68.128,-21.712],[-68.096,-21.954],[-67.99,-22.058],[-67.945,-22.354],[-67.859,-22.567],[-67.876,-22.834],[-67.771,-22.889],[-67.547,-22.893],[-67.194,-22.822],[-67.014,-23.001],[-67.34,-24.001],[-67.362,-24.03],[-68.244,-24.385],[-68.504,-24.612],[-68.572,-24.77],[-68.367,-25.103],[-68.516,-25.184],[-68.606,-25.437],[-68.498,-25.755],[-68.42,-26.179],[-68.575,-26.304],[-68.57,-26.551],[-68.32,-26.87],[-68.338,-27.046],[-68.586,-27.163],[-68.801,-27.113],[-68.931,-27.395],[-69.01,-27.449],[-69.173,-27.924],[-69.291,-27.989],[-69.42,-28.213],[-69.653,-28.398],[-69.741,-28.641],[-69.736,-28.812],[-69.804,-29.099],[-69.911,-29.143],[-70.043,-29.363],[-69.929,-29.718],[-69.922,-29.94],[-69.976,-30.059],[-69.85,-30.127],[-69.903,-30.313],[-70.217,-30.515],[-70.319,-30.801],[-70.34,-31.042],[-70.536,-31.173],[-70.591,-31.55],[-70.428,-31.87],[-70.242,-31.961],[-70.335,-32.14],[-70.322,-32.28],[-70.172,-32.465],[-70.14,-32.768],[-70,-32.877],[-70.111,-33.038],[-70.101,-33.187],[-69.905,-33.238],[-69.788,-33.379],[-69.879,-33.558],[-69.907,-33.76],[-69.833,-34.243],[-70.04,-34.277],[-70.059,-34.396],[-70.228,-34.585],[-70.354,-34.953],[-70.387,-35.167],[-70.543,-35.209],[-70.408,-35.506],[-70.42,-35.868],[-70.38,-36.046],[-70.703,-36.26],[-70.719,-36.415],[-70.89,-36.4],[-71.043,-36.484],[-71.055,-36.671],[-71.192,-36.858],[-71.123,-37.443],[-71.185,-37.706],[-71.01,-38.066],[-70.974,-38.425],[-70.849,-38.528],[-70.879,-38.695],[-71.228,-38.809],[-71.416,-38.935],[-71.402,-39.236],[-71.542,-39.532],[-71.714,-39.601],[-71.625,-39.931],[-71.684,-40.099],[-71.824,-40.21],[-71.678,-40.34],[-71.804,-40.426],[-71.853,-40.616],[-71.956,-40.72],[-71.851,-40.938],[-71.904,-41.368],[-71.853,-41.567],[-71.926,-41.623],[-71.794,-41.867],[-71.736,-42.084],[-72.125,-42.263],[-72.042,-42.491],[-72.148,-42.593],[-72.113,-42.864],[-72.149,-42.999],[-72.01,-43.12],[-71.743,-43.19],[-71.902,-43.322],[-71.937,-43.457],[-71.714,-43.602],[-71.819,-43.758],[-71.66,-43.926],[-71.812,-44.188],[-71.822,-44.403],[-71.235,-44.424],[-71.123,-44.53],[-71.263,-44.777],[-71.457,-44.752],[-71.855,-44.791],[-72.048,-44.755],[-72.081,-44.887],[-71.589,-44.978],[-71.312,-45.299],[-71.508,-45.408],[-71.489,-45.499],[-71.765,-45.572],[-71.799,-45.74],[-71.612,-45.971],[-71.77,-46.113],[-71.762,-46.358],[-71.687,-46.69],[-71.934,-46.8],[-72.01,-47.198],[-72.171,-47.408],[-72.329,-47.426],[-72.344,-47.602],[-72.544,-47.915],[-72.343,-48.07],[-72.326,-48.286],[-72.577,-48.452],[-72.592,-48.791],[-72.743,-48.914],[-73.079,-49.059],[-73.098,-49.273],[-73.458,-49.308],[-73.587,-49.53],[-73.465,-49.76],[-73.573,-49.932],[-73.531,-50.141],[-73.323,-50.268],[-73.262,-50.557],[-73.096,-50.771],[-72.778,-50.62],[-72.506,-50.601],[-72.303,-50.649],[-72.258,-51.231],[-72.352,-51.583],[-72.281,-51.701],[-71.958,-51.868],[-71.918,-51.99],[-69.953,-52.007],[-69.485,-52.132],[-69.212,-52.138],[-68.449,-52.347],[-68.898,-52.304],[-69.235,-52.203],[-69.482,-52.29],[-69.672,-52.531],[-69.847,-52.487],[-70.518,-52.723],[-70.802,-52.749],[-70.817,-52.992],[-70.993,-53.383],[-70.974,-53.756],[-71.229,-53.875],[-71.645,-53.824],[-71.992,-53.678],[-72.114,-53.684],[-72.398,-53.479],[-72.419,-53.317],[-72.282,-53.243],[-71.835,-53.252],[-71.36,-53.116],[-71.199,-52.924],[-71.249,-52.789],[-71.906,-53.011],[-72.014,-53.119],[-72.467,-53.283],[-72.523,-53.544],[-73.199,-53.241],[-72.94,-53.166],[-72.891,-53.057],[-72.96,-52.825],[-72.612,-52.742],[-72.562,-52.834],[-72.161,-52.652],[-71.851,-52.695],[-71.572,-52.561],[-72.31,-52.517],[-72.414,-52.649],[-72.68,-52.663],[-72.86,-52.789],[-73.016,-52.842],[-72.954,-52.893],[-72.954,-53.024],[-73.327,-53.071],[-73.383,-52.845],[-73.269,-52.674],[-73.688,-52.598],[-73.531,-52.457],[-73.581,-52.208],[-73.432,-52.153],[-73.303,-52.222],[-73.216,-52.125],[-72.988,-52.069],[-72.865,-51.955],[-72.453,-51.913],[-72.578,-51.796],[-73.145,-51.94],[-73.177,-52.081],[-73.316,-52.166],[-73.581,-52.022],[-73.599,-51.823],[-73.904,-51.612],[-73.934,-51.399],[-73.783,-51.235],[-74.136,-51.177],[-74.256,-50.939],[-74.126,-50.762],[-74.297,-50.481],[-74.695,-50.183],[-74.574,-50.099],[-74.251,-50.081],[-74.349,-49.806],[-74.241,-49.528],[-74.424,-49.371],[-74.405,-48.962],[-74.453,-48.831],[-74.392,-48.599],[-74.206,-48.475],[-74.318,-48.212],[-74.625,-48.004],[-74.427,-47.98],[-73.891,-48.022],[-73.601,-48.13],[-73.71,-47.776],[-73.924,-47.843],[-74.074,-47.773],[-74.628,-47.768],[-74.612,-47.568],[-74.42,-47.563],[-74.407,-47.342],[-74.325,-47.219],[-74.139,-47.222],[-73.947,-47.048],[-74.119,-46.988],[-74.267,-46.782],[-74.651,-46.788],[-74.681,-46.884],[-75.083,-46.641],[-75.437,-46.65],[-75.353,-46.901],[-75.552,-46.948],[-75.707,-46.787],[-75.705,-46.639],[-75.517,-46.554],[-75.091,-46.216],[-74.962,-46.23],[-74.713,-45.984],[-74.647,-45.816],[-74.156,-45.797],[-73.971,-46.084],[-73.77,-46.235],[-73.794,-46.362],[-73.989,-46.56],[-73.852,-46.595],[-73.691,-46.373],[-73.661,-45.976],[-73.517,-45.46],[-73.328,-45.341],[-73.461,-45.266],[-73.304,-45.145],[-73.348,-44.958],[-73.117,-44.948],[-72.728,-44.759],[-72.687,-44.488],[-73.16,-44.26],[-73.278,-44.11],[-73.02,-43.808],[-72.973,-43.621],[-73.111,-43.461],[-73.085,-43.316],[-72.912,-43.235],[-72.934,-43.098],[-72.757,-43.035],[-72.842,-42.838],[-72.824,-42.504],[-72.68,-42.504],[-72.81,-42.243],[-72.62,-42.185],[-72.488,-42.065],[-72.737,-42.014],[-72.888,-41.917],[-72.645,-41.723],[-72.752,-41.548],[-72.957,-41.484],[-73.112,-41.586],[-73.059,-41.697],[-73.201,-41.785],[-73.515,-41.804],[-73.735,-41.754],[-73.947,-40.973],[-73.841,-40.667],[-73.728,-40.544],[-73.781,-40.437],[-73.683,-39.942],[-73.416,-39.843],[-73.406,-39.695],[-73.224,-39.417],[-73.235,-39.249],[-73.543,-38.421],[-73.463,-38.092],[-73.503,-37.933],[-73.667,-37.726],[-73.604,-37.512],[-73.672,-37.363],[-73.608,-37.155],[-73.467,-37.235],[-73.209,-37.16],[-73.145,-36.834],[-73.002,-36.714],[-72.824,-36.265],[-72.78,-35.953],[-72.598,-35.81],[-72.647,-35.567],[-72.539,-35.499],[-72.398,-35.233],[-72.213,-35.081],[-72.188,-34.886],[-72.057,-34.659],[-72.027,-34.163],[-71.817,-33.787],[-71.688,-33.721],[-71.641,-33.501],[-71.72,-33.168],[-71.582,-33.017],[-71.446,-32.643],[-71.412,-32.37],[-71.544,-32.193],[-71.515,-31.775],[-71.668,-31.15],[-71.655,-30.976],[-71.713,-30.615],[-71.639,-30.252],[-71.518,-30.279],[-71.287,-29.91],[-71.324,-29.787],[-71.307,-29.421],[-71.494,-29.193],[-71.522,-28.94],[-71.302,-28.675],[-71.27,-28.486],[-71.174,-28.361],[-71.138,-27.946],[-71.039,-27.666],[-70.912,-27.622],[-70.96,-27.161],[-70.789,-26.996],[-70.823,-26.887],[-70.732,-26.749],[-70.699,-26.393],[-70.631,-26.01],[-70.71,-25.835],[-70.651,-25.541],[-70.445,-25.345],[-70.473,-24.975],[-70.576,-24.732],[-70.583,-24.525],[-70.5,-24.097],[-70.499,-23.785],[-70.405,-23.651],[-70.413,-23.511],[-70.585,-23.424],[-70.562,-23.06],[-70.425,-23.089],[-70.337,-23.003],[-70.27,-22.62],[-70.213,-22.083],[-70.15,-21.862],[-70.152,-21.665],[-70.059,-21.433],[-70.08,-21.233],[-70.168,-20.997],[-70.206,-20.739],[-70.187,-20.354],[-70.123,-20.072],[-70.151,-19.719],[-70.288,-19.301],[-70.277,-19.109],[-70.357,-18.773],[-70.304,-18.445],[-70.395,-18.338],[-70.134,-18.319],[-69.97,-18.251],[-69.783,-17.982],[-69.858,-17.734],[-69.684,-17.656],[-69.51,-17.507]]],[[[-68.642,-54.799],[-68.654,-54.886],[-69.067,-54.949],[-69.795,-54.788],[-70.24,-54.858],[-71.688,-54.606],[-71.514,-54.434],[-71.011,-54.449],[-70.86,-54.318],[-70.933,-54.114],[-70.322,-54.325],[-70.055,-54.25],[-70.057,-54.087],[-70.185,-53.811],[-69.916,-53.661],[-69.651,-53.636],[-69.361,-53.522],[-69.353,-53.356],[-69.675,-53.358],[-70.257,-53.461],[-70.474,-53.309],[-70.419,-53.012],[-70.243,-53.062],[-70.001,-52.842],[-69.734,-52.774],[-69.591,-52.642],[-69.584,-52.51],[-69.374,-52.47],[-69.14,-52.684],[-68.746,-52.557],[-68.628,-52.64],[-68.637,-53.979],[-68.642,-54.783],[-68.642,-54.799]]],[[[-67.999,-55.628],[-68.253,-55.525],[-68.603,-55.462],[-68.853,-55.51],[-68.967,-55.43],[-68.856,-55.258],[-69.272,-55.213],[-69.299,-55.49],[-69.437,-55.491],[-69.848,-55.258],[-69.886,-55.064],[-69.32,-54.993],[-68.834,-54.982],[-68.527,-54.928],[-68.328,-55.046],[-68.383,-55.185],[-68.24,-55.399],[-67.999,-55.628]]],[[[-67.883,-55.244],[-68.082,-55.233],[-68.186,-54.978],[-67.942,-54.905],[-67.302,-54.929],[-67.062,-55.072],[-67.271,-55.307],[-67.423,-55.216],[-67.883,-55.244]]],[[[-70.295,-55.082],[-70.716,-55.123],[-71.013,-54.965],[-70.51,-54.988],[-70.295,-55.082]]],[[[-69.904,-54.997],[-69.671,-54.866],[-69.164,-54.956],[-69.776,-55.035],[-69.904,-54.997]]],[[[-71.631,-54.079],[-71.631,-53.955],[-71.302,-53.991],[-71.215,-54.15],[-70.99,-54.266],[-71.208,-54.369],[-71.631,-54.079]]],[[[-72.015,-54.202],[-72.228,-54.058],[-71.995,-53.866],[-71.727,-53.899],[-71.713,-54.148],[-72.015,-54.202]]],[[[-70.455,-53.612],[-70.452,-53.887],[-70.336,-54.007],[-70.823,-54.114],[-70.901,-53.874],[-70.713,-53.701],[-70.455,-53.612]]],[[[-72.53,-54.075],[-72.817,-54.127],[-72.934,-54.058],[-72.897,-53.867],[-73.274,-53.984],[-73.362,-53.713],[-73.616,-53.652],[-73.387,-53.462],[-72.656,-53.537],[-72.397,-53.633],[-72.153,-53.796],[-72.344,-53.91],[-72.33,-54.035],[-72.53,-54.075]]],[[[-73.207,-53.318],[-73.56,-53.324],[-73.683,-53.108],[-73.435,-53.14],[-73.207,-53.318]]],[[[-73.837,-52.701],[-74.128,-52.666],[-73.895,-52.408],[-73.678,-52.473],[-73.837,-52.701]]],[[[-74.386,-50.981],[-74.893,-51.049],[-74.879,-50.886],[-74.386,-50.981]]],[[[-74.31,-50.834],[-74.581,-50.634],[-74.383,-50.456],[-74.186,-50.833],[-74.31,-50.834]]],[[[-75.041,-50.289],[-75.325,-50.002],[-74.869,-50.158],[-75.041,-50.289]]],[[[-75.215,-49.015],[-75.544,-48.987],[-75.523,-48.835],[-75.306,-48.865],[-75.215,-49.015]]],[[[-75.198,-49.771],[-75.427,-49.279],[-74.93,-49.314],[-74.805,-49.104],[-75.052,-48.857],[-74.985,-48.759],[-74.697,-48.68],[-74.526,-48.723],[-74.448,-49.322],[-74.536,-49.508],[-74.423,-49.673],[-74.485,-49.953],[-74.661,-50.051],[-74.868,-50.016],[-74.962,-49.785],[-75.198,-49.771]]],[[[-75.328,-48.552],[-75.626,-48.632],[-75.656,-48.485],[-75.451,-48.429],[-75.341,-48.458],[-75.328,-48.552]]],[[[-74.499,-48.583],[-74.607,-48.694],[-75.011,-48.587],[-74.946,-48.418],[-74.597,-48.356],[-74.499,-48.583]]],[[[-75.161,-48.298],[-75.256,-48.069],[-74.828,-48.145],[-74.837,-48.345],[-75.031,-48.444],[-75.161,-48.298]]],[[[-75.15,-48.658],[-75.321,-48.492],[-75.271,-48.418],[-75.46,-48.417],[-75.555,-48.379],[-75.585,-48.086],[-75.378,-48.008],[-75.071,-48.596],[-75.15,-48.658]]],[[[-74.414,-47.938],[-74.245,-47.806],[-73.931,-47.88],[-74.318,-47.981],[-74.414,-47.938]]],[[[-74.753,-45.808],[-74.77,-45.999],[-74.92,-46.104],[-75.074,-46.094],[-75.068,-45.862],[-74.753,-45.808]]],[[[-74.503,-45.732],[-74.421,-45.454],[-74.294,-45.479],[-74.208,-45.636],[-74.503,-45.732]]],[[[-73.732,-45.215],[-74.007,-45.232],[-74.207,-45.043],[-73.915,-44.995],[-73.715,-45.114],[-73.732,-45.215]]],[[[-73.927,-44.629],[-74.012,-44.716],[-74.28,-44.804],[-74.401,-44.626],[-73.927,-44.629]]],[[[-73.382,-44.588],[-73.002,-44.361],[-72.721,-44.528],[-72.838,-44.71],[-73.257,-44.94],[-73.468,-44.643],[-73.382,-44.588]]],[[[-74.335,-43.282],[-74.338,-43.1],[-74.23,-43.023],[-74.128,-42.641],[-74.19,-42.432],[-74.059,-41.988],[-73.691,-41.809],[-73.537,-41.84],[-73.489,-42.146],[-73.374,-42.257],[-73.682,-42.37],[-73.809,-42.609],[-73.517,-42.789],[-73.654,-42.929],[-73.49,-43.1],[-73.721,-43.142],[-73.682,-43.381],[-73.877,-43.422],[-74.335,-43.282]]]]},"properties":{"id":"chile"}},{"type":"Feature","geometry":{"type":"Polygon","coordinates":[[[-69.51,-17.507],[-69.523,-17.369],[-69.664,-17.289],[-69.623,-17.186],[-69.427,-17.087],[-69.192,-16.743],[-69.037,-16.67],[-69.037,-16.471],[-68.856,-16.363],[-68.982,-16.21],[-69.145,-16.223],[-69.22,-16.153],[-69.424,-15.656],[-69.297,-15.367],[-69.148,-15.233],[-69.391,-14.964],[-69.361,-14.788],[-69.268,-14.751],[-69.247,-14.594],[-68.99,-14.379],[-69.016,-14.263],[-68.884,-14.211],[-68.983,-13.972],[-69.044,-13.648],[-68.974,-13.479],[-68.981,-12.868],[-68.684,-12.502],[-69.027,-11.907],[-69.578,-10.952],[-69.396,-10.935],[-68.884,-11.016],[-68.787,-11.126],[-68.616,-11.112],[-68.293,-10.979],[-68.112,-10.714],[-68.01,-10.66],[-67.722,-10.705],[-67.585,-10.502],[-67.301,-10.315],[-67.172,-10.32],[-66.903,-10.093],[-66.632,-9.904],[-66.453,-9.889],[-66.102,-9.787],[-65.71,-9.756],[-65.579,-9.833],[-65.452,-9.681],[-65.304,-9.826],[-65.333,-10.008],[-65.288,-10.216],[-65.442,-10.528],[-65.303,-10.991],[-65.395,-11.153],[-65.32,-11.476],[-65.216,-11.53],[-65.196,-11.742],[-65.066,-11.753],[-64.997,-11.996],[-64.793,-12.033],[-64.716,-12.147],[-64.469,-12.261],[-64.396,-12.457],[-63.921,-12.544],[-63.801,-12.455],[-63.496,-12.553],[-63.393,-12.665],[-63.247,-12.701],[-63.075,-12.653],[-62.988,-12.844],[-62.77,-13.01],[-62.493,-13.065],[-62.382,-13.14],[-62.222,-13.121],[-61.814,-13.544],[-61.348,-13.494],[-60.897,-13.553],[-60.473,-13.798],[-60.39,-13.975],[-60.474,-14.117],[-60.292,-14.63],[-60.275,-15.095],[-60.529,-15.144],[-60.238,-15.503],[-60.18,-16.222],[-60.13,-16.273],[-58.465,-16.331],[-58.34,-16.289],[-58.356,-16.51],[-58.48,-16.684],[-58.467,-16.876],[-58.381,-17.267],[-58.01,-17.497],[-57.791,-17.556],[-57.73,-17.846],[-57.551,-18.184],[-57.782,-18.91],[-57.789,-19.059],[-58.125,-19.73],[-57.86,-19.98],[-58.159,-20.165],[-58.175,-19.821],[-59.09,-19.287],[-60.006,-19.298],[-61.761,-19.658],[-61.944,-20.104],[-62.269,-20.553],[-62.276,-21.067],[-62.65,-22.234],[-62.791,-22.113],[-62.804,-22.004],[-63.639,-21.997],[-63.74,-22.051],[-63.948,-22.008],[-64.294,-22.691],[-64.572,-22.343],[-64.587,-22.213],[-65.02,-22.097],[-65.745,-22.114],[-66.094,-21.833],[-66.24,-21.792],[-66.297,-22.05],[-66.377,-22.127],[-66.736,-22.225],[-66.796,-22.435],[-67.033,-22.525],[-67.038,-22.655],[-67.194,-22.822],[-67.547,-22.893],[-67.771,-22.889],[-67.876,-22.834],[-67.859,-22.567],[-67.945,-22.354],[-67.99,-22.058],[-68.096,-21.954],[-68.128,-21.712],[-68.198,-21.572],[-68.208,-21.284],[-68.416,-20.96],[-68.572,-20.872],[-68.482,-20.643],[-68.686,-20.517],[-68.679,-20.329],[-68.776,-20.09],[-68.588,-20.056],[-68.561,-19.844],[-68.698,-19.746],[-68.496,-19.458],[-68.493,-19.377],[-68.663,-19.274],[-68.99,-18.946],[-68.955,-18.857],[-69.043,-18.6],[-69.034,-18.478],[-69.141,-18.031],[-69.302,-17.976],[-69.359,-17.759],[-69.476,-17.652],[-69.51,-17.507]]]},"properties":{"id":"bolivia"}},{"type":"Feature","geometry":{"type":"Polygon","coordinates":[[[-69.51,-17.507],[-69.684,-17.656],[-69.858,-17.734],[-69.783,-17.982],[-69.97,-18.251],[-70.134,-18.319],[-70.395,-18.338],[-70.683,-18.162],[-70.915,-17.947],[-71.087,-17.869],[-71.36,-17.633],[-71.4,-17.4],[-71.515,-17.285],[-71.808,-17.191],[-71.949,-17.073],[-72.293,-16.881],[-72.362,-16.761],[-72.692,-16.661],[-73.305,-16.382],[-73.42,-16.293],[-73.7,-16.221],[-74.033,-16.012],[-74.047,-15.96],[-74.442,-15.798],[-74.463,-15.727],[-74.848,-15.566],[-75.161,-15.393],[-75.241,-15.205],[-75.362,-15.145],[-75.507,-14.918],[-75.931,-14.649],[-75.981,-14.461],[-76.092,-14.373],[-76.149,-14.224],[-76.282,-14.141],[-76.277,-13.945],[-76.181,-13.539],[-76.221,-13.358],[-76.483,-13.036],[-76.516,-12.87],[-76.812,-12.483],[-76.854,-12.303],[-77.017,-12.226],[-77.175,-12.072],[-77.146,-11.932],[-77.211,-11.646],[-77.32,-11.494],[-77.647,-11.292],[-77.595,-11.165],[-77.764,-10.762],[-78.056,-10.348],[-78.235,-9.953],[-78.229,-9.794],[-78.37,-9.615],[-78.427,-9.42],[-78.682,-8.883],[-78.764,-8.775],[-78.759,-8.608],[-78.94,-8.436],[-78.986,-8.217],[-79.3,-7.939],[-79.466,-7.716],[-79.583,-7.464],[-79.613,-7.266],[-79.708,-7.107],[-79.932,-6.883],[-79.965,-6.787],[-80.298,-6.544],[-80.791,-6.3],[-81.101,-6.072],[-81.15,-5.883],[-81.085,-5.8],[-80.94,-5.851],[-80.856,-5.65],[-80.932,-5.464],[-81.198,-5.208],[-81.063,-5.022],[-81.338,-4.678],[-81.329,-4.477],[-81.253,-4.239],[-81.073,-4.097],[-80.868,-3.873],[-80.772,-3.71],[-80.536,-3.505],[-80.341,-3.393],[-80.266,-3.426],[-80.181,-3.908],[-80.305,-4.005],[-80.481,-3.999],[-80.489,-4.396],[-80.408,-4.478],[-80.205,-4.298],[-80.08,-4.309],[-79.796,-4.485],[-79.658,-4.439],[-79.507,-4.532],[-79.451,-4.81],[-79.303,-4.961],[-79.009,-4.96],[-78.9,-4.844],[-78.853,-4.652],[-78.673,-4.551],[-78.682,-4.327],[-78.502,-3.954],[-78.355,-3.446],[-78.196,-3.364],[-77.868,-2.99],[-76.685,-2.574],[-76.091,-2.129],[-75.56,-1.503],[-75.413,-0.924],[-75.227,-0.97],[-75.297,-0.747],[-75.272,-0.526],[-75.406,-0.442],[-75.485,-0.248],[-75.455,-0.161],[-75.283,-0.107],[-75.142,-0.043],[-74.968,-0.19],[-74.825,-0.17],[-74.413,-0.573],[-74.289,-0.943],[-73.914,-1.123],[-73.881,-1.191],[-73.637,-1.255],[-73.497,-1.478],[-73.531,-1.674],[-73.387,-1.761],[-73.186,-1.8],[-73.111,-2.073],[-73.199,-2.194],[-72.943,-2.419],[-72.644,-2.334],[-72.397,-2.447],[-72.161,-2.406],[-71.966,-2.328],[-71.768,-2.142],[-71.456,-2.255],[-71.387,-2.369],[-71.22,-2.342],[-70.993,-2.197],[-70.553,-2.428],[-70.358,-2.487],[-70.236,-2.625],[-70.051,-2.715],[-70.734,-3.782],[-70.464,-3.879],[-70.311,-3.829],[-70.188,-4.029],[-69.965,-4.236],[-70.231,-4.304],[-70.311,-4.171],[-70.43,-4.134],[-70.585,-4.195],[-70.832,-4.179],[-70.969,-4.385],[-71.265,-4.375],[-71.363,-4.459],[-71.907,-4.518],[-72.127,-4.68],[-72.397,-4.806],[-72.404,-4.86],[-72.654,-5.063],[-72.918,-5.132],[-72.897,-5.272],[-72.973,-5.466],[-73.001,-5.709],[-73.14,-5.879],[-73.235,-6.078],[-73.132,-6.435],[-73.199,-6.546],[-73.371,-6.584],[-73.685,-6.812],[-73.765,-6.904],[-73.812,-7.103],[-73.713,-7.305],[-73.979,-7.375],[-73.969,-7.585],[-73.712,-7.788],[-73.779,-7.954],[-73.668,-8.014],[-73.527,-8.372],[-73.371,-8.465],[-73.351,-8.598],[-73.192,-8.704],[-72.976,-8.985],[-72.959,-9.086],[-73.215,-9.409],[-72.813,-9.411],[-72.43,-9.482],[-72.307,-9.541],[-72.265,-9.762],[-72.16,-9.888],[-72.196,-10.006],[-71.391,-10.007],[-71.197,-9.94],[-71.015,-9.817],[-70.875,-9.66],[-70.681,-9.528],[-70.543,-9.727],[-70.638,-9.852],[-70.641,-11.011],[-70.534,-10.938],[-70.437,-11.037],[-70.289,-11.065],[-69.956,-10.919],[-69.578,-10.952],[-69.027,-11.907],[-68.684,-12.502],[-68.981,-12.868],[-68.974,-13.479],[-69.044,-13.648],[-68.983,-13.972],[-68.884,-14.211],[-69.016,-14.263],[-68.99,-14.379],[-69.247,-14.594],[-69.268,-14.751],[-69.361,-14.788],[-69.391,-14.964],[-69.148,-15.233],[-69.297,-15.367],[-69.424,-15.656],[-69.22,-16.153],[-69.145,-16.223],[-68.982,-16.21],[-68.856,-16.363],[-69.037,-16.471],[-69.037,-16.67],[-69.192,-16.743],[-69.427,-17.087],[-69.623,-17.186],[-69.664,-17.289],[-69.523,-17.369],[-69.51,-17.507]]]},"properties":{"id":"peru"}},{"type":"Feature","geometry":{"type":"MultiPolygon","coordinates":[[[[-67.194,-22.822],[-67.038,-22.655],[-67.033,-22.525],[-66.796,-22.435],[-66.736,-22.225],[-66.377,-22.127],[-66.297,-22.05],[-66.24,-21.792],[-66.094,-21.833],[-65.745,-22.114],[-65.02,-22.097],[-64.587,-22.213],[-64.572,-22.343],[-64.294,-22.691],[-63.948,-22.008],[-63.74,-22.051],[-63.639,-21.997],[-62.804,-22.004],[-62.791,-22.113],[-62.65,-22.234],[-62.368,-22.464],[-62.287,-22.484],[-62.171,-22.717],[-61.956,-23.034],[-61.605,-23.289],[-61.492,-23.413],[-61.297,-23.481],[-61.11,-23.607],[-61.016,-23.797],[-60.838,-23.872],[-60.632,-23.892],[-60.328,-24.018],[-60.034,-24.007],[-59.54,-24.309],[-59.341,-24.488],[-59.001,-24.644],[-58.809,-24.777],[-58.473,-24.851],[-58.312,-24.994],[-58.224,-24.941],[-57.754,-25.181],[-57.565,-25.43],[-57.616,-25.609],[-57.754,-25.673],[-57.873,-26.01],[-58.087,-26.127],[-58.206,-26.403],[-58.248,-26.758],[-58.329,-26.884],[-58.46,-26.928],[-58.565,-27.116],[-58.511,-27.278],[-58.054,-27.259],[-57.709,-27.33],[-57.536,-27.407],[-57.387,-27.403],[-57.18,-27.487],[-56.904,-27.419],[-56.772,-27.507],[-56.546,-27.455],[-56.368,-27.581],[-56.28,-27.39],[-56.125,-27.299],[-55.913,-27.328],[-55.755,-27.444],[-55.607,-27.346],[-55.599,-27.183],[-55.431,-26.996],[-54.975,-26.788],[-54.706,-26.442],[-54.638,-26.197],[-54.662,-25.98],[-54.588,-25.811],[-54.6,-25.575],[-54.461,-25.642],[-54.215,-25.531],[-53.91,-25.629],[-53.826,-25.973],[-53.667,-26.219],[-53.724,-26.376],[-53.746,-26.694],[-53.711,-26.874],[-53.819,-27.14],[-54.19,-27.261],[-54.287,-27.428],[-54.465,-27.423],[-54.7,-27.553],[-54.828,-27.545],[-54.907,-27.727],[-55.026,-27.84],[-55.198,-27.861],[-55.441,-28.079],[-55.684,-28.196],[-55.677,-28.374],[-55.842,-28.346],[-55.898,-28.461],[-56.185,-28.744],[-56.416,-29.051],[-56.617,-29.161],[-56.677,-29.313],[-57.094,-29.752],[-57.292,-29.815],[-57.325,-29.981],[-57.612,-30.183],[-57.642,-30.193],[-57.653,-30.329],[-57.85,-30.485],[-57.886,-30.59],[-57.802,-30.773],[-57.905,-31.241],[-58.075,-31.475],[-57.987,-31.554],[-58.049,-31.797],[-58.203,-31.893],[-58.145,-32.018],[-58.187,-32.153],[-58.102,-32.311],[-58.2,-32.445],[-58.2,-32.447],[-58.2,-32.445],[-58.223,-32.534],[-58.147,-33.05],[-58.383,-33.075],[-58.412,-33.298],[-58.522,-33.449],[-58.541,-33.745],[-58.384,-34.066],[-58.379,-34.188],[-58.511,-34.436],[-58.474,-34.522],[-58.155,-34.75],[-57.871,-34.83],[-57.522,-35.013],[-57.249,-35.249],[-57.145,-35.484],[-57.353,-35.728],[-57.393,-35.863],[-57.309,-36.1],[-57.108,-36.282],[-56.929,-36.364],[-56.698,-36.396],[-56.665,-36.851],[-57.056,-37.413],[-57.512,-37.872],[-57.536,-38.084],[-57.686,-38.205],[-58.156,-38.43],[-59.063,-38.694],[-59.889,-38.838],[-60.866,-38.976],[-61.518,-39.011],[-62.027,-38.938],[-62.157,-38.81],[-62.358,-39.102],[-62.195,-39.397],[-62.061,-39.447],[-62.114,-39.821],[-62.311,-39.907],[-62.369,-40.211],[-62.49,-40.308],[-62.415,-40.462],[-62.25,-40.597],[-62.338,-40.873],[-62.729,-41.041],[-63.1,-41.155],[-63.779,-41.159],[-64.062,-40.999],[-64.174,-41.009],[-64.773,-40.806],[-64.947,-40.711],[-65.122,-40.834],[-65.175,-41.01],[-65.061,-41.448],[-64.991,-41.524],[-65,-41.793],[-65.07,-41.986],[-64.857,-42.194],[-64.511,-42.299],[-64.566,-42.436],[-64.128,-42.433],[-64.068,-42.27],[-63.81,-42.07],[-63.59,-42.341],[-63.62,-42.751],[-63.737,-42.825],[-64.108,-42.884],[-64.251,-42.752],[-64.202,-42.635],[-64.438,-42.507],[-64.615,-42.515],[-64.946,-42.654],[-64.997,-42.785],[-64.591,-42.941],[-64.448,-43.069],[-64.765,-43.147],[-65.032,-43.299],[-65.032,-43.378],[-65.334,-43.673],[-65.222,-44.037],[-65.309,-44.2],[-65.217,-44.366],[-65.326,-44.508],[-65.643,-44.668],[-65.715,-44.87],[-65.603,-45.028],[-66.2,-44.993],[-66.468,-45.077],[-66.524,-45.216],[-66.869,-45.236],[-67.065,-45.35],[-67.332,-45.613],[-67.361,-45.777],[-67.548,-45.933],[-67.622,-46.164],[-67.423,-46.567],[-67.13,-46.707],[-66.786,-47.007],[-66.2,-47.09],[-65.98,-47.066],[-65.745,-47.204],[-65.736,-47.51],[-65.846,-47.742],[-65.847,-47.944],[-66.301,-48.252],[-66.468,-48.4],[-66.651,-48.431],[-67.114,-48.674],[-67.198,-48.818],[-67.406,-48.904],[-67.633,-49.13],[-67.732,-49.781],[-67.833,-49.955],[-68.076,-50.087],[-68.342,-50.118],[-68.438,-50.201],[-68.876,-50.331],[-69.077,-50.56],[-69.168,-50.978],[-68.936,-51.646],[-68.685,-52.005],[-68.366,-52.306],[-68.449,-52.347],[-69.212,-52.138],[-69.485,-52.132],[-69.953,-52.007],[-71.918,-51.99],[-71.958,-51.868],[-72.281,-51.701],[-72.352,-51.583],[-72.258,-51.231],[-72.303,-50.649],[-72.506,-50.601],[-72.778,-50.62],[-73.096,-50.771],[-73.262,-50.557],[-73.323,-50.268],[-73.531,-50.141],[-73.573,-49.932],[-73.465,-49.76],[-73.197,-49.682],[-73.06,-49.555],[-73.098,-49.273],[-73.079,-49.059],[-72.743,-48.914],[-72.592,-48.791],[-72.577,-48.452],[-72.326,-48.286],[-72.343,-48.07],[-72.544,-47.915],[-72.344,-47.602],[-72.329,-47.426],[-72.171,-47.408],[-72.01,-47.198],[-71.934,-46.8],[-71.687,-46.69],[-71.762,-46.358],[-71.77,-46.113],[-71.612,-45.971],[-71.799,-45.74],[-71.765,-45.572],[-71.489,-45.499],[-71.508,-45.408],[-71.312,-45.299],[-71.589,-44.978],[-72.081,-44.887],[-72.048,-44.755],[-71.855,-44.791],[-71.457,-44.752],[-71.263,-44.777],[-71.123,-44.53],[-71.235,-44.424],[-71.822,-44.403],[-71.812,-44.188],[-71.66,-43.926],[-71.819,-43.758],[-71.714,-43.602],[-71.937,-43.457],[-71.902,-43.322],[-71.743,-43.19],[-72.01,-43.12],[-72.149,-42.999],[-72.113,-42.864],[-72.148,-42.593],[-72.042,-42.491],[-72.125,-42.263],[-71.736,-42.084],[-71.794,-41.867],[-71.926,-41.623],[-71.853,-41.567],[-71.904,-41.368],[-71.851,-40.938],[-71.956,-40.72],[-71.853,-40.616],[-71.804,-40.426],[-71.678,-40.34],[-71.824,-40.21],[-71.684,-40.099],[-71.625,-39.931],[-71.714,-39.601],[-71.542,-39.532],[-71.402,-39.236],[-71.416,-38.935],[-71.228,-38.809],[-70.879,-38.695],[-70.849,-38.528],[-70.974,-38.425],[-71.01,-38.066],[-71.185,-37.706],[-71.123,-37.443],[-71.192,-36.858],[-71.055,-36.671],[-71.043,-36.484],[-70.89,-36.4],[-70.719,-36.415],[-70.703,-36.26],[-70.38,-36.046],[-70.42,-35.868],[-70.408,-35.506],[-70.543,-35.209],[-70.387,-35.167],[-70.354,-34.953],[-70.228,-34.585],[-70.059,-34.396],[-70.04,-34.277],[-69.833,-34.243],[-69.907,-33.76],[-69.879,-33.558],[-69.788,-33.379],[-69.905,-33.238],[-70.101,-33.187],[-70.111,-33.038],[-70,-32.877],[-70.14,-32.768],[-70.172,-32.465],[-70.322,-32.28],[-70.335,-32.14],[-70.242,-31.961],[-70.428,-31.87],[-70.591,-31.55],[-70.536,-31.173],[-70.34,-31.042],[-70.319,-30.801],[-70.217,-30.515],[-69.903,-30.313],[-69.85,-30.127],[-69.976,-30.059],[-69.922,-29.94],[-69.929,-29.718],[-70.043,-29.363],[-69.911,-29.143],[-69.804,-29.099],[-69.736,-28.812],[-69.741,-28.641],[-69.653,-28.398],[-69.42,-28.213],[-69.291,-27.989],[-69.173,-27.924],[-69.01,-27.449],[-68.931,-27.395],[-68.801,-27.113],[-68.586,-27.163],[-68.338,-27.046],[-68.32,-26.87],[-68.57,-26.551],[-68.575,-26.304],[-68.42,-26.179],[-68.498,-25.755],[-68.606,-25.437],[-68.516,-25.184],[-68.367,-25.103],[-68.572,-24.77],[-68.504,-24.612],[-68.244,-24.385],[-67.362,-24.03],[-67.34,-24.001],[-67.014,-23.001],[-67.194,-22.822]]],[[[-68.642,-54.783],[-68.637,-53.979],[-68.628,-52.64],[-68.266,-52.981],[-68.521,-53.121],[-68.451,-53.298],[-68.111,-53.344],[-67.984,-53.601],[-67.558,-53.836],[-67.572,-53.908],[-67.298,-54.054],[-66.767,-54.25],[-66.482,-54.466],[-65.855,-54.645],[-65.156,-54.641],[-65.332,-54.914],[-65.966,-54.902],[-65.993,-54.972],[-66.541,-55.051],[-67.031,-54.905],[-68.078,-54.846],[-68.52,-54.852],[-68.642,-54.783]]],[[[-63.888,-54.73],[-64.607,-54.901],[-64.759,-54.832],[-64.375,-54.721],[-63.888,-54.73]]]]},"properties":{"id":"argentina"}},{"type":"Feature","geometry":{"type":"Polygon","coordinates":[[[33.781,34.976],[33.702,34.973],[33.679,35.034],[33.907,35.069],[33.892,34.958],[33.782,34.976],[33.781,34.976]]]},"properties":{"id":"dhekelia"}},{"type":"Feature","geometry":{"type":"Polygon","coordinates":[[[33.907,35.069],[33.679,35.034],[33.702,34.973],[33.633,34.852],[33.016,34.634],[32.832,34.701],[32.761,34.653],[32.493,34.707],[32.329,34.886],[32.306,35.001],[32.602,35.179],[32.641,35.187],[32.711,35.182],[32.915,35.201],[32.92,35.398],[33.428,35.329],[33.66,35.359],[34.036,35.471],[34.182,35.554],[34.573,35.644],[33.971,35.321],[33.9,35.164],[34.012,35.064],[33.892,34.958],[33.907,35.069]]]},"properties":{"id":"cyprus"}},{"type":"Feature","geometry":{"type":"MultiPolygon","coordinates":[[[[80.996,30.197],[80.83,30.117],[80.476,29.806],[80.369,29.758],[80.385,29.605],[80.214,29.417],[80.279,29.268],[80.133,29.11],[80.036,28.837],[80.35,28.62],[80.498,28.67],[81,28.397],[81.146,28.372],[81.282,28.192],[81.856,27.851],[82.05,27.906],[82.402,27.677],[82.652,27.704],[82.752,27.495],[83.133,27.444],[83.305,27.332],[83.361,27.462],[83.834,27.434],[84.117,27.513],[84.289,27.376],[84.577,27.329],[84.658,27.203],[84.64,27.028],[84.802,27.014],[85.044,26.844],[85.162,26.851],[85.287,26.737],[85.599,26.854],[85.713,26.653],[85.822,26.572],[86.011,26.654],[86.284,26.612],[86.695,26.418],[86.822,26.438],[87.041,26.58],[87.083,26.432],[87.326,26.353],[87.384,26.419],[87.587,26.378],[87.871,26.461],[88.007,26.37],[88.168,26.725],[88.155,26.846],[87.969,27.111],[88.029,27.298],[88.023,27.495],[88.16,27.774],[88.118,27.861],[88.116,27.947],[88.379,27.983],[88.61,28.106],[88.818,27.995],[88.854,27.844],[88.741,27.546],[88.892,27.316],[88.754,27.213],[88.943,26.914],[89.128,26.813],[89.342,26.854],[89.822,26.701],[90.089,26.742],[90.177,26.832],[90.383,26.892],[90.588,26.78],[91.198,26.802],[91.388,26.858],[91.521,26.798],[91.795,26.854],[92.036,26.855],[92.459,26.905],[92.641,26.969],[92.77,26.881],[93.103,26.864],[93.589,26.928],[93.77,27.028],[93.805,27.168],[94.139,27.449],[94.198,27.543],[94.484,27.595],[94.882,27.736],[95.234,27.906],[95.286,28.075],[95.79,28.257],[95.989,28.163],[96.182,28.216],[96.404,28.163],[96.656,27.958],[97.036,27.788],[97.036,27.743],[96.87,27.619],[96.905,27.408],[97.135,27.127],[96.865,27.172],[96.759,27.342],[96.143,27.258],[96.013,27.191],[95.889,27.027],[95.778,26.995],[95.393,26.692],[95.119,26.604],[95.041,26.476],[95.042,26.288],[95.14,26.03],[95.001,25.922],[95.009,25.737],[94.851,25.563],[94.659,25.456],[94.55,25.245],[94.689,25.139],[94.709,25.026],[94.59,24.747],[94.516,24.705],[94.295,24.333],[94.19,23.995],[94.1,23.843],[93.998,23.917],[93.612,24.009],[93.457,23.96],[93.303,24.041],[93.432,23.647],[93.375,23.13],[93.08,22.773],[93.099,22.512],[93.174,22.269],[93.025,22.113],[92.854,22.024],[92.708,22.148],[92.576,21.978],[92.577,22.169],[92.496,22.696],[92.352,22.96],[92.357,23.289],[92.253,23.609],[92.151,23.732],[91.916,23.65],[91.941,23.495],[91.744,23.272],[91.796,23.089],[91.695,22.988],[91.537,22.982],[91.464,23.184],[91.301,23.142],[91.221,23.478],[91.141,23.612],[91.216,23.908],[91.363,24.1],[91.597,24.105],[91.906,24.261],[91.95,24.375],[92.108,24.406],[92.252,24.903],[92.381,24.837],[92.458,24.953],[92.304,25.074],[92.034,25.182],[91.471,25.134],[91.236,25.202],[90.822,25.142],[90.365,25.15],[89.908,25.297],[89.795,25.374],[89.834,25.635],[89.783,25.814],[89.814,25.996],[89.658,26.208],[89.573,26.161],[89.549,25.969],[89.351,25.997],[89.132,26.134],[89.044,26.381],[88.808,26.233],[88.656,26.415],[88.449,26.353],[88.309,26.206],[88.164,26.14],[88.074,25.908],[88.419,25.654],[88.53,25.5],[88.772,25.502],[88.899,25.169],[88.431,25.173],[88.426,25.051],[88.314,24.868],[88.219,24.935],[88.022,24.646],[88.139,24.495],[88.475,24.315],[88.738,24.287],[88.674,24.083],[88.714,23.925],[88.594,23.867],[88.54,23.65],[88.719,23.468],[88.686,23.293],[88.946,23.174],[88.843,22.965],[88.945,22.848],[88.908,22.741],[89.06,22.13],[88.993,21.913],[89.083,21.617],[88.882,21.672],[88.762,21.556],[88.685,21.697],[88.69,21.946],[88.456,21.624],[88.249,21.558],[88.204,21.805],[88.051,21.985],[87.97,21.836],[87.704,21.656],[87.201,21.552],[86.918,21.327],[86.844,21.082],[87.002,20.719],[86.734,20.462],[86.717,20.287],[86.511,20.197],[86.372,19.965],[86.269,19.91],[85.744,19.766],[85.549,19.691],[85.57,19.876],[85.464,19.903],[85.221,19.736],[85.105,19.515],[85.18,19.475],[84.872,19.22],[84.424,18.636],[84.273,18.524],[84.077,18.272],[83.614,18.045],[83.431,17.854],[83.239,17.593],[82.475,17.206],[82.299,17.03],[82.268,16.867],[82.366,16.812],[82.307,16.58],[81.993,16.408],[81.718,16.312],[81.317,16.367],[81.249,16.32],[81.155,15.986],[80.999,15.847],[80.69,15.901],[80.469,15.835],[80.28,15.701],[80.091,15.305],[80.055,15.014],[80.108,14.714],[80.197,14.565],[80.121,14.242],[80.164,13.988],[80.237,13.84],[80.119,13.501],[80.327,13.43],[80.333,13.198],[80.286,13.068],[80.229,12.675],[80.156,12.475],[79.862,12.022],[79.752,11.577],[79.817,11.443],[79.855,11.16],[79.841,10.95],[79.864,10.379],[79.76,10.258],[79.398,10.325],[79.236,10.167],[79.279,10.036],[78.981,9.667],[78.913,9.474],[78.957,9.275],[78.619,9.141],[78.45,9.117],[78.24,8.966],[78.178,8.861],[78.128,8.488],[78.063,8.373],[77.752,8.174],[77.45,8.087],[77.225,8.184],[76.996,8.368],[76.544,8.913],[76.312,9.493],[76.359,9.915],[76.178,10.171],[76.052,10.514],[75.922,10.766],[75.833,11.098],[75.695,11.42],[75.609,11.485],[75.531,11.694],[75.29,11.981],[75.207,12.012],[74.818,12.862],[74.615,13.836],[74.505,14.01],[74.392,14.419],[74.263,14.702],[74.111,14.78],[73.947,15.161],[73.886,15.435],[73.766,15.497],[73.588,15.903],[73.447,16.069],[73.463,16.16],[73.319,16.51],[73.322,16.692],[73.235,17.302],[73.171,17.39],[73.107,17.786],[72.981,18.081],[72.977,18.295],[72.91,18.368],[72.921,18.555],[72.855,18.681],[72.897,18.894],[72.772,19.265],[72.714,19.746],[72.65,19.842],[72.748,20.28],[72.879,20.512],[72.899,20.732],[72.85,21.048],[72.602,21.278],[72.62,21.487],[72.823,21.644],[72.535,21.673],[72.542,22.157],[72.479,22.233],[72.306,22.23],[72.308,22.079],[72.128,21.984],[72.166,21.794],[72.296,21.654],[72.242,21.481],[72.105,21.315],[72.105,21.205],[71.718,21.032],[71.462,20.885],[70.982,20.71],[70.84,20.702],[70.542,20.808],[70.337,20.927],[70.054,21.153],[69.756,21.49],[69.368,21.856],[69.198,21.98],[68.994,22.204],[68.993,22.432],[69.36,22.329],[69.616,22.356],[69.962,22.535],[70.178,22.562],[70.399,22.946],[70.269,22.959],[69.853,22.864],[69.716,22.747],[69.202,22.852],[68.691,23.131],[68.209,23.663],[68.183,23.842],[68.432,23.967],[68.724,23.965],[68.726,24.289],[68.904,24.321],[69.167,24.253],[69.563,24.277],[69.671,24.189],[69.972,24.165],[70.11,24.305],[70.521,24.425],[70.56,24.287],[70.755,24.231],[70.918,24.362],[70.955,24.585],[71.064,24.683],[70.893,25.002],[70.86,25.139],[70.647,25.431],[70.657,25.634],[70.265,25.697],[70.083,25.93],[70.158,26.53],[70.056,26.589],[69.816,26.58],[69.504,26.735],[69.465,26.808],[69.576,27.188],[69.848,27.41],[70.017,27.601],[70.091,27.794],[70.342,28.011],[70.456,28.04],[70.633,27.932],[70.71,27.741],[70.832,27.701],[71.311,27.862],[71.561,27.869],[71.861,27.95],[71.908,28.136],[72.15,28.354],[72.256,28.646],[72.382,28.784],[72.902,29.023],[73.233,29.537],[73.37,29.927],[73.74,30.048],[73.944,30.188],[73.852,30.373],[74.164,30.665],[74.33,30.9],[74.519,30.962],[74.632,31.108],[74.506,31.175],[74.612,31.44],[74.489,31.711],[74.566,31.841],[74.829,32.025],[74.956,32.032],[75.295,32.149],[75.327,32.312],[75.024,32.466],[74.725,32.461],[74.63,32.588],[74.657,32.745],[74.329,32.776],[74.322,32.972],[74.154,33.04],[74.002,33.178],[74.096,33.328],[74.142,33.549],[73.977,33.648],[74.035,33.829],[74.262,33.93],[74.228,34.013],[73.946,34.01],[73.998,34.197],[73.775,34.371],[73.962,34.668],[74.286,34.769],[75.018,34.63],[75.213,34.645],[75.348,34.557],[75.612,34.498],[75.796,34.508],[76.023,34.677],[76.553,34.726],[76.921,34.921],[77.049,35.11],[76.777,35.646],[77.413,35.469],[77.883,35.431],[78.056,35.453],[78.001,35.269],[78.13,35.055],[78.273,34.659],[78.379,34.579],[78.607,34.546],[78.922,34.372],[78.976,34.217],[78.73,34.079],[78.794,33.744],[78.781,33.553],[78.965,33.344],[79.125,33.29],[79.095,33.055],[79.212,32.92],[79.215,32.508],[78.943,32.346],[78.63,32.578],[78.381,32.528],[78.471,32.141],[78.682,31.951],[78.671,31.771],[78.819,31.607],[78.7,31.51],[78.738,31.335],[78.861,31.28],[78.952,31.108],[79.383,31.078],[79.589,30.94],[79.834,30.962],[80.18,30.559],[80.326,30.547],[80.695,30.412],[80.996,30.197]]],[[[93.92,7.024],[93.89,6.801],[93.814,6.808],[93.65,7.12],[93.814,7.242],[93.92,7.024]]],[[[92.585,10.771],[92.574,10.581],[92.444,10.545],[92.376,10.775],[92.528,10.895],[92.585,10.771]]],[[[93.053,13.284],[92.964,12.865],[92.991,12.519],[92.893,12.215],[92.746,11.997],[92.797,11.865],[92.727,11.506],[92.634,11.583],[92.525,11.851],[92.642,12.036],[92.64,12.136],[92.793,12.208],[92.718,12.362],[92.737,12.807],[92.8,12.858],[92.854,13.146],[92.847,13.345],[92.959,13.55],[93.05,13.566],[93.053,13.284]]]]},"properties":{"id":"india"}},{"type":"Feature","geometry":{"type":"MultiPolygon","coordinates":[[[[76.777,35.646],[76.571,35.751],[76.565,35.865],[76.166,35.806],[76.115,35.942],[75.901,36.114],[76.014,36.23],[75.977,36.463],[75.791,36.688],[75.571,36.767],[75.411,36.747],[75.351,36.916],[75.1,36.994],[74.942,36.977],[74.678,37.052],[74.542,37.022],[74.414,37.108],[74.487,37.226],[74.892,37.231],[75.164,37.401],[74.892,37.599],[74.962,37.758],[74.893,37.994],[74.791,38.081],[74.776,38.511],[74.334,38.667],[74.14,38.669],[73.933,38.53],[73.797,38.603],[73.684,38.855],[73.816,38.994],[73.602,39.236],[73.633,39.448],[73.821,39.468],[73.927,39.593],[73.823,39.806],[73.966,40.033],[74.37,40.106],[74.706,40.331],[74.835,40.512],[75.194,40.441],[75.482,40.614],[75.588,40.612],[75.665,40.306],[75.921,40.309],[76.244,40.441],[76.449,40.416],[76.624,40.628],[76.631,40.729],[76.861,41.013],[77.333,41.021],[77.475,40.982],[77.867,41.064],[78.075,41.04],[78.36,41.287],[78.36,41.378],[78.645,41.524],[79.304,41.788],[79.748,41.88],[79.931,42.023],[80.182,42.021],[80.21,42.19],[80.268,42.238],[80.14,42.623],[80.227,42.791],[80.549,42.878],[80.368,43.028],[80.618,43.134],[80.788,43.128],[80.713,43.459],[80.345,44.103],[80.333,44.417],[80.376,44.671],[80.218,44.818],[79.992,44.794],[79.858,44.904],[80.062,45.019],[80.365,45.043],[80.697,45.144],[80.854,45.126],[81.739,45.338],[81.807,45.189],[81.95,45.144],[82.295,45.228],[82.54,45.124],[82.616,45.435],[82.291,45.533],[82.489,45.902],[82.568,46.197],[82.674,46.331],[82.839,46.732],[82.986,46.943],[83.021,47.206],[83.15,47.212],[83.524,47.067],[83.905,46.974],[84.664,46.984],[84.767,46.818],[84.916,46.851],[85.205,47.034],[85.499,47.052],[85.66,47.207],[85.67,47.384],[85.515,47.92],[85.586,48.141],[85.784,48.408],[86.192,48.418],[86.565,48.527],[86.745,48.704],[86.718,48.913],[86.838,49.094],[87.116,49.13],[87.324,49.085],[87.816,49.166],[87.757,48.92],[87.806,48.801],[88.055,48.673],[88.017,48.54],[88.236,48.493],[88.565,48.343],[88.581,48.212],[89.046,47.993],[89.542,48.031],[89.751,47.824],[90.045,47.88],[90.083,47.756],[90.327,47.623],[90.441,47.493],[90.469,47.309],[90.712,47.015],[90.828,46.982],[91.005,46.74],[91.047,46.566],[90.896,46.302],[91.002,46.022],[90.711,45.752],[90.651,45.493],[90.905,45.186],[91.135,45.198],[91.522,45.077],[92.076,45.069],[92.475,44.997],[92.753,45.038],[93.525,44.951],[93.714,44.875],[93.975,44.66],[94.195,44.654],[94.338,44.512],[94.698,44.343],[95.037,44.255],[95.379,44.287],[95.328,44.007],[95.51,43.979],[95.833,43.409],[95.908,43.215],[96.294,42.933],[96.351,42.741],[97.193,42.787],[98.256,42.683],[99.474,42.564],[100.017,42.677],[101.219,42.53],[101.411,42.545],[101.735,42.461],[102.034,42.185],[103.073,42.005],[103.721,41.756],[104.501,41.871],[104.498,41.666],[104.892,41.645],[105.015,41.596],[105.201,41.743],[105.869,41.993],[106.768,42.287],[108.177,42.454],[108.797,42.398],[108.994,42.45],[109.485,42.449],[109.667,42.549],[110.043,42.636],[110.407,42.769],[110.934,43.288],[111.597,43.523],[111.754,43.663],[111.933,43.697],[111.839,43.939],[111.519,44.189],[111.406,44.416],[111.739,44.966],[112.011,45.087],[112.38,45.071],[112.586,44.924],[113.105,44.794],[113.635,44.746],[113.889,44.908],[114.017,44.927],[114.419,45.201],[114.534,45.386],[114.737,45.425],[114.939,45.374],[115.638,45.444],[116.012,45.679],[116.17,45.709],[116.213,45.908],[116.357,46.106],[116.568,46.291],[116.805,46.383],[117.302,46.35],[117.394,46.571],[117.696,46.512],[118.269,46.723],[118.72,46.677],[118.816,46.758],[119.317,46.612],[119.698,46.595],[119.907,46.718],[119.903,46.842],[119.7,47.16],[119.122,47.539],[119.083,47.662],[118.767,47.756],[118.473,47.989],[118.182,48.028],[117.742,47.978],[117.317,47.654],[117.07,47.81],[116.853,47.872],[116.5,47.836],[116.244,47.863],[115.973,47.709],[115.853,47.706],[115.562,47.933],[115.514,48.132],[115.809,48.274],[115.8,48.53],[116.028,48.767],[116.038,48.87],[116.684,49.823],[117.058,49.673],[117.473,49.614],[117.759,49.513],[118.169,49.671],[118.671,49.962],[119.19,50.007],[119.329,50.108],[119.353,50.346],[119.244,50.446],[119.294,50.599],[119.497,50.737],[119.518,50.905],[119.741,51.072],[120.154,51.664],[120.493,51.876],[120.648,51.911],[120.779,52.118],[120.626,52.347],[120.724,52.542],[120.464,52.636],[120.056,52.601],[120.033,52.761],[120.267,52.858],[120.874,53.28],[121.152,53.275],[121.889,53.431],[122.338,53.491],[122.86,53.474],[123.253,53.568],[123.64,53.551],[123.971,53.455],[124.122,53.353],[124.72,53.149],[125.127,53.207],[125.837,52.907],[126.212,52.533],[126.531,52.153],[126.446,51.983],[126.807,51.534],[126.8,51.419],[126.972,51.324],[126.932,51.064],[127.287,50.751],[127.365,50.555],[127.331,50.328],[127.578,50.221],[127.487,50.026],[127.508,49.822],[127.831,49.594],[128.092,49.542],[128.666,49.609],[128.879,49.48],[129.552,49.29],[129.711,49.274],[129.913,49.04],[130.249,48.865],[130.674,48.871],[130.533,48.636],[130.716,48.499],[130.819,48.282],[130.663,48.116],[130.907,47.884],[131.023,47.682],[131.418,47.743],[131.594,47.662],[131.924,47.669],[132.332,47.737],[132.525,47.708],[132.659,47.87],[133.092,48.107],[133.464,48.09],[133.721,48.245],[134.386,48.381],[134.701,48.262],[134.559,48.01],[134.773,47.711],[134.485,47.43],[134.293,47.41],[134.154,47.258],[133.988,46.625],[133.849,46.48],[133.902,46.259],[133.687,46.142],[133.658,45.935],[133.514,45.879],[133.488,45.687],[133.14,45.435],[133.099,45.108],[132.953,45.024],[131.97,45.234],[131.853,45.338],[131.609,45.09],[131.42,44.959],[130.933,44.842],[131.066,44.682],[131.264,44.054],[131.17,43.781],[131.281,43.38],[130.992,42.849],[130.77,42.866],[130.491,42.781],[130.531,42.53],[130.243,42.743],[130.239,42.902],[130.121,42.982],[129.88,42.996],[129.761,42.746],[129.729,42.476],[129.554,42.377],[129.352,42.448],[129.211,42.22],[128.964,42.089],[128.502,41.996],[128.262,42.033],[128.02,41.965],[128.159,41.712],[128.303,41.583],[128.186,41.404],[127.944,41.471],[127.638,41.43],[127.105,41.537],[127.166,41.595],[126.981,41.763],[126.618,41.666],[126.473,41.367],[126.261,41.143],[126.147,41.092],[126.008,40.899],[125.683,40.848],[125.413,40.632],[125.025,40.534],[124.741,40.37],[124.37,40.098],[124.364,40.021],[124.118,39.833],[123.41,39.797],[122.396,39.411],[122.115,39.201],[122.127,39.142],[121.655,38.858],[121.345,38.815],[121.198,38.728],[121.111,38.84],[121.219,38.94],[121.674,39.088],[121.593,39.192],[121.718,39.371],[121.492,39.389],[121.436,39.509],[121.457,39.748],[121.536,39.862],[121.755,39.918],[122.092,40.227],[122.288,40.473],[122.049,40.746],[121.851,40.832],[121.575,40.841],[121.361,40.94],[121.176,40.922],[120.97,40.818],[120.94,40.691],[120.604,40.465],[120.436,40.194],[119.95,40.057],[119.912,39.998],[119.536,39.891],[119.34,39.716],[119.262,39.535],[119.305,39.433],[118.94,39.139],[118.619,39.161],[118.344,39.031],[118.045,39.219],[117.886,39.201],[117.718,39.093],[117.584,38.812],[117.544,38.621],[117.716,38.379],[118.065,38.143],[118.543,38.068],[118.84,38.153],[118.997,37.963],[119.243,37.769],[119.037,37.722],[118.977,37.611],[118.972,37.281],[119.146,37.179],[119.441,37.121],[119.771,37.152],[119.897,37.249],[119.859,37.36],[120.06,37.44],[120.463,37.748],[120.738,37.834],[120.899,37.827],[121.191,37.575],[121.382,37.566],[121.592,37.424],[122.13,37.483],[122.549,37.311],[122.444,37.137],[122.54,37.028],[122.517,36.903],[122.32,36.823],[122.04,36.985],[121.56,36.768],[121.158,36.669],[120.95,36.459],[120.751,36.459],[120.648,36.331],[120.697,36.144],[120.354,36.041],[120.285,36.176],[120.086,36.13],[120.175,35.994],[120.003,35.728],[119.86,35.606],[119.648,35.584],[119.559,35.39],[119.424,35.313],[119.358,35.097],[119.207,35.048],[119.202,34.785],[119.347,34.781],[119.641,34.551],[119.94,34.458],[120.257,34.312],[120.407,33.86],[120.748,33.256],[120.908,32.844],[120.911,32.63],[121.389,32.385],[121.443,32.114],[121.655,32.063],[121.822,31.952],[121.922,31.754],[121.676,31.724],[121.286,31.891],[121.067,31.724],[121.32,31.505],[121.725,31.282],[121.977,30.915],[121.907,30.857],[121.631,30.837],[121.411,30.767],[120.978,30.543],[120.832,30.305],[120.893,30.17],[121.15,30.326],[121.377,30.325],[121.658,30.018],[121.915,29.919],[121.983,29.823],[121.704,29.572],[121.971,29.449],[121.841,29.161],[121.536,29.258],[121.491,29.176],[121.682,29.027],[121.67,28.825],[121.51,28.657],[121.656,28.339],[121.409,28.305],[121.218,28.352],[121.009,28.103],[120.835,27.956],[120.666,27.625],[120.677,27.495],[120.546,27.403],[120.518,27.202],[120.358,27.098],[120.237,26.927],[120.126,26.927],[119.946,26.797],[119.888,26.687],[119.712,26.808],[119.55,26.737],[119.736,26.591],[119.674,26.281],[119.566,26.05],[119.616,25.893],[119.558,25.564],[119.442,25.51],[119.278,25.57],[119.11,25.407],[119.289,25.325],[119.289,25.189],[118.987,25.222],[118.997,24.953],[118.716,24.844],[118.747,24.721],[118.571,24.569],[118.174,24.624],[118.045,24.576],[117.996,24.447],[118.126,24.262],[117.959,24.203],[117.894,24.028],[117.709,24.035],[117.649,23.909],[117.463,23.788],[117.292,23.762],[117.264,23.655],[117.078,23.565],[116.918,23.638],[116.867,23.45],[116.731,23.258],[116.534,23.109],[116.495,22.939],[116.298,22.963],[115.826,22.747],[115.805,22.815],[115.584,22.88],[115.524,22.742],[115.374,22.694],[115.246,22.835],[115.065,22.796],[114.866,22.602],[114.744,22.609],[114.645,22.767],[114.23,22.556],[114.082,22.529],[113.89,22.453],[113.744,22.761],[113.663,22.798],[113.612,22.995],[113.368,22.881],[113.599,22.575],[113.599,22.351],[113.53,22.202],[113.303,22.183],[113.157,22.025],[112.879,21.875],[112.826,21.966],[112.608,21.775],[112.443,21.828],[112.245,21.707],[112.173,21.814],[112.028,21.797],[111.78,21.675],[111.63,21.53],[111.438,21.534],[110.791,21.404],[110.636,21.23],[110.481,21.217],[110.157,20.986],[110.157,20.849],[110.386,20.826],[110.309,20.684],[110.534,20.478],[110.407,20.305],[110.128,20.248],[109.931,20.318],[110.015,20.418],[109.827,20.511],[109.76,20.808],[109.661,20.928],[109.67,21.123],[109.807,21.356],[109.585,21.631],[109.531,21.492],[109.139,21.402],[109.136,21.603],[108.752,21.65],[108.571,21.813],[108.478,21.699],[108.322,21.71],[108.253,21.595],[107.991,21.486],[107.745,21.658],[107.613,21.606],[107.348,21.599],[106.865,21.968],[106.722,22.007],[106.663,22.223],[106.527,22.428],[106.569,22.575],[106.68,22.579],[106.758,22.754],[106.567,22.904],[106.316,22.854],[106.078,22.981],[105.836,22.917],[105.69,23.044],[105.566,23.054],[105.431,23.268],[105.332,23.318],[105.047,23.227],[104.798,23.086],[104.827,22.954],[104.701,22.818],[104.554,22.836],[104.34,22.686],[104.213,22.825],[104.024,22.719],[103.985,22.527],[103.83,22.609],[103.647,22.799],[103.514,22.587],[103.31,22.788],[103.142,22.538],[102.989,22.438],[102.845,22.585],[102.468,22.769],[102.218,22.411],[102.119,22.398],[102.015,22.446],[101.818,22.406],[101.655,22.446],[101.518,22.228],[101.607,21.968],[101.752,21.806],[101.715,21.321],[101.824,21.234],[101.718,21.134],[101.495,21.243],[101.26,21.179],[101.209,21.246],[101.159,21.553],[101.083,21.767],[100.797,21.626],[100.622,21.469],[100.457,21.455],[100.384,21.528],[100.187,21.428],[100.097,21.508],[100.143,21.655],[99.95,21.721],[99.966,21.963],[99.867,22.058],[99.439,22.124],[99.166,22.132],[99.166,22.205],[99.358,22.495],[99.308,22.72],[99.535,22.949],[99.351,23.119],[99.217,23.057],[99.026,23.16],[98.911,23.298],[98.857,23.604],[98.778,23.769],[98.676,23.787],[98.663,23.97],[98.503,24.121],[98.182,24.119],[97.89,24.023],[97.637,23.864],[97.516,23.943],[97.708,24.125],[97.718,24.278],[97.64,24.439],[97.52,24.431],[97.536,24.745],[97.664,24.83],[97.738,25.091],[98.108,25.389],[98.15,25.613],[98.333,25.567],[98.461,25.795],[98.692,25.879],[98.547,26.088],[98.706,26.175],[98.75,26.792],[98.673,27.176],[98.682,27.556],[98.4,27.676],[98.295,27.537],[98.107,27.973],[98.119,28.141],[97.898,28.355],[97.74,28.383],[97.7,28.488],[97.528,28.53],[97.448,28.298],[97.334,28.235],[97.355,28.023],[97.036,27.743],[97.036,27.788],[96.656,27.958],[96.404,28.163],[96.182,28.216],[95.989,28.163],[95.79,28.257],[95.286,28.075],[95.234,27.906],[94.882,27.736],[94.484,27.595],[94.198,27.543],[94.139,27.449],[93.805,27.168],[93.77,27.028],[93.589,26.928],[93.103,26.864],[92.77,26.881],[92.641,26.969],[92.459,26.905],[92.036,26.855],[92.084,26.937],[91.988,27.104],[92.085,27.304],[91.975,27.472],[91.78,27.456],[91.595,27.546],[91.622,27.951],[91.27,28.073],[91.093,27.972],[90.684,28.087],[90.369,28.068],[90.147,28.195],[90.043,28.135],[89.859,28.228],[89.561,28.135],[89.336,27.869],[89.225,27.808],[89.127,27.627],[88.966,27.478],[88.892,27.316],[88.741,27.546],[88.854,27.844],[88.818,27.995],[88.61,28.106],[88.379,27.983],[88.116,27.947],[88.118,27.861],[87.826,27.907],[87.727,27.808],[87.156,27.826],[87.031,27.938],[86.893,27.954],[86.662,28.107],[86.544,28.093],[86.439,27.911],[86.218,27.995],[85.98,27.885],[85.848,28.159],[85.432,28.297],[85.345,28.261],[85.08,28.319],[85.168,28.583],[85.055,28.639],[84.928,28.538],[84.799,28.547],[84.616,28.694],[84.451,28.734],[84.235,28.9],[84.231,29.026],[84.099,29.247],[83.946,29.292],[83.517,29.192],[83.328,29.485],[83.174,29.621],[82.837,29.66],[82.542,29.923],[82.128,30.124],[82.089,30.33],[81.779,30.358],[81.636,30.411],[81.483,30.332],[81.195,30.004],[81.098,30.017],[80.996,30.197],[80.695,30.412],[80.326,30.547],[80.18,30.559],[79.834,30.962],[79.589,30.94],[79.383,31.078],[78.952,31.108],[78.861,31.28],[78.738,31.335],[78.7,31.51],[78.819,31.607],[78.671,31.771],[78.682,31.951],[78.471,32.141],[78.381,32.528],[78.63,32.578],[78.943,32.346],[79.215,32.508],[79.212,32.92],[79.095,33.055],[79.125,33.29],[78.965,33.344],[78.781,33.553],[78.794,33.744],[78.73,34.079],[78.976,34.217],[78.922,34.372],[78.607,34.546],[78.379,34.579],[78.273,34.659],[78.13,35.055],[78.001,35.269],[78.056,35.453],[77.883,35.431],[77.413,35.469],[76.777,35.646]]],[[[111.011,19.684],[110.758,19.431],[110.698,19.417],[110.563,19.056],[110.466,18.882],[110.427,18.681],[110.271,18.668],[110.103,18.539],[110.053,18.39],[109.746,18.396],[109.677,18.245],[109.568,18.193],[109.463,18.28],[109.173,18.288],[108.796,18.487],[108.695,18.505],[108.694,18.72],[108.615,19.102],[108.627,19.275],[109.008,19.597],[109.157,19.65],[109.163,19.79],[109.255,19.898],[109.465,19.834],[109.612,19.998],[109.808,19.951],[110.014,19.958],[110.325,20.061],[110.528,20.02],[110.64,20.108],[110.788,20.01],[110.935,19.995],[111.011,19.684]]],[[[121.906,24.95],[121.823,24.855],[121.856,24.551],[121.773,24.309],[121.663,24.193],[121.4,23.145],[121.186,22.791],[121.021,22.648],[120.875,22.289],[120.842,21.925],[120.704,21.981],[120.621,22.295],[120.512,22.425],[120.331,22.52],[120.24,22.659],[120.17,23.013],[120.059,23.151],[120.13,23.361],[120.124,23.52],[120.189,23.775],[120.412,24.097],[120.702,24.607],[120.848,24.711],[121.059,25.05],[121.372,25.155],[121.598,25.271],[121.719,25.152],[121.893,25.114],[121.906,24.95]]],[[[110.548,21.037],[110.267,20.973],[110.287,21.074],[110.548,21.037]]],[[[122.327,30.024],[122.012,30.032],[122.087,30.148],[122.327,30.024]]],[[[121.844,31.608],[121.851,31.439],[121.572,31.529],[121.314,31.656],[121.264,31.841],[121.663,31.652],[121.844,31.608]]]]},"properties":{"id":"china"}},{"type":"Feature","geometry":{"type":"Polygon","coordinates":[[[34.248,31.211],[34.481,31.583],[34.712,31.952],[34.838,32.281],[34.948,32.814],[35.08,32.906],[35.105,33.089],[35.48,33.087],[35.604,33.24],[35.612,32.682],[35.561,32.385],[35.209,32.543],[35.064,32.463],[34.958,32.186],[35.034,31.861],[35.149,31.737],[34.974,31.63],[34.867,31.396],[35.165,31.362],[35.458,31.492],[35.459,31.492],[35.396,31.258],[35.438,31.104],[35.14,30.43],[35.145,30.155],[34.956,29.559],[34.887,29.49],[34.824,29.742],[34.599,30.345],[34.534,30.4],[34.48,30.651],[34.248,31.211]]]},"properties":{"id":"israel"}},{"type":"Feature","geometry":{"type":"MultiPolygon","coordinates":[[[[34.481,31.583],[34.248,31.211],[34.2,31.314],[34.481,31.583]]],[[[35.561,32.385],[35.525,31.919],[35.559,31.765],[35.459,31.492],[35.458,31.492],[35.165,31.362],[34.867,31.396],[34.974,31.63],[35.149,31.737],[35.034,31.861],[34.958,32.186],[35.064,32.463],[35.209,32.543],[35.561,32.385]]]]},"properties":{"id":"palestine"}},{"type":"Feature","geometry":{"type":"Polygon","coordinates":[[[35.105,33.089],[35.205,33.225],[35.271,33.458],[35.349,33.514],[35.477,33.804],[35.572,33.91],[35.627,34.201],[35.805,34.459],[35.983,34.539],[35.97,34.65],[36.389,34.596],[36.604,34.199],[36.318,33.981],[36.232,33.853],[36.05,33.816],[35.922,33.64],[35.919,33.462],[35.604,33.24],[35.48,33.087],[35.105,33.089]]]},"properties":{"id":"lebanon"}},{"type":"Feature","geometry":{"type":"Polygon","coordinates":[[[34.071,9.455],[34.098,9.68],[34.325,10.269],[34.279,10.566],[34.437,10.796],[34.587,10.879],[34.839,10.729],[34.934,10.845],[34.914,10.964],[34.98,11.155],[34.947,11.275],[35.073,11.549],[35.041,11.748],[35.216,11.897],[35.617,12.575],[35.728,12.674],[36.124,12.721],[36.114,12.934],[36.234,13.362],[36.382,13.571],[36.458,13.82],[36.437,13.991],[36.526,14.264],[36.748,14.332],[37.073,14.285],[37.15,14.442],[37.294,14.457],[37.565,14.117],[37.891,14.88],[38.007,14.724],[38.214,14.686],[38.427,14.417],[38.866,14.494],[39.011,14.648],[39.145,14.582],[39.208,14.44],[39.489,14.524],[39.767,14.505],[39.911,14.423],[40.105,14.466],[40.277,14.405],[40.422,14.274],[40.833,14.106],[41.044,13.872],[41.192,13.616],[41.712,13.248],[41.947,12.876],[42.137,12.773],[42.379,12.466],[41.936,11.827],[41.808,11.736],[41.749,11.538],[41.799,10.971],[42.392,11.006],[42.616,11.09],[42.772,10.996],[42.924,10.999],[42.712,10.675],[42.647,10.632],[42.777,10.425],[42.836,10.208],[42.958,10.116],[43.068,9.923],[43.187,9.883],[43.235,9.692],[43.371,9.544],[43.419,9.413],[43.622,9.337],[44.024,8.986],[45.162,8.612],[46.354,8.215],[46.979,7.997],[47.979,7.997],[46.959,7.012],[46.424,6.497],[45.936,5.997],[44.942,4.911],[44.913,4.899],[43.969,4.954],[43.528,4.842],[43.119,4.648],[42.96,4.517],[42.9,4.361],[42.79,4.286],[42.297,4.202],[42.135,4.2],[41.923,4.071],[41.885,3.977],[41.7,3.997],[41.43,3.949],[41.115,3.962],[40.764,4.285],[39.848,3.867],[39.745,3.661],[39.575,3.498],[39.436,3.462],[38.895,3.514],[38.497,3.624],[38.39,3.597],[38.036,3.649],[37.977,3.726],[37.112,4.282],[36.844,4.432],[36.018,4.449],[35.921,4.619],[35.785,4.764],[35.756,5.063],[35.804,5.318],[35.43,5.427],[35.287,5.374],[35.262,5.512],[35.099,5.622],[34.984,5.841],[34.951,6.081],[34.845,6.249],[34.734,6.638],[34.525,6.753],[34.504,6.89],[34.298,6.969],[34.196,7.129],[34.031,7.255],[34.007,7.41],[33.707,7.662],[33.462,7.75],[33.051,7.801],[32.99,7.917],[33.177,8.127],[33.174,8.404],[33.6,8.464],[33.696,8.373],[33.971,8.445],[34.112,8.627],[34.071,9.455]]]},"properties":{"id":"ethiopia"}},{"type":"Feature","geometry":{"type":"Polygon","coordinates":[[[35.921,4.619],[34.381,4.62],[33.977,4.22],[33.533,3.774],[33.195,3.757],[33.017,3.877],[32.756,3.769],[32.372,3.731],[32.188,3.619],[32.175,3.521],[31.944,3.591],[31.781,3.816],[31.669,3.705],[31.505,3.66],[31.295,3.774],[31.141,3.785],[30.944,3.679],[30.84,3.49],[30.693,3.632],[30.562,3.601],[30.539,3.842],[30.206,3.95],[29.776,4.406],[29.797,4.556],[29.494,4.668],[29.304,4.387],[29.173,4.348],[28.986,4.496],[28.815,4.478],[28.755,4.554],[28.404,4.278],[28.178,4.347],[28.014,4.55],[27.772,4.596],[27.767,4.735],[27.641,4.891],[27.553,4.901],[27.441,5.071],[27.301,5.205],[27.22,5.441],[27.261,5.55],[27.17,5.72],[26.981,5.859],[26.819,5.895],[26.705,6.01],[26.544,6.031],[26.452,6.28],[26.29,6.387],[26.378,6.653],[26.081,6.842],[26.026,6.997],[25.786,7.143],[25.36,7.336],[25.19,7.501],[25.279,7.659],[25.217,7.864],[24.958,7.989],[24.832,8.166],[24.431,8.271],[24.332,8.246],[24.131,8.343],[24.244,8.57],[24.17,8.689],[24.38,8.844],[24.558,8.887],[24.565,9.015],[24.661,9.182],[24.68,9.373],[24.794,9.532],[24.793,9.798],[24.976,9.967],[25.09,10.296],[25.327,10.317],[25.843,10.418],[25.901,10.191],[26.179,9.959],[26.557,9.52],[26.694,9.477],[27.08,9.607],[27.895,9.595],[28.045,9.331],[28.844,9.325],[28.849,9.466],[29.009,9.603],[29.252,9.711],[29.483,9.762],[29.614,9.914],[29.615,10.058],[30.013,10.27],[30.485,9.972],[30.749,9.736],[31.235,9.792],[31.665,10.214],[31.864,10.472],[31.943,10.656],[32.414,11.051],[32.364,11.24],[32.345,11.709],[32.082,12],[32.747,12.003],[32.732,12.216],[33.209,12.21],[33.145,11.935],[33.132,11.686],[33.083,11.585],[33.182,10.843],[33.151,10.731],[33.371,10.651],[33.469,10.544],[33.902,10.192],[33.967,10.047],[33.969,9.838],[33.905,9.711],[33.901,9.455],[34.071,9.455],[34.112,8.627],[33.971,8.445],[33.696,8.373],[33.6,8.464],[33.174,8.404],[33.177,8.127],[32.99,7.917],[33.051,7.801],[33.462,7.75],[33.707,7.662],[34.007,7.41],[34.031,7.255],[34.196,7.129],[34.298,6.969],[34.504,6.89],[34.525,6.753],[34.734,6.638],[34.845,6.249],[34.951,6.081],[34.984,5.841],[35.099,5.622],[35.262,5.512],[35.287,5.374],[35.43,5.427],[35.804,5.318],[35.756,5.063],[35.785,4.764],[35.921,4.619]]]},"properties":{"id":"south-sudan"}},{"type":"Feature","geometry":{"type":"Polygon","coordinates":[[[47.979,7.997],[46.979,7.997],[46.354,8.215],[45.162,8.612],[44.024,8.986],[43.622,9.337],[43.419,9.413],[43.371,9.544],[43.235,9.692],[43.187,9.883],[43.068,9.923],[42.958,10.116],[42.836,10.208],[42.777,10.425],[42.647,10.632],[42.712,10.675],[42.924,10.999],[43.241,11.488],[43.46,11.351],[43.488,11.239],[43.659,10.988],[43.83,10.803],[44.274,10.457],[44.586,10.384],[44.751,10.428],[44.962,10.416],[45.337,10.671],[45.487,10.685],[45.754,10.872],[46.102,10.771],[46.207,10.796],[46.448,10.693],[46.66,10.754],[47.008,10.939],[47.367,11.173],[47.523,11.187],[47.678,11.108],[48.161,11.146],[48.343,11.275],[48.655,11.331],[48.939,11.249],[49.435,11.351],[49.559,11.454],[49.851,11.465],[50.073,11.509],[50.289,11.602],[50.513,11.771],[50.576,11.921],[50.798,11.989],[51.029,11.885],[51.293,11.833],[51.248,11.652],[51.121,11.505],[51.086,11.188],[51.138,10.677],[51.09,10.407],[50.927,10.328],[50.9,10.024],[50.824,9.651],[50.837,9.477],[50.768,9.319],[50.641,9.196],[50.605,9.038],[50.422,8.857],[50.32,8.542],[50.058,8.13],[49.842,7.963],[49.819,7.74],[49.587,7.315],[49.367,7.026],[49.247,6.811],[49.075,6.415],[49.036,6.144],[48.647,5.48],[48.202,4.909],[47.948,4.457],[47.578,4.06],[47.489,3.936],[46.626,3.024],[46.318,2.752],[46.027,2.438],[45.232,1.968],[45.001,1.866],[44.333,1.39],[43.933,1.01],[43.782,0.922],[43.468,0.621],[42.77,-0.129],[42.648,-0.229],[42.081,-0.863],[41.69,-1.49],[41.535,-1.696],[41.523,-1.573],[40.98,-0.871],[40.968,-0.003],[40.968,1.622],[40.965,2.814],[41.343,3.201],[41.885,3.977],[41.923,4.071],[42.135,4.2],[42.297,4.202],[42.79,4.286],[42.9,4.361],[42.96,4.517],[43.119,4.648],[43.528,4.842],[43.969,4.954],[44.913,4.899],[44.942,4.911],[45.936,5.997],[46.424,6.497],[46.959,7.012],[47.979,7.997]]]},"properties":{"id":"somalia"}},{"type":"Feature","geometry":{"type":"Polygon","coordinates":[[[34.965,-11.574],[34.651,-11.57],[34.564,-11.831],[34.354,-12.199],[34.494,-12.687],[34.549,-13.159],[34.545,-13.326],[34.638,-13.488],[34.894,-13.535],[35.084,-13.704],[35.456,-14.137],[35.523,-14.263],[35.853,-14.667],[35.904,-14.887],[35.785,-15.195],[35.841,-15.417],[35.796,-16.005],[35.687,-16.113],[35.375,-16.141],[35.259,-16.272],[35.214,-16.484],[35.132,-16.538],[35.278,-16.701],[35.292,-17.129],[35.081,-17.124],[35.096,-16.817],[35.005,-16.815],[34.525,-16.301],[34.385,-16.186],[34.388,-16.037],[34.244,-15.918],[34.236,-15.819],[34.404,-15.647],[34.41,-15.481],[34.569,-15.271],[34.584,-14.984],[34.502,-14.576],[34.344,-14.387],[34.051,-14.495],[33.774,-14.53],[33.596,-14.511],[33.439,-14.381],[33.203,-14.014],[33.049,-13.997],[32.859,-13.808],[32.723,-13.573],[32.874,-13.443],[32.995,-13.191],[33.005,-12.893],[32.941,-12.77],[33.025,-12.613],[33.373,-12.519],[33.526,-12.335],[33.33,-12.298],[33.255,-12.073],[33.313,-11.899],[33.303,-11.61],[33.23,-11.417],[33.391,-11.165],[33.28,-10.913],[33.674,-10.577],[33.529,-10.319],[33.533,-10.231],[33.31,-10.013],[33.366,-9.899],[33.175,-9.602],[32.975,-9.601],[32.921,-9.408],[33.104,-9.488],[33.3,-9.492],[33.404,-9.605],[33.735,-9.584],[33.912,-9.718],[34.013,-9.477],[34.288,-9.708],[34.483,-9.946],[34.586,-10.29],[34.581,-10.54],[34.675,-10.752],[34.593,-11.016],[34.759,-11.337],[34.887,-11.375],[34.965,-11.574]]]},"properties":{"id":"malawi"}},{"type":"Feature","geometry":{"type":"MultiPolygon","coordinates":[[[[32.921,-9.408],[32.713,-9.286],[32.518,-9.258],[32.383,-9.134],[31.918,-9.022],[31.937,-8.933],[31.673,-8.913],[31.539,-8.704],[31.348,-8.592],[31.12,-8.617],[30.96,-8.55],[30.828,-8.388],[30.752,-8.194],[30.655,-7.927],[30.442,-7.596],[30.37,-7.31],[30.235,-7.057],[30.091,-6.89],[29.873,-6.754],[29.684,-6.582],[29.526,-6.273],[29.476,-6.002],[29.603,-5.782],[29.594,-5.62],[29.456,-5.23],[29.378,-5.088],[29.321,-4.836],[29.404,-4.45],[29.733,-4.463],[29.8,-4.364],[30.003,-4.272],[30.15,-4.087],[30.209,-3.93],[30.432,-3.552],[30.613,-3.445],[30.663,-3.319],[30.8,-3.275],[30.802,-2.978],[30.651,-2.977],[30.416,-2.852],[30.424,-2.633],[30.555,-2.401],[30.834,-2.345],[30.888,-2.083],[30.83,-1.961],[30.831,-1.594],[30.738,-1.407],[30.555,-1.318],[30.472,-1.067],[30.639,-1.073],[30.828,-1.003],[32.358,-1.003],[33.904,-1.003],[34.053,-1.04],[35.201,-1.681],[36.06,-2.161],[36.704,-2.52],[37.645,-3.046],[37.7,-3.314],[37.59,-3.404],[37.599,-3.513],[37.771,-3.655],[38.416,-4.12],[39.191,-4.678],[39.214,-4.856],[39.13,-4.918],[39.101,-5.136],[38.999,-5.465],[38.833,-5.816],[38.778,-6.031],[38.857,-6.164],[38.852,-6.349],[39.041,-6.47],[39.213,-6.642],[39.312,-6.816],[39.465,-6.858],[39.551,-6.994],[39.548,-7.118],[39.427,-7.192],[39.292,-7.486],[39.296,-7.688],[39.444,-7.833],[39.454,-8.01],[39.28,-8.309],[39.36,-8.694],[39.489,-8.827],[39.493,-9.08],[39.644,-9.189],[39.651,-9.445],[39.79,-9.923],[40.001,-10.13],[40.232,-10.2],[40.437,-10.475],[40.008,-10.811],[39.786,-10.933],[39.483,-10.999],[39.287,-11.154],[38.896,-11.168],[38.654,-11.276],[38.492,-11.413],[38.257,-11.277],[38.071,-11.256],[37.875,-11.319],[37.784,-11.559],[37.428,-11.723],[37.106,-11.658],[37.044,-11.596],[36.82,-11.574],[36.747,-11.666],[36.563,-11.731],[36.495,-11.681],[36.2,-11.702],[36.168,-11.579],[35.94,-11.434],[35.826,-11.413],[35.655,-11.578],[34.965,-11.574],[34.887,-11.375],[34.759,-11.337],[34.593,-11.016],[34.675,-10.752],[34.581,-10.54],[34.586,-10.29],[34.483,-9.946],[34.288,-9.708],[34.013,-9.477],[33.912,-9.718],[33.735,-9.584],[33.404,-9.605],[33.3,-9.492],[33.104,-9.488],[32.921,-9.408]]],[[[39.896,-7.638],[39.823,-7.914],[39.715,-7.812],[39.896,-7.638]]],[[[39.543,-6.321],[39.472,-6.452],[39.213,-6.114],[39.19,-5.914],[39.354,-5.897],[39.458,-6.197],[39.543,-6.321]]],[[[39.643,-5.414],[39.736,-5.24],[39.677,-4.945],[39.806,-4.961],[39.856,-5.229],[39.801,-5.394],[39.643,-5.414]]]]},"properties":{"id":"tanzania"}},{"type":"Feature","geometry":{"type":"Polygon","coordinates":[[[35.612,32.682],[35.604,33.24],[35.919,33.462],[35.922,33.64],[36.05,33.816],[36.232,33.853],[36.318,33.981],[36.604,34.199],[36.389,34.596],[35.97,34.65],[35.867,34.924],[35.962,35.198],[35.909,35.426],[35.737,35.562],[35.911,35.918],[36.138,35.82],[36.197,35.952],[36.337,35.988],[36.36,36.182],[36.588,36.325],[36.535,36.494],[36.66,36.827],[36.965,36.754],[37.015,36.642],[37.446,36.634],[38.19,36.906],[38.529,36.834],[38.664,36.72],[39.24,36.661],[39.765,36.742],[40.19,36.884],[40.394,36.994],[40.896,37.123],[41.201,37.065],[41.48,37.076],[42.009,37.176],[42.179,37.306],[42.353,37.227],[42.357,37.11],[42.282,36.994],[41.844,36.618],[41.415,36.527],[41.277,36.355],[41.241,36.043],[41.344,35.858],[41.364,35.655],[41.261,35.494],[41.192,35.182],[41.196,34.768],[40.988,34.429],[40.69,34.331],[39.549,33.759],[38.775,33.372],[37.587,32.74],[36.819,32.317],[36.373,32.386],[36.188,32.522],[36.066,32.517],[35.896,32.713],[35.612,32.682]]]},"properties":{"id":"syria"}},{"type":"Feature","geometry":{"type":"MultiPolygon","coordinates":[[[[-54.615,2.326],[-54.52,2.349],[-54.359,2.508],[-54.213,2.776],[-54.163,2.956],[-54.177,3.201],[-54.003,3.455],[-53.989,3.611],[-54.241,3.876],[-54.344,4.025],[-54.451,4.484],[-54.435,4.709],[-54.487,4.903],[-54.43,5.053],[-54.171,5.348],[-54.061,5.437],[-53.944,5.745],[-53.81,5.731],[-53.517,5.581],[-53.265,5.546],[-52.995,5.458],[-52.402,4.974],[-52.3,4.945],[-51.931,4.59],[-51.802,4.613],[-51.651,4.19],[-51.683,4.039],[-51.988,3.705],[-52.013,3.619],[-52.353,3.058],[-52.533,2.69],[-52.553,2.573],[-52.708,2.359],[-52.981,2.173],[-53.234,2.251],[-53.344,2.35],[-53.532,2.247],[-53.748,2.319],[-53.946,2.222],[-54.323,2.157],[-54.615,2.326]]],[[[2.522,51.088],[2.59,50.842],[2.9,50.703],[3.103,50.784],[3.244,50.672],[3.271,50.527],[3.463,50.519],[3.755,50.346],[4.023,50.338],[4.21,50.06],[4.465,49.936],[4.788,49.974],[4.849,49.794],[4.989,49.791],[5.402,49.602],[5.478,49.495],[5.791,49.538],[5.961,49.441],[6.136,49.495],[6.345,49.455],[6.495,49.436],[6.714,49.159],[6.843,49.211],[7.274,49.105],[7.391,49.17],[7.649,49.036],[7.932,49.035],[8.189,48.966],[8.103,48.821],[7.81,48.615],[7.752,48.355],[7.573,48.095],[7.619,48.003],[7.515,47.686],[7.586,47.585],[7.379,47.431],[6.973,47.489],[6.956,47.245],[6.665,47.021],[6.443,46.944],[6.418,46.751],[6.132,46.596],[6.054,46.419],[6.214,46.315],[6.483,46.449],[6.763,46.429],[6.854,46.123],[7.022,45.925],[6.801,45.826],[6.796,45.718],[6.963,45.641],[6.983,45.511],[7.161,45.411],[7.062,45.219],[6.844,45.13],[6.603,45.103],[6.728,44.929],[6.983,44.847],[7.019,44.739],[6.839,44.503],[6.973,44.249],[7.381,44.123],[7.625,44.18],[7.692,44.085],[7.478,43.866],[7.502,43.792],[7.437,43.743],[7.407,43.764],[7.366,43.723],[6.976,43.547],[6.894,43.428],[6.731,43.408],[6.61,43.173],[6.027,43.078],[5.818,43.099],[5.634,43.187],[5.347,43.216],[5.339,43.334],[5.065,43.328],[4.566,43.371],[4.513,43.456],[4.206,43.46],[3.939,43.533],[3.385,43.284],[3.114,43.106],[3.039,42.943],[3.052,42.555],[3.181,42.431],[2.934,42.47],[2.525,42.326],[2.277,42.429],[2.052,42.352],[1.707,42.503],[1.722,42.61],[1.429,42.595],[1.319,42.713],[0.656,42.838],[0.608,42.688],[-0.039,42.685],[-0.305,42.831],[-0.579,42.777],[-0.76,42.947],[-0.981,42.957],[-1.275,43.047],[-1.404,43.243],[-1.747,43.291],[-1.794,43.386],[-1.661,43.4],[-1.477,43.58],[-1.346,44.019],[-1.247,44.505],[-1.199,45.121],[-1.14,45.49],[-0.842,45.515],[-1.194,45.71],[-1.049,46.039],[-1.24,46.284],[-1.481,46.408],[-1.805,46.504],[-1.857,46.635],[-2.119,46.82],[-1.993,47.052],[-2.556,47.383],[-2.502,47.527],[-2.783,47.499],[-3.074,47.576],[-3.345,47.721],[-3.852,47.801],[-4.107,47.88],[-4.225,47.802],[-4.435,47.976],[-4.316,48.206],[-4.783,48.376],[-4.765,48.52],[-4.564,48.63],[-3.974,48.733],[-3.614,48.683],[-3.398,48.807],[-3.091,48.871],[-2.636,48.539],[-2.312,48.687],[-2.188,48.601],[-1.986,48.688],[-1.838,48.624],[-1.58,48.643],[-1.546,49.03],[-1.658,49.288],[-1.82,49.397],[-1.869,49.662],[-1.528,49.657],[-1.072,49.397],[-0.411,49.343],[-0.219,49.28],[0.072,49.359],[0.171,49.692],[0.675,49.876],[1.173,49.961],[1.391,50.075],[1.542,50.278],[1.581,50.869],[1.973,51.007],[2.522,51.088]]],[[[-60.81,14.462],[-61.07,14.467],[-61.052,14.557],[-61.229,14.822],[-61.002,14.811],[-60.848,14.596],[-60.81,14.462]]],[[[-61.552,16.286],[-61.558,16.086],[-61.695,15.949],[-61.769,16.088],[-61.771,16.349],[-61.552,16.286]]],[[[-61.544,16.285],[-61.534,16.449],[-61.188,16.264],[-61.462,16.202],[-61.544,16.285]]],[[[55.788,-21.103],[55.821,-21.325],[55.554,-21.364],[55.355,-21.275],[55.225,-21.048],[55.303,-20.905],[55.578,-20.875],[55.703,-20.949],[55.788,-21.103]]],[[[8.566,42.209],[8.667,42.51],[9.107,42.726],[9.343,42.749],[9.528,42.564],[9.553,42.113],[9.403,41.953],[9.402,41.706],[9.265,41.531],[9.223,41.373],[8.778,41.592],[8.696,41.758],[8.803,41.901],[8.566,42.209]]]]},"properties":{"id":"france"}},{"type":"Feature","geometry":{"type":"Polygon","coordinates":[[[-54.615,2.326],[-54.703,2.446],[-54.88,2.447],[-55.018,2.591],[-55.112,2.528],[-55.355,2.495],[-55.4,2.43],[-55.724,2.397],[-55.989,2.521],[-56.117,2.333],[-55.915,2.038],[-55.922,1.886],[-56.02,1.834],[-56.482,1.942],[-56.705,2.03],[-56.884,2.304],[-57.027,2.648],[-57.175,2.819],[-57.275,3.134],[-57.308,3.395],[-57.476,3.339],[-57.655,3.39],[-57.644,3.517],[-57.83,3.662],[-57.854,3.767],[-58.032,3.988],[-58.068,4.151],[-57.965,4.282],[-57.953,4.41],[-57.837,4.651],[-57.919,4.83],[-57.72,4.99],[-57.315,5.026],[-57.324,5.339],[-57.248,5.485],[-57.164,5.557],[-57.126,5.818],[-56.957,6.012],[-56.66,5.98],[-55.999,5.811],[-55.844,5.976],[-55.336,5.963],[-55.233,5.903],[-55.117,5.985],[-54.774,5.985],[-54.472,5.941],[-54.037,5.842],[-53.986,5.746],[-54.05,5.552],[-54.171,5.348],[-54.43,5.053],[-54.487,4.903],[-54.435,4.709],[-54.451,4.484],[-54.344,4.025],[-54.241,3.876],[-53.989,3.611],[-54.003,3.455],[-54.177,3.201],[-54.163,2.956],[-54.213,2.776],[-54.359,2.508],[-54.52,2.349],[-54.615,2.326]]]},"properties":{"id":"suriname"}},{"type":"Feature","geometry":{"type":"Polygon","coordinates":[[[-56.482,1.942],[-56.806,1.874],[-57.037,1.932],[-57.104,2.021],[-57.341,1.969],[-57.561,1.709],[-57.985,1.658],[-58.027,1.517],[-58.332,1.593],[-58.514,1.439],[-58.519,1.267],[-58.683,1.282],[-58.852,1.189],[-59.011,1.328],[-59.242,1.378],[-59.573,1.727],[-59.681,1.757],[-59.765,1.921],[-59.742,2.264],[-59.903,2.36],[-60,2.694],[-59.959,3.066],[-59.828,3.383],[-59.838,3.609],[-59.68,3.702],[-59.529,3.932],[-59.727,4.176],[-59.69,4.384],[-59.975,4.504],[-60.149,4.513],[-60.032,4.725],[-59.983,5.086],[-60.213,5.267],[-60.456,5.175],[-60.74,5.202],[-61.38,5.905],[-61.256,6.114],[-61.122,6.187],[-61.14,6.441],[-61.21,6.541],[-61.13,6.716],[-60.934,6.732],[-60.421,6.942],[-60.292,7.105],[-60.644,7.251],[-60.6,7.322],[-60.73,7.51],[-60.503,7.821],[-60.375,7.824],[-60.231,7.964],[-60.019,8.06],[-59.993,8.169],[-59.816,8.288],[-60.021,8.558],[-59.838,8.369],[-59.756,8.411],[-59.165,8.059],[-58.779,7.662],[-58.703,7.621],[-58.464,7.312],[-58.485,7.011],[-58.551,6.947],[-58.611,6.688],[-58.398,6.883],[-58.068,6.822],[-57.892,6.696],[-57.486,6.34],[-57.29,6.235],[-57.167,6.085],[-57.137,5.882],[-57.162,5.639],[-57.248,5.485],[-57.324,5.339],[-57.315,5.026],[-57.72,4.99],[-57.919,4.83],[-57.837,4.651],[-57.953,4.41],[-57.965,4.282],[-58.068,4.151],[-58.032,3.988],[-57.854,3.767],[-57.83,3.662],[-57.644,3.517],[-57.655,3.39],[-57.476,3.339],[-57.308,3.395],[-57.275,3.134],[-57.175,2.819],[-57.027,2.648],[-56.884,2.304],[-56.705,2.03],[-56.482,1.942]]]},"properties":{"id":"guyana"}},{"type":"Feature","geometry":{"type":"MultiPolygon","coordinates":[[[[128.365,38.624],[128.632,38.145],[129.064,37.679],[129.148,37.505],[129.331,37.282],[129.471,36.772],[129.441,36.408],[129.382,36.202],[129.543,36.066],[129.455,35.513],[129.358,35.452],[129.194,35.156],[128.997,35.076],[128.598,35.131],[128.478,35.099],[128.435,34.843],[128.019,34.999],[127.641,34.899],[127.775,34.829],[127.638,34.698],[127.524,34.849],[127.385,34.76],[127.504,34.591],[127.316,34.445],[127.223,34.547],[127.358,34.698],[127.248,34.767],[127.01,34.612],[126.885,34.421],[126.761,34.479],[126.533,34.292],[126.49,34.509],[126.271,34.642],[126.409,34.844],[126.45,35.067],[126.351,35.235],[126.513,35.577],[126.733,35.886],[126.529,36.154],[126.572,36.306],[126.464,36.584],[126.162,36.706],[126.23,36.873],[126.391,37.008],[126.796,36.956],[126.596,37.44],[126.531,37.755],[126.649,37.765],[126.667,37.828],[126.762,37.979],[127.027,38.254],[127.157,38.307],[127.754,38.325],[128.04,38.304],[128.268,38.454],[128.365,38.624]]],[[[126.946,33.478],[126.841,33.31],[126.286,33.2],[126.171,33.269],[126.311,33.464],[126.792,33.564],[126.946,33.478]]],[[[128.749,34.869],[128.592,34.791],[128.488,34.869],[128.694,34.986],[128.749,34.869]]]]},"properties":{"id":"south-korea"}},{"type":"Feature","geometry":{"type":"Polygon","coordinates":[[[128.365,38.624],[128.268,38.454],[128.04,38.304],[127.754,38.325],[127.157,38.307],[127.027,38.254],[126.762,37.979],[126.667,37.828],[126.576,37.778],[126.398,37.892],[126.063,37.802],[125.719,37.953],[125.62,37.765],[125.377,37.71],[125.301,37.895],[125.158,37.868],[125.125,38.095],[124.905,38.125],[124.884,38.355],[125.267,38.755],[125.137,38.804],[125.199,38.986],[125.432,39.301],[125.438,39.385],[125.225,39.591],[125.048,39.604],[124.849,39.722],[124.675,39.622],[124.564,39.814],[124.434,39.831],[124.37,40.098],[124.741,40.37],[125.025,40.534],[125.413,40.632],[125.683,40.848],[126.008,40.899],[126.147,41.092],[126.261,41.143],[126.473,41.367],[126.618,41.666],[126.981,41.763],[127.166,41.595],[127.105,41.537],[127.638,41.43],[127.944,41.471],[128.186,41.404],[128.303,41.583],[128.159,41.712],[128.02,41.965],[128.262,42.033],[128.502,41.996],[128.964,42.089],[129.211,42.22],[129.352,42.448],[129.554,42.377],[129.729,42.476],[129.761,42.746],[129.88,42.996],[130.121,42.982],[130.239,42.902],[130.243,42.743],[130.531,42.53],[130.7,42.295],[130.481,42.34],[130.073,42.078],[129.87,41.791],[129.691,41.65],[129.659,41.465],[129.8,41.369],[129.712,41.123],[129.756,40.939],[129.218,40.696],[129.078,40.473],[128.655,40.32],[128.665,40.201],[128.302,40.033],[128.007,40.045],[127.875,39.893],[127.624,39.831],[127.521,39.747],[127.575,39.595],[127.378,39.371],[127.452,39.166],[127.77,39.109],[128.015,38.858],[128.365,38.624]]]},"properties":{"id":"north-korea"}},{"type":"Feature","geometry":{"type":"Polygon","coordinates":[[[-13.178,27.662],[-11.773,27.662],[-11,27.662],[-9.876,27.662],[-8.682,27.661],[-8.682,27.285],[-8.681,26.013],[-8.707,25.995],[-9.699,25.995],[-10.907,25.995],[-12.015,25.995],[-12.015,24.634],[-12.015,23.495],[-12.354,23.322],[-12.619,23.271],[-13.015,23.018],[-13.165,22.753],[-13.093,22.495],[-13.015,21.333],[-13.737,21.333],[-15.002,21.333],[-16.268,21.333],[-16.959,21.333],[-17.081,20.875],[-17.057,20.767],[-17.1,20.838],[-16.967,21.781],[-16.817,22.131],[-16.707,22.275],[-16.522,22.315],[-16.357,22.583],[-16.285,22.903],[-16.173,22.973],[-16.135,23.185],[-15.967,23.513],[-15.773,23.788],[-15.768,23.96],[-15.62,24.026],[-15.154,24.506],[-14.908,24.685],[-14.836,24.919],[-14.85,25.214],[-14.782,25.447],[-14.487,26.015],[-14.41,26.26],[-14.157,26.434],[-13.924,26.501],[-13.62,26.689],[-13.501,26.858],[-13.384,27.215],[-13.301,27.324],[-13.178,27.662]]]},"properties":{"id":"western-sahara"}},{"type":"Feature","geometry":{"type":"Polygon","coordinates":[[[-83.696,10.937],[-83.687,10.938],[-83.665,10.935],[-83.624,10.903],[-83.466,10.495],[-83.204,10.129],[-83.017,9.963],[-82.772,9.661],[-82.574,9.576],[-82.619,9.487],[-82.829,9.603],[-82.944,9.437],[-82.94,9.071],[-82.749,8.974],[-82.924,8.741],[-82.836,8.53],[-82.87,8.438],[-83.052,8.328],[-82.944,8.249],[-82.898,8.035],[-82.968,8.221],[-83.151,8.369],[-83.1,8.431],[-83.171,8.637],[-83.384,8.74],[-83.413,8.598],[-83.287,8.517],[-83.276,8.402],[-83.576,8.445],[-83.74,8.624],[-83.588,8.835],[-83.63,9.035],[-83.918,9.295],[-84.273,9.482],[-84.522,9.519],[-84.678,9.693],[-84.631,9.771],[-84.762,9.976],[-84.851,9.967],[-85.09,10.172],[-85.24,10.116],[-85.145,9.999],[-84.96,9.946],[-84.865,9.823],[-85.146,9.613],[-85.332,9.827],[-85.673,9.912],[-85.779,10.08],[-85.875,10.355],[-85.809,10.495],[-85.632,10.621],[-85.741,10.94],[-85.702,11.081],[-85.631,11.196],[-84.931,10.942],[-84.676,11.07],[-84.208,10.861],[-84.219,10.806],[-83.933,10.718],[-83.663,10.807],[-83.696,10.937]]]},"properties":{"id":"costa-rica"}},{"type":"Feature","geometry":{"type":"Polygon","coordinates":[[[-85.702,11.081],[-85.786,11.112],[-85.928,11.311],[-86.336,11.611],[-86.496,11.759],[-86.798,12.219],[-87.002,12.341],[-87.647,12.872],[-87.58,13.063],[-87.435,12.922],[-87.314,12.982],[-87.03,12.996],[-86.911,13.24],[-86.704,13.299],[-86.774,13.655],[-86.727,13.768],[-86.41,13.749],[-86.097,14.044],[-85.824,13.848],[-85.432,14.133],[-85.363,14.25],[-85.158,14.338],[-85.138,14.578],[-84.904,14.817],[-84.77,14.805],[-84.699,14.675],[-84.483,14.619],[-84.024,14.758],[-83.869,14.777],[-83.39,15.031],[-83.13,14.997],[-83.414,14.828],[-83.299,14.771],[-83.192,14.387],[-83.219,14.25],[-83.431,13.957],[-83.494,13.738],[-83.57,13.287],[-83.508,12.903],[-83.541,12.581],[-83.775,12.534],[-83.664,12.256],[-83.713,12.049],[-83.836,11.871],[-83.7,11.85],[-83.657,11.605],[-83.761,11.557],[-83.868,11.375],[-83.816,11.09],[-83.696,10.937],[-83.663,10.807],[-83.933,10.718],[-84.219,10.806],[-84.208,10.861],[-84.676,11.07],[-84.931,10.942],[-85.631,11.196],[-85.702,11.081]]]},"properties":{"id":"nicaragua"}},{"type":"Feature","geometry":{"type":"Polygon","coordinates":[[[18.626,3.477],[18.613,3.128],[18.528,3.065],[18.393,2.714],[18.225,2.486],[18.072,2.16],[18.074,1.572],[17.963,1.191],[17.867,1.017],[17.952,0.474],[17.757,-0.009],[17.716,-0.196],[17.75,-0.523],[17.298,-1.021],[17.029,-1.094],[16.829,-1.276],[16.525,-1.859],[16.231,-2.129],[16.177,-2.287],[16.226,-2.635],[16.177,-2.882],[16.208,-3.362],[15.883,-3.945],[15.567,-4.038],[15.459,-4.214],[15.204,-4.339],[15.098,-4.5],[14.931,-4.647],[14.831,-4.815],[14.634,-4.904],[14.396,-4.856],[14.407,-4.676],[14.35,-4.567],[14.467,-4.448],[14.369,-4.278],[13.935,-4.498],[13.79,-4.425],[13.667,-4.733],[13.359,-4.795],[13.074,-4.635],[12.762,-4.391],[12.608,-4.565],[12.378,-4.619],[12.332,-4.766],[12.188,-4.768],[12.131,-4.913],[12.01,-5.02],[11.782,-4.68],[11.806,-4.577],[11.401,-4.221],[11.358,-4.112],[11.114,-3.937],[11.213,-3.697],[11.57,-3.545],[11.649,-3.673],[11.838,-3.711],[11.828,-3.548],[11.944,-3.303],[11.688,-3.171],[11.764,-2.983],[11.537,-2.798],[11.624,-2.612],[11.558,-2.349],[11.756,-2.415],[11.938,-2.329],[12.062,-2.415],[12.459,-2.33],[12.5,-2.096],[12.423,-1.898],[12.632,-1.825],[12.805,-1.919],[12.907,-2.195],[13.012,-2.342],[13.445,-2.427],[13.593,-2.327],[13.771,-2.119],[13.864,-2.321],[13.846,-2.467],[14.081,-2.5],[14.151,-2.259],[14.238,-2.12],[14.252,-1.968],[14.369,-1.922],[14.374,-1.604],[14.482,-1.389],[14.392,-1.023],[14.499,-0.631],[14.293,-0.436],[14.16,-0.455],[14.121,-0.302],[13.831,-0.205],[13.921,-0.053],[13.871,0.196],[14.076,0.539],[14.245,0.548],[14.448,0.816],[14.468,0.913],[14.275,1.156],[14.184,1.381],[13.795,1.434],[13.543,1.283],[13.399,1.297],[13.25,1.222],[13.239,1.428],[13.13,1.592],[13.207,1.994],[13.295,2.161],[14.267,2.152],[14.419,2.135],[14.562,2.209],[14.706,2.106],[14.871,2.102],[15.092,1.984],[15.213,2.04],[15.349,1.923],[15.483,1.976],[15.765,1.909],[15.89,1.793],[16.159,1.735],[16.065,1.979],[16.083,2.138],[16.197,2.236],[16.479,2.836],[16.491,3.068],[16.568,3.464],[16.639,3.529],[16.969,3.533],[17.334,3.619],[17.459,3.708],[17.627,3.626],[17.793,3.618],[17.842,3.54],[18.249,3.575],[18.472,3.632],[18.626,3.477]]]},"properties":{"id":"republic-of-the-congo"}},{"type":"Feature","geometry":{"type":"Polygon","coordinates":[[[18.626,3.477],[18.593,3.71],[18.647,4.046],[18.537,4.306],[18.721,4.377],[18.828,4.56],[19.012,4.765],[19.083,4.909],[19.409,5.13],[19.72,5.136],[20.339,4.772],[20.457,4.525],[20.603,4.41],[20.872,4.453],[21.084,4.388],[21.158,4.31],[21.299,4.33],[21.538,4.245],[21.723,4.295],[22.001,4.245],[22.207,4.15],[22.423,4.135],[22.54,4.227],[22.786,4.725],[22.898,4.824],[23.169,4.738],[23.388,4.587],[23.567,4.724],[23.817,4.821],[23.948,4.818],[24.163,4.908],[24.46,5.107],[24.664,4.924],[25.308,5.032],[25.364,5.311],[25.581,5.375],[25.623,5.31],[26.027,5.19],[26.13,5.259],[26.463,5.06],[26.761,5.088],[26.867,5.038],[26.962,5.151],[27.116,5.2],[27.441,5.071],[27.553,4.901],[27.641,4.891],[27.767,4.735],[27.772,4.596],[28.014,4.55],[28.178,4.347],[28.404,4.278],[28.755,4.554],[28.815,4.478],[28.986,4.496],[29.173,4.348],[29.304,4.387],[29.494,4.668],[29.797,4.556],[29.776,4.406],[30.206,3.95],[30.539,3.842],[30.562,3.601],[30.693,3.632],[30.84,3.49],[30.91,3.393],[30.804,3.246],[30.745,3.036],[30.855,2.893],[30.739,2.603],[30.725,2.441],[30.872,2.332],[31.178,2.303],[31.267,2.173],[31.243,2.051],[31.026,1.778],[30.682,1.5],[30.478,1.239],[30.269,1.167],[30.145,0.903],[29.928,0.785],[29.94,0.498],[29.833,0.337],[29.801,0.172],[29.712,0.1],[29.629,-0.442],[29.65,-0.504],[29.556,-0.919],[29.578,-1.388],[29.358,-1.51],[29.149,-1.799],[29.151,-2.15],[28.859,-2.418],[28.891,-2.653],[29.015,-2.721],[29.09,-2.926],[29.235,-3.047],[29.207,-3.335],[29.215,-3.9],[29.339,-4.093],[29.404,-4.45],[29.321,-4.836],[29.378,-5.088],[29.456,-5.23],[29.594,-5.62],[29.603,-5.782],[29.476,-6.002],[29.526,-6.273],[29.684,-6.582],[29.873,-6.754],[30.091,-6.89],[30.235,-7.057],[30.37,-7.31],[30.442,-7.596],[30.655,-7.927],[30.752,-8.194],[29.858,-8.33],[28.915,-8.473],[28.93,-8.68],[28.765,-8.934],[28.599,-9.096],[28.372,-9.235],[28.516,-9.378],[28.625,-9.696],[28.698,-9.792],[28.624,-9.951],[28.635,-10.519],[28.7,-10.643],[28.554,-10.835],[28.476,-11.088],[28.44,-11.348],[28.357,-11.447],[28.453,-11.781],[28.569,-11.914],[28.835,-12.092],[29.03,-12.376],[29.255,-12.366],[29.5,-12.453],[29.474,-12.243],[29.799,-12.154],[29.798,-13.424],[29.602,-13.374],[29.574,-13.225],[29.169,-13.434],[28.994,-13.396],[28.903,-13.162],[28.668,-12.849],[28.568,-12.896],[28.512,-12.694],[28.34,-12.451],[28.131,-12.429],[27.934,-12.303],[27.638,-12.294],[27.52,-12.18],[27.421,-11.922],[27.234,-11.809],[27.18,-11.57],[27.01,-11.61],[26.967,-11.87],[26.913,-11.943],[26.644,-11.986],[26.415,-11.912],[26.309,-11.937],[25.994,-11.905],[25.851,-11.794],[25.352,-11.646],[25.278,-11.372],[25.184,-11.247],[24.674,-11.342],[24.565,-11.445],[24.31,-11.407],[24.392,-11.279],[24.382,-11.121],[24.294,-11.05],[24.124,-11.043],[24.114,-10.919],[23.967,-10.872],[23.834,-11.028],[23.495,-10.964],[23.197,-11.072],[23.014,-11.102],[22.829,-11.052],[22.728,-11.097],[22.538,-11.037],[22.282,-11.237],[22.165,-10.852],[22.322,-10.742],[22.274,-10.503],[22.313,-10.369],[22.203,-10.131],[22.16,-9.931],[21.998,-9.809],[21.854,-9.618],[21.793,-9.394],[21.841,-9.276],[21.86,-8.846],[21.936,-8.413],[21.851,-8.143],[21.758,-8.015],[21.77,-7.807],[21.854,-7.586],[21.842,-7.37],[21.785,-7.283],[20.521,-7.286],[20.524,-7.143],[20.611,-6.916],[20.331,-6.917],[20.294,-7.002],[19.522,-7.002],[19.476,-7.316],[19.513,-7.479],[19.425,-7.58],[19.334,-7.867],[19.356,-8.002],[18.774,-8.002],[18.739,-7.932],[18.508,-7.998],[18.177,-7.999],[18.098,-8.109],[17.901,-8.048],[17.544,-8.085],[17.537,-8.015],[17.218,-7.586],[17.177,-7.428],[16.996,-7.298],[16.927,-7.086],[16.927,-6.889],[16.833,-6.828],[16.731,-6.57],[16.727,-6.189],[16.604,-6.062],[16.597,-5.925],[16.316,-5.855],[14.704,-5.881],[14.577,-5.905],[14.021,-5.873],[13.944,-5.842],[13.642,-5.866],[13.184,-5.856],[12.822,-5.83],[12.723,-5.979],[12.449,-6.052],[12.211,-5.763],[12.509,-5.726],[12.531,-5.163],[12.444,-5.055],[12.679,-4.924],[12.833,-4.723],[13.074,-4.635],[13.359,-4.795],[13.667,-4.733],[13.79,-4.425],[13.935,-4.498],[14.369,-4.278],[14.467,-4.448],[14.35,-4.567],[14.407,-4.676],[14.396,-4.856],[14.634,-4.904],[14.831,-4.815],[14.931,-4.647],[15.098,-4.5],[15.204,-4.339],[15.459,-4.214],[15.567,-4.038],[15.883,-3.945],[16.208,-3.362],[16.177,-2.882],[16.226,-2.635],[16.177,-2.287],[16.231,-2.129],[16.525,-1.859],[16.829,-1.276],[17.029,-1.094],[17.298,-1.021],[17.75,-0.523],[17.716,-0.196],[17.757,-0.009],[17.952,0.474],[17.867,1.017],[17.963,1.191],[18.074,1.572],[18.072,2.16],[18.225,2.486],[18.393,2.714],[18.528,3.065],[18.613,3.128],[18.626,3.477]]]},"properties":{"id":"democratic-republic-of-the-congo"}},{"type":"Feature","geometry":{"type":"Polygon","coordinates":[[[92.036,26.855],[91.795,26.854],[91.521,26.798],[91.388,26.858],[91.198,26.802],[90.588,26.78],[90.383,26.892],[90.177,26.832],[90.089,26.742],[89.822,26.701],[89.342,26.854],[89.128,26.813],[88.943,26.914],[88.754,27.213],[88.892,27.316],[88.966,27.478],[89.127,27.627],[89.225,27.808],[89.336,27.869],[89.561,28.135],[89.859,28.228],[90.043,28.135],[90.147,28.195],[90.369,28.068],[90.684,28.087],[91.093,27.972],[91.27,28.073],[91.622,27.951],[91.595,27.546],[91.78,27.456],[91.975,27.472],[92.085,27.304],[91.988,27.104],[92.084,26.937],[92.036,26.855]]]},"properties":{"id":"bhutan"}},{"type":"Feature","geometry":{"type":"Polygon","coordinates":[[[31.764,52.101],[32.096,52.041],[32.307,52.141],[32.34,52.287],[32.528,52.316],[32.927,52.247],[33.197,52.369],[33.532,52.289],[33.804,52.355],[34.065,52.159],[34.068,52.031],[34.386,51.818],[34.376,51.709],[34.128,51.681],[34.284,51.301],[34.748,51.165],[35.099,51.183],[35.274,51.049],[35.445,50.688],[35.425,50.5],[35.697,50.345],[35.837,50.423],[36.106,50.421],[36.269,50.281],[36.683,50.261],[36.914,50.339],[37.435,50.425],[37.599,50.291],[37.728,50.079],[38,49.9],[38.344,49.992],[38.852,49.866],[39.183,49.859],[39.328,49.726],[39.558,49.724],[39.623,49.613],[40.041,49.455],[40.142,49.246],[39.919,49.048],[39.681,49.02],[39.782,48.888],[39.632,48.587],[39.809,48.584],[39.991,48.254],[39.843,48.12],[39.759,47.833],[39.093,47.832],[38.877,47.861],[38.735,47.677],[38.353,47.607],[38.189,47.301],[38.217,47.103],[37.581,47.09],[37.335,46.882],[37.162,46.909],[36.371,46.708],[35.771,46.601],[35.342,46.336],[35.202,46.385],[35.075,46.271],[34.811,46.166],[34.874,45.926],[35.044,45.67],[35.332,45.371],[35.481,45.298],[35.792,45.412],[36.022,45.368],[36.3,45.473],[36.614,45.409],[36.418,45.23],[36.44,45.067],[36.225,45.008],[36.048,45.049],[35.848,44.992],[35.547,45.12],[35.389,45.002],[34.952,44.842],[34.469,44.73],[34.331,44.545],[33.958,44.383],[33.645,44.425],[33.38,44.565],[33.547,44.71],[33.62,44.931],[33.563,45.094],[33.413,45.185],[33.26,45.156],[32.899,45.354],[32.663,45.32],[32.482,45.409],[32.937,45.663],[33.709,45.91],[33.613,46.145],[33.424,46.053],[33.293,46.136],[32.766,46.136],[32.503,46.076],[32.262,46.128],[31.886,46.32],[32.062,46.394],[32.112,46.512],[32.318,46.464],[32.436,46.543],[32.023,46.629],[31.674,46.653],[31.338,46.601],[31.187,46.629],[30.755,46.516],[30.793,46.444],[30.494,46.08],[30.205,45.856],[29.603,45.691],[29.621,45.454],[29.755,45.313],[29.659,45.216],[29.65,45.346],[29.322,45.444],[28.71,45.227],[28.33,45.323],[28.199,45.462],[28.481,45.502],[28.474,45.658],[28.67,45.777],[28.758,45.961],[28.932,45.993],[29.015,46.183],[28.933,46.273],[28.946,46.455],[29.163,46.538],[29.201,46.357],[29.481,46.425],[29.848,46.341],[30.081,46.374],[29.899,46.553],[29.931,46.803],[29.559,46.946],[29.579,47.284],[29.368,47.308],[29.117,47.533],[29.187,47.818],[28.981,47.926],[28.799,48.112],[28.501,48.113],[28.294,48.236],[27.926,48.339],[27.752,48.452],[27.504,48.472],[27.176,48.362],[26.843,48.394],[26.618,48.259],[26.303,48.212],[26.173,47.993],[25.262,47.899],[25.122,47.77],[24.897,47.71],[24.562,47.941],[24.231,47.897],[23.977,47.962],[23.36,47.993],[23.231,48.08],[22.878,47.947],[22.831,48.072],[22.6,48.101],[22.357,48.243],[22.272,48.403],[22.133,48.405],[22.154,48.586],[22.31,48.682],[22.54,49.072],[22.738,49.275],[22.641,49.529],[23.101,49.957],[23.696,50.377],[23.981,50.405],[24.108,50.63],[23.97,50.825],[23.875,51.136],[23.634,51.339],[23.606,51.517],[23.726,51.645],[23.981,51.586],[24.244,51.718],[24.391,51.88],[24.722,51.882],[25.183,51.95],[25.768,51.929],[26.408,51.851],[26.855,51.749],[27.178,51.747],[27.254,51.595],[27.831,51.613],[28.347,51.525],[28.8,51.533],[29.148,51.616],[29.297,51.374],[30.149,51.484],[30.355,51.305],[30.638,51.336],[30.534,51.553],[30.662,51.816],[30.941,52.02],[31.475,52.118],[31.764,52.101]]]},"properties":{"id":"ukraine"}},{"type":"Feature","geometry":{"type":"Polygon","coordinates":[[[23.606,51.517],[23.56,51.755],[23.676,51.994],[23.637,52.084],[23.166,52.289],[23.392,52.51],[23.869,52.67],[23.922,52.743],[23.894,53.152],[23.591,53.611],[23.486,53.939],[23.643,53.899],[24.201,53.952],[24.378,53.887],[24.579,53.976],[24.806,53.975],[24.856,54.147],[25.072,54.132],[25.194,54.244],[25.53,54.346],[25.74,54.569],[25.724,54.78],[25.908,54.948],[26.139,54.969],[26.309,55.145],[26.579,55.119],[26.769,55.3],[26.445,55.338],[26.595,55.667],[26.823,55.706],[26.981,55.827],[27.593,55.794],[27.645,55.923],[27.911,56.1],[28.149,56.142],[28.621,56.083],[28.706,55.96],[29.031,56.024],[29.377,55.954],[29.344,55.787],[29.461,55.687],[29.869,55.831],[30.218,55.855],[30.469,55.794],[30.596,55.665],[30.913,55.572],[30.906,55.376],[30.794,55.286],[31.006,55.042],[30.815,54.928],[30.771,54.786],[31.168,54.622],[31.325,54.229],[31.748,54.086],[31.847,53.992],[31.754,53.82],[32.084,53.81],[32.481,53.662],[32.453,53.546],[32.72,53.439],[32.717,53.335],[32.206,53.1],[31.796,53.112],[31.739,53.193],[31.379,53.182],[31.247,53.014],[31.505,52.849],[31.57,52.725],[31.609,52.354],[31.764,52.101],[31.475,52.118],[30.941,52.02],[30.662,51.816],[30.534,51.553],[30.638,51.336],[30.355,51.305],[30.149,51.484],[29.297,51.374],[29.148,51.616],[28.8,51.533],[28.347,51.525],[27.831,51.613],[27.254,51.595],[27.178,51.747],[26.855,51.749],[26.408,51.851],[25.768,51.929],[25.183,51.95],[24.722,51.882],[24.391,51.88],[24.244,51.718],[23.981,51.586],[23.726,51.645],[23.606,51.517]]]},"properties":{"id":"belarus"}},{"type":"Feature","geometry":{"type":"Polygon","coordinates":[[[16.487,-28.573],[16.347,-28.556],[16.044,-28.257],[15.684,-27.95],[15.521,-27.634],[15.295,-27.322],[15.234,-26.965],[15.083,-26.695],[15.168,-26.603],[15.129,-26.458],[14.966,-26.335],[14.979,-26.059],[14.843,-25.764],[14.877,-25.578],[14.801,-25.263],[14.853,-25.064],[14.781,-24.803],[14.602,-24.562],[14.612,-24.446],[14.474,-24.159],[14.495,-23.579],[14.434,-23.415],[14.492,-23.309],[14.411,-22.961],[14.522,-22.923],[14.509,-22.548],[14.386,-22.276],[14.137,-21.946],[13.972,-21.793],[13.832,-21.456],[13.603,-21.158],[13.387,-20.816],[13.155,-20.154],[13.071,-20.114],[13.005,-19.935],[12.705,-19.411],[12.68,-19.314],[12.45,-18.905],[12.287,-18.698],[12.032,-18.505],[11.937,-18.232],[11.849,-18.143],[11.718,-17.546],[11.766,-17.253],[12.088,-17.139],[12.243,-17.225],[12.555,-17.236],[12.887,-17.03],[13.166,-16.951],[13.48,-17.01],[13.694,-17.237],[13.943,-17.408],[14.207,-17.388],[15.314,-17.388],[16.083,-17.389],[17.109,-17.389],[18.446,-17.389],[18.762,-17.748],[19.021,-17.822],[19.172,-17.801],[19.421,-17.859],[19.952,-17.862],[20.034,-17.896],[20.336,-17.855],[20.565,-17.985],[20.806,-18.031],[21.217,-17.931],[21.381,-18.013],[22.231,-17.858],[23.382,-17.641],[24.22,-17.479],[24.389,-17.471],[24.581,-17.533],[24.684,-17.492],[24.958,-17.552],[25.26,-17.794],[24.958,-17.801],[24.725,-17.896],[24.578,-18.044],[24.422,-17.956],[24.183,-18.029],[23.855,-18.28],[23.716,-18.419],[23.579,-18.468],[23.502,-18.237],[23.306,-18.005],[22.981,-18.02],[21.476,-18.3],[20.975,-18.319],[20.978,-19.751],[20.981,-21.001],[20.985,-21.964],[20.972,-22.001],[19.978,-22.001],[19.98,-23.549],[19.981,-24.752],[19.982,-25.774],[19.983,-26.615],[19.983,-27.793],[19.982,-28.422],[19.588,-28.523],[19.435,-28.713],[19.277,-28.729],[19.289,-28.871],[19.12,-28.958],[18.955,-28.867],[18.746,-28.84],[18.166,-28.902],[17.913,-28.781],[17.404,-28.704],[17.324,-28.471],[17.402,-28.368],[17.346,-28.228],[17.192,-28.209],[17.098,-28.031],[16.893,-28.083],[16.768,-28.304],[16.769,-28.443],[16.487,-28.573]]]},"properties":{"id":"namibia"}},{"type":"Feature","geometry":{"type":"Polygon","coordinates":[[[19.981,-24.752],[20.108,-24.88],[20.365,-25.033],[20.794,-25.894],[20.841,-26.131],[20.623,-26.428],[20.625,-26.789],[20.686,-26.882],[20.852,-26.807],[21.122,-26.865],[21.381,-26.824],[21.687,-26.855],[21.781,-26.678],[22.058,-26.618],[22.257,-26.341],[22.545,-26.207],[22.719,-25.984],[22.746,-25.755],[22.845,-25.481],[23.007,-25.311],[23.266,-25.264],[23.445,-25.278],[23.925,-25.629],[24.228,-25.649],[24.339,-25.752],[24.799,-25.829],[25.052,-25.738],[25.386,-25.744],[25.587,-25.62],[25.877,-24.886],[25.868,-24.748],[26.279,-24.628],[26.404,-24.633],[26.506,-24.489],[26.85,-24.248],[27.004,-23.646],[27.35,-23.391],[27.564,-23.343],[27.608,-23.217],[27.896,-23.079],[28.196,-22.672],[28.339,-22.585],[28.624,-22.563],[28.913,-22.454],[29.048,-22.22],[29.35,-22.187],[29.779,-22.136],[30.301,-22.337],[30.632,-22.331],[30.838,-22.282],[31.289,-22.397],[31.536,-23.157],[31.521,-23.416],[31.642,-23.588],[31.741,-23.837],[31.839,-23.918],[31.869,-24.164],[31.987,-24.423],[31.996,-25.615],[31.912,-25.785],[31.949,-25.958],[31.835,-25.982],[31.427,-25.744],[31.309,-25.757],[31.12,-25.91],[30.97,-26.209],[30.805,-26.397],[30.786,-26.717],[30.955,-26.891],[30.976,-27.035],[31.157,-27.206],[31.527,-27.311],[31.968,-27.316],[31.942,-27.101],[31.992,-26.838],[32.114,-26.84],[32.352,-26.86],[32.893,-26.846],[32.839,-27.124],[32.677,-27.521],[32.551,-28.172],[32.422,-28.382],[32.392,-28.535],[32.012,-28.866],[31.752,-28.966],[31.488,-29.21],[31.187,-29.56],[31.056,-29.79],[31.05,-29.909],[30.92,-30.018],[30.392,-30.847],[30.01,-31.292],[29.785,-31.435],[29.392,-31.736],[29.148,-31.97],[28.87,-32.287],[28.549,-32.562],[28.211,-32.775],[27.897,-33.04],[27.733,-33.109],[27.109,-33.519],[26.515,-33.755],[26.287,-33.766],[25.955,-33.711],[25.679,-33.795],[25.598,-34.049],[25.193,-33.962],[24.953,-33.985],[24.858,-34.187],[24.479,-34.158],[24.163,-34.055],[23.636,-33.98],[23.428,-34.012],[23.408,-34.11],[22.936,-34.083],[22.63,-33.996],[22.41,-34.066],[22.189,-34.075],[22.114,-34.194],[21.922,-34.247],[21.895,-34.336],[21.703,-34.391],[21.516,-34.352],[21.262,-34.422],[20.961,-34.356],[20.524,-34.454],[20.375,-34.57],[19.953,-34.809],[19.858,-34.75],[19.642,-34.772],[19.399,-34.602],[19.304,-34.418],[19.088,-34.343],[18.808,-34.365],[18.816,-34.097],[18.555,-34.074],[18.316,-34.157],[18.372,-33.925],[18.475,-33.9],[18.432,-33.697],[18.307,-33.479],[18.146,-33.356],[18.075,-33.202],[17.913,-33.047],[17.843,-32.823],[17.967,-32.704],[18.081,-32.781],[18.273,-32.648],[18.349,-32.26],[18.277,-31.893],[18.173,-31.663],[17.894,-31.345],[17.562,-30.838],[17.282,-30.348],[17.104,-29.885],[17.056,-29.676],[16.809,-29.078],[16.6,-28.858],[16.487,-28.573],[16.769,-28.443],[16.768,-28.304],[16.893,-28.083],[17.098,-28.031],[17.192,-28.209],[17.346,-28.228],[17.402,-28.368],[17.324,-28.471],[17.404,-28.704],[17.913,-28.781],[18.166,-28.902],[18.746,-28.84],[18.955,-28.867],[19.12,-28.958],[19.289,-28.871],[19.277,-28.729],[19.435,-28.713],[19.588,-28.523],[19.982,-28.422],[19.983,-27.793],[19.983,-26.615],[19.982,-25.774],[19.981,-24.752]],[[28.981,-28.909],[28.667,-28.597],[28.403,-28.619],[28.155,-28.702],[28.019,-28.857],[27.747,-28.909],[27.665,-29.066],[27.453,-29.292],[27.418,-29.397],[27.242,-29.549],[27.015,-29.626],[27.368,-30.295],[27.459,-30.317],[27.714,-30.584],[28.055,-30.65],[28.218,-30.387],[28.216,-30.267],[28.364,-30.159],[28.86,-30.066],[29.151,-29.911],[29.161,-29.667],[29.279,-29.614],[29.304,-29.467],[29.436,-29.342],[29.312,-29.09],[28.981,-28.909]]]},"properties":{"id":"south-africa"}},{"type":"Feature","geometry":{"type":"Polygon","coordinates":[[[-63.018,18.033],[-63.107,18.062],[-63.018,18.122],[-63.018,18.033]]]},"properties":{"id":"saint-martin"}},{"type":"Feature","geometry":{"type":"Polygon","coordinates":[[[-63.107,18.062],[-63.018,18.033],[-63.098,18.036],[-63.107,18.062]]]},"properties":{"id":"sint-maarten"}},{"type":"Feature","geometry":{"type":"MultiPolygon","coordinates":[[[[56.077,26.061],[56.182,26.246],[56.469,26.206],[56.383,26.097],[56.408,25.937],[56.288,25.742],[56.279,25.627],[56.145,25.671],[56.183,26.015],[56.077,26.061]]],[[[56.383,24.978],[56.611,24.496],[56.939,24.116],[57.184,23.934],[57.913,23.718],[58.043,23.725],[58.412,23.616],[58.491,23.657],[58.786,23.512],[59.088,23.048],[59.208,22.97],[59.298,22.793],[59.53,22.588],[59.803,22.535],[59.845,22.445],[59.792,22.198],[59.645,21.926],[59.498,21.756],[59.336,21.438],[59.166,21.363],[58.919,21.144],[58.793,20.927],[58.68,20.828],[58.519,20.417],[58.418,20.36],[58.203,20.405],[58.176,20.605],[57.856,20.261],[57.848,20.112],[57.699,19.754],[57.704,19.549],[57.774,19.41],[57.751,19.268],[57.84,19.015],[57.71,18.944],[57.501,18.954],[57.208,18.91],[56.915,18.81],[56.66,18.595],[56.561,18.149],[56.345,17.938],[56.188,17.957],[55.653,17.895],[55.445,17.841],[55.225,17.515],[55.301,17.417],[55.255,17.229],[55.027,17.011],[54.808,16.951],[54.674,17.02],[54.39,17.039],[54.085,17.011],[53.981,16.909],[53.831,16.888],[53.583,16.75],[53.339,16.735],[53.09,16.642],[52.802,17.267],[52.736,17.289],[52.313,18.24],[51.979,18.996],[52.946,19.318],[53.63,19.546],[54.978,19.995],[55.196,20.649],[55.638,21.979],[55.627,22.024],[55.187,22.704],[55.191,22.995],[55.375,23.469],[55.538,23.77],[55.457,23.963],[55.647,24.025],[55.807,24.007],[55.998,24.081],[55.807,24.341],[55.76,24.559],[55.818,24.643],[55.789,24.855],[56.006,24.956],[56.032,24.754],[56.118,24.735],[56.383,24.978]]],[[[58.906,20.626],[58.95,20.509],[58.844,20.437],[58.789,20.287],[58.643,20.356],[58.906,20.626]]]]},"properties":{"id":"oman"}},{"type":"Feature","geometry":{"type":"Polygon","coordinates":[[[70.959,40.238],[70.582,40.222],[70.354,40.456],[70.756,40.695],[70.697,40.816],[70.446,41.026],[70.28,40.878],[69.66,40.639],[69.436,40.803],[69.198,40.546],[69.313,40.343],[69.198,40.183],[69.019,40.232],[68.602,40.175],[68.877,39.901],[68.616,39.828],[68.517,39.548],[68.338,39.528],[67.765,39.623],[67.427,39.477],[67.378,39.199],[67.679,39.106],[67.691,38.99],[68.086,38.994],[68.173,38.845],[68.045,38.707],[68.055,38.536],[68.184,38.335],[68.361,38.174],[68.249,37.949],[67.829,37.528],[67.781,37.189],[67.645,37.251],[67.237,37.192],[67.006,37.384],[66.52,37.364],[66.519,37.783],[66.646,37.946],[66.554,38.027],[65.877,38.273],[65.604,38.237],[65.205,38.45],[64.978,38.612],[64.635,38.744],[64.337,38.971],[64.121,38.962],[63.709,39.191],[63.478,39.403],[62.593,39.89],[62.453,40.009],[62.344,40.439],[62.192,40.499],[62.045,40.715],[61.971,41.015],[61.654,41.249],[61.411,41.292],[61.316,41.17],[60.86,41.253],[60.415,41.235],[60.094,41.39],[60.156,41.603],[60.049,41.753],[60.229,41.82],[59.984,41.949],[60.028,42.2],[59.866,42.304],[59.478,42.286],[59.245,42.365],[59.122,42.538],[58.894,42.548],[58.612,42.781],[58.493,42.645],[58.283,42.689],[57.998,42.493],[57.85,42.191],[57.382,42.164],[56.95,41.866],[56.96,41.647],[57.033,41.438],[57.01,41.254],[56.793,41.288],[55.978,41.322],[55.977,42.699],[55.976,44.075],[55.976,44.995],[57.478,45.337],[58.531,45.559],[59.479,45.122],[61.036,44.383],[61.162,44.168],[61.986,43.493],[62.026,43.481],[63.208,43.627],[64.427,43.547],[64.855,43.713],[64.957,43.697],[65.271,43.417],[65.517,43.297],[65.795,42.877],[66.101,42.99],[66.053,42.441],[66.014,42.403],[66.017,41.998],[66.504,41.993],[66.539,41.741],[66.688,41.199],[66.815,41.142],[67.937,41.2],[68.119,41.034],[68.068,40.788],[68.462,40.585],[68.593,40.599],[68.571,40.914],[68.746,41.064],[69.039,41.22],[69.044,41.379],[69.331,41.478],[69.625,41.668],[69.912,41.713],[70.136,41.848],[70.315,42.035],[70.455,42.094],[70.61,42.027],[70.734,42.197],[70.948,42.248],[71.218,42.206],[70.825,41.936],[70.55,41.824],[70.454,41.712],[70.169,41.578],[70.453,41.405],[70.634,41.467],[70.756,41.27],[71.19,41.127],[71.421,41.162],[71.633,41.411],[71.753,41.447],[71.872,41.194],[72.17,41.169],[72.186,41.041],[72.477,41.012],[72.619,40.88],[73.003,40.87],[73.118,40.783],[72.784,40.67],[72.394,40.389],[72.099,40.426],[71.673,40.148],[71.365,40.294],[70.959,40.238]]]},"properties":{"id":"uzbekistan"}},{"type":"Feature","geometry":{"type":"Polygon","coordinates":[[[87.324,49.085],[87.116,49.13],[86.838,49.094],[86.718,48.913],[86.745,48.704],[86.565,48.527],[86.192,48.418],[85.784,48.408],[85.586,48.141],[85.515,47.92],[85.67,47.384],[85.66,47.207],[85.499,47.052],[85.205,47.034],[84.916,46.851],[84.767,46.818],[84.664,46.984],[83.905,46.974],[83.524,47.067],[83.15,47.212],[83.021,47.206],[82.986,46.943],[82.839,46.732],[82.674,46.331],[82.568,46.197],[82.489,45.902],[82.291,45.533],[82.616,45.435],[82.54,45.124],[82.295,45.228],[81.95,45.144],[81.807,45.189],[81.739,45.338],[80.854,45.126],[80.697,45.144],[80.365,45.043],[80.062,45.019],[79.858,44.904],[79.992,44.794],[80.218,44.818],[80.376,44.671],[80.333,44.417],[80.345,44.103],[80.713,43.459],[80.788,43.128],[80.618,43.134],[80.368,43.028],[80.549,42.878],[80.227,42.791],[80.14,42.623],[80.268,42.238],[80.21,42.19],[79.918,42.424],[79.476,42.454],[79.031,42.756],[78.43,42.881],[78.031,42.855],[77.907,42.891],[77.164,42.922],[76.957,42.989],[76.689,42.91],[75.771,42.926],[75.62,42.805],[75.179,42.85],[74.714,43],[74.558,43.115],[74.259,43.216],[73.634,43.062],[73.489,42.878],[73.41,42.59],[73.505,42.422],[73.115,42.551],[72.841,42.556],[72.726,42.653],[72.292,42.761],[72.105,42.75],[71.848,42.834],[71.584,42.76],[71.405,42.795],[71.003,42.564],[70.948,42.248],[70.734,42.197],[70.61,42.027],[70.455,42.094],[70.315,42.035],[70.136,41.848],[69.912,41.713],[69.625,41.668],[69.331,41.478],[69.044,41.379],[69.039,41.22],[68.746,41.064],[68.571,40.914],[68.593,40.599],[68.462,40.585],[68.068,40.788],[68.119,41.034],[67.937,41.2],[66.815,41.142],[66.688,41.199],[66.539,41.741],[66.504,41.993],[66.017,41.998],[66.014,42.403],[66.053,42.441],[66.101,42.99],[65.795,42.877],[65.517,43.297],[65.271,43.417],[64.957,43.697],[64.855,43.713],[64.427,43.547],[63.208,43.627],[62.026,43.481],[61.986,43.493],[61.162,44.168],[61.036,44.383],[59.479,45.122],[58.531,45.559],[57.478,45.337],[55.976,44.995],[55.976,44.075],[55.977,42.699],[55.978,41.322],[55.635,41.264],[55.43,41.291],[55.228,41.473],[54.951,41.796],[54.907,41.932],[54.738,42.048],[54.195,42.318],[54.047,42.345],[53.412,42.258],[52.979,42.127],[52.438,41.749],[52.485,41.942],[52.402,42.093],[52.599,42.345],[52.745,42.657],[52.574,42.799],[52.169,42.887],[51.933,42.835],[51.651,43.191],[51.266,43.188],[51.32,43.443],[51.142,43.634],[50.861,44.069],[50.847,44.189],[50.696,44.264],[50.345,44.311],[50.23,44.391],[50.299,44.655],[50.895,44.621],[51.115,44.488],[51.319,44.596],[51.201,44.741],[50.971,44.847],[50.959,44.979],[51.243,45.101],[51.397,45.333],[51.792,45.405],[51.958,45.372],[52.567,45.401],[52.91,45.313],[53.143,45.384],[52.738,45.526],[52.746,45.639],[53.087,46.02],[53.157,46.342],[53.083,46.435],[53.188,46.718],[52.936,46.949],[52.615,46.95],[52.456,47.001],[52.239,46.807],[51.764,46.916],[51.503,47.061],[51.187,47.117],[50.971,47.06],[50.607,46.868],[50.169,46.749],[49.817,46.54],[49.638,46.577],[49.304,46.466],[49.227,46.328],[48.474,46.659],[48.557,46.762],[48.764,46.683],[49.006,46.769],[48.697,47.101],[48.525,47.41],[48.361,47.493],[48.174,47.713],[48.044,47.77],[47.65,47.766],[47.435,47.834],[47.36,47.683],[47.174,47.771],[47.051,47.975],[47.078,48.275],[46.479,48.41],[46.754,48.914],[47.021,49.097],[47.029,49.201],[46.775,49.333],[46.9,49.82],[47.329,50.073],[47.295,50.275],[47.625,50.441],[47.993,50.182],[48.239,49.865],[48.418,49.812],[48.785,49.933],[48.886,50.02],[48.701,50.335],[48.673,50.58],[48.83,50.596],[49.144,50.782],[49.424,50.882],[49.423,51.102],[49.779,51.102],[49.987,51.23],[50.325,51.303],[50.518,51.46],[50.582,51.635],[51.234,51.685],[51.372,51.63],[51.304,51.472],[51.647,51.451],[51.897,51.68],[52.092,51.659],[52.335,51.764],[52.525,51.468],[52.79,51.505],[52.96,51.456],[53.19,51.512],[53.61,51.388],[53.674,51.22],[53.936,51.186],[54.112,51.096],[54.276,50.904],[54.479,50.853],[54.384,50.6],[54.676,50.603],[54.638,51.028],[55.305,50.665],[55.491,50.646],[55.66,50.53],[56.079,50.725],[56.508,51.066],[56.865,51.052],[57.168,51.094],[57.334,50.897],[57.737,50.938],[57.769,51.12],[58.595,51.023],[58.664,50.79],[58.926,50.678],[59.438,50.631],[59.523,50.475],[59.775,50.534],[60.021,50.854],[60.3,50.685],[60.718,50.653],[61.372,50.782],[61.593,51.278],[61.474,51.426],[61.038,51.48],[60.921,51.611],[60.515,51.618],[60.452,51.805],[60.138,51.889],[60.203,51.993],[60.507,52.152],[60.672,52.144],[61.04,52.335],[60.831,52.513],[60.696,52.735],[60.829,52.772],[61.19,53.013],[61.448,53.021],[61.606,52.948],[62.094,52.992],[62.051,53.125],[61.203,53.276],[61.137,53.373],[61.281,53.542],[61.008,53.636],[61.202,53.82],[61.065,53.878],[61.312,54.06],[61.479,54.003],[62.413,54.027],[62.67,54.078],[63.085,54.086],[63.709,54.25],[64.579,54.386],[64.911,54.403],[65.213,54.343],[65.214,54.528],[65.477,54.633],[65.977,54.612],[66.447,54.711],[67.623,54.854],[67.817,54.952],[68.166,54.956],[68.308,55.073],[68.262,55.194],[68.616,55.205],[68.723,55.353],[69.186,55.326],[69.335,55.385],[69.674,55.334],[70.197,55.133],[70.46,55.287],[70.666,55.309],[70.977,55.078],[71.006,54.774],[71.201,54.724],[71.141,54.564],[71.182,54.102],[71.709,54.132],[71.762,54.248],[72.067,54.222],[72.185,54.357],[72.419,54.016],[72.624,54.135],[72.957,54.118],[73.063,53.979],[73.518,53.956],[73.23,53.662],[73.391,53.52],[73.873,53.632],[74.214,53.597],[74.616,53.681],[74.772,53.831],[75.028,53.808],[75.64,54.099],[76.805,54.41],[76.838,54.297],[76.665,54.134],[76.374,54.148],[76.526,53.961],[77.613,53.443],[77.867,53.272],[78.476,52.638],[79.47,51.493],[79.99,50.788],[80.439,50.958],[80.434,51.201],[80.683,51.302],[81.159,51.174],[81.058,50.947],[81.401,50.959],[81.46,50.73],[81.763,50.784],[82.073,50.716],[82.698,50.811],[82.976,50.882],[83.108,50.993],[83.434,50.993],[83.8,50.876],[83.951,50.78],[84.198,50.493],[84.24,50.278],[84.441,50.245],[84.976,50.075],[85.033,49.885],[85.263,49.582],[85.384,49.616],[86.112,49.52],[86.482,49.677],[86.61,49.796],[86.776,49.695],[86.592,49.587],[86.824,49.509],[86.905,49.352],[87.218,49.23],[87.324,49.085]]]},"properties":{"id":"kazakhstan"}},{"type":"Feature","geometry":{"type":"Polygon","coordinates":[[[70.959,40.238],[70.639,40.085],[70.627,39.994],[69.97,40.212],[69.575,40.104],[69.314,39.987],[69.226,39.751],[69.286,39.54],[69.669,39.578],[70.02,39.569],[70.241,39.522],[70.46,39.6],[70.622,39.564],[70.698,39.419],[71.009,39.408],[71.46,39.612],[71.513,39.459],[71.74,39.448],[71.844,39.285],[72.05,39.369],[72.203,39.241],[72.316,39.329],[72.65,39.394],[73.168,39.355],[73.477,39.465],[73.633,39.448],[73.602,39.236],[73.816,38.994],[73.684,38.855],[73.797,38.603],[73.933,38.53],[74.14,38.669],[74.334,38.667],[74.776,38.511],[74.791,38.081],[74.893,37.994],[74.962,37.758],[74.892,37.599],[75.164,37.401],[74.892,37.231],[74.66,37.394],[74.224,37.403],[74.163,37.33],[73.798,37.229],[73.753,37.428],[73.485,37.481],[73.296,37.465],[73.088,37.326],[72.831,37.24],[72.658,37.029],[72.26,36.967],[71.837,36.699],[71.611,36.705],[71.431,37.067],[71.487,37.267],[71.497,37.567],[71.598,37.898],[71.256,37.95],[71.365,38.207],[70.987,38.471],[70.761,38.444],[70.596,38.338],[70.483,38.137],[70.165,37.89],[70.283,37.705],[70.129,37.532],[69.895,37.618],[69.529,37.586],[69.384,37.453],[69.445,37.236],[69.324,37.121],[69.124,37.169],[69.005,37.306],[68.307,37.114],[68.011,36.931],[67.781,37.189],[67.829,37.528],[68.249,37.949],[68.361,38.174],[68.184,38.335],[68.055,38.536],[68.045,38.707],[68.173,38.845],[68.086,38.994],[67.691,38.99],[67.679,39.106],[67.378,39.199],[67.427,39.477],[67.765,39.623],[68.338,39.528],[68.517,39.548],[68.616,39.828],[68.877,39.901],[68.602,40.175],[69.019,40.232],[69.198,40.183],[69.313,40.343],[69.198,40.546],[69.436,40.803],[69.66,40.639],[70.28,40.878],[70.446,41.026],[70.697,40.816],[70.756,40.695],[70.354,40.456],[70.582,40.222],[70.959,40.238]]]},"properties":{"id":"tajikistan"}},{"type":"Feature","geometry":{"type":"Polygon","coordinates":[[[26.595,55.667],[26.445,55.338],[26.769,55.3],[26.579,55.119],[26.309,55.145],[26.139,54.969],[25.908,54.948],[25.724,54.78],[25.74,54.569],[25.53,54.346],[25.194,54.244],[25.072,54.132],[24.856,54.147],[24.806,53.975],[24.579,53.976],[24.378,53.887],[24.201,53.952],[23.643,53.899],[23.486,53.939],[23.433,54.169],[22.963,54.382],[22.767,54.356],[22.68,54.453],[22.809,54.894],[22.581,55.058],[22.1,55.03],[21.268,55.249],[21.223,55.52],[21.074,55.745],[21.053,56.073],[21.29,56.207],[22.094,56.417],[23.017,56.324],[23.311,56.371],[23.858,56.334],[24.167,56.26],[24.447,56.261],[24.892,56.439],[25.109,56.183],[25.662,56.141],[26.179,55.85],[26.28,55.743],[26.595,55.667]]]},"properties":{"id":"lithuania"}},{"type":"Feature","geometry":{"type":"MultiPolygon","coordinates":[[[[-57.603,-30.191],[-57.612,-30.183],[-57.325,-29.981],[-57.292,-29.815],[-57.094,-29.752],[-56.677,-29.313],[-56.617,-29.161],[-56.416,-29.051],[-56.185,-28.744],[-55.898,-28.461],[-55.842,-28.346],[-55.677,-28.374],[-55.684,-28.196],[-55.441,-28.079],[-55.198,-27.861],[-55.026,-27.84],[-54.907,-27.727],[-54.828,-27.545],[-54.7,-27.553],[-54.465,-27.423],[-54.287,-27.428],[-54.19,-27.261],[-53.819,-27.14],[-53.711,-26.874],[-53.746,-26.694],[-53.724,-26.376],[-53.667,-26.219],[-53.826,-25.973],[-53.91,-25.629],[-54.215,-25.531],[-54.461,-25.642],[-54.6,-25.575],[-54.61,-25.433],[-54.43,-25.131],[-54.462,-25.037],[-54.321,-24.628],[-54.261,-24.329],[-54.335,-24.149],[-54.245,-24.051],[-54.613,-23.811],[-54.944,-23.969],[-55.201,-24.02],[-55.43,-23.929],[-55.445,-23.735],[-55.531,-23.603],[-55.535,-23.229],[-55.638,-23.001],[-55.631,-22.627],[-55.724,-22.57],[-55.752,-22.416],[-55.893,-22.307],[-56.197,-22.279],[-56.422,-22.074],[-56.655,-22.237],[-56.843,-22.289],[-57.227,-22.191],[-57.844,-22.144],[-57.987,-22.035],[-57.896,-21.688],[-57.93,-21.453],[-57.856,-21.331],[-57.825,-20.999],[-57.909,-20.882],[-57.86,-20.73],[-57.991,-20.621],[-57.989,-20.433],[-58.083,-20.376],[-58.159,-20.165],[-57.86,-19.98],[-58.125,-19.73],[-57.789,-19.059],[-57.782,-18.91],[-57.551,-18.184],[-57.73,-17.846],[-57.791,-17.556],[-58.01,-17.497],[-58.381,-17.267],[-58.467,-16.876],[-58.48,-16.684],[-58.356,-16.51],[-58.34,-16.289],[-58.465,-16.331],[-60.13,-16.273],[-60.18,-16.222],[-60.238,-15.503],[-60.529,-15.144],[-60.275,-15.095],[-60.292,-14.63],[-60.474,-14.117],[-60.39,-13.975],[-60.473,-13.798],[-60.897,-13.553],[-61.348,-13.494],[-61.814,-13.544],[-62.222,-13.121],[-62.382,-13.14],[-62.493,-13.065],[-62.77,-13.01],[-62.988,-12.844],[-63.075,-12.653],[-63.247,-12.701],[-63.393,-12.665],[-63.496,-12.553],[-63.801,-12.455],[-63.921,-12.544],[-64.396,-12.457],[-64.469,-12.261],[-64.716,-12.147],[-64.793,-12.033],[-64.997,-11.996],[-65.066,-11.753],[-65.196,-11.742],[-65.216,-11.53],[-65.32,-11.476],[-65.395,-11.153],[-65.303,-10.991],[-65.442,-10.528],[-65.288,-10.216],[-65.333,-10.008],[-65.304,-9.826],[-65.452,-9.681],[-65.579,-9.833],[-65.71,-9.756],[-66.102,-9.787],[-66.453,-9.889],[-66.632,-9.904],[-66.903,-10.093],[-67.172,-10.32],[-67.301,-10.315],[-67.585,-10.502],[-67.722,-10.705],[-68.01,-10.66],[-68.112,-10.714],[-68.293,-10.979],[-68.616,-11.112],[-68.787,-11.126],[-68.884,-11.016],[-69.396,-10.935],[-69.578,-10.952],[-69.956,-10.919],[-70.289,-11.065],[-70.437,-11.037],[-70.534,-10.938],[-70.641,-11.011],[-70.638,-9.852],[-70.543,-9.727],[-70.681,-9.528],[-70.875,-9.66],[-71.015,-9.817],[-71.197,-9.94],[-71.391,-10.007],[-72.196,-10.006],[-72.16,-9.888],[-72.265,-9.762],[-72.307,-9.541],[-72.43,-9.482],[-72.813,-9.411],[-73.215,-9.409],[-72.959,-9.086],[-72.976,-8.985],[-73.192,-8.704],[-73.351,-8.598],[-73.371,-8.465],[-73.527,-8.372],[-73.668,-8.014],[-73.779,-7.954],[-73.712,-7.788],[-73.969,-7.585],[-73.979,-7.375],[-73.713,-7.305],[-73.812,-7.103],[-73.765,-6.904],[-73.685,-6.812],[-73.371,-6.584],[-73.199,-6.546],[-73.132,-6.435],[-73.235,-6.078],[-73.14,-5.879],[-73.001,-5.709],[-72.973,-5.466],[-72.897,-5.272],[-72.918,-5.132],[-72.654,-5.063],[-72.404,-4.86],[-72.397,-4.806],[-72.127,-4.68],[-71.907,-4.518],[-71.363,-4.459],[-71.265,-4.375],[-70.969,-4.385],[-70.832,-4.179],[-70.585,-4.195],[-70.43,-4.134],[-70.311,-4.171],[-70.231,-4.304],[-69.965,-4.236],[-69.8,-3.395],[-69.654,-2.589],[-69.399,-1.183],[-69.45,-0.997],[-69.628,-0.733],[-69.632,-0.507],[-69.944,-0.305],[-70.074,-0.125],[-70.054,0.588],[-69.619,0.651],[-69.504,0.73],[-69.226,0.615],[-69.152,0.868],[-69.274,1.028],[-69.75,1.091],[-69.852,1.059],[-69.849,1.669],[-69.58,1.77],[-69.352,1.72],[-68.163,1.721],[-68.261,1.858],[-68.201,2.008],[-68.059,1.816],[-67.929,1.741],[-67.79,1.813],[-67.593,2.055],[-67.366,2.115],[-67.117,1.71],[-67.074,1.541],[-67.098,1.253],[-67.065,1.173],[-66.875,1.223],[-66.346,0.759],[-66.156,0.733],[-65.974,0.807],[-65.745,0.974],[-65.596,0.984],[-65.525,0.908],[-65.587,0.739],[-65.451,0.69],[-65.327,0.91],[-65.203,0.924],[-65.137,1.127],[-65.022,1.14],[-64.839,1.271],[-64.731,1.248],[-64.409,1.508],[-64.39,1.369],[-64.13,1.578],[-64.075,1.665],[-64.054,1.894],[-63.995,1.958],[-63.763,1.986],[-63.618,2.101],[-63.412,2.149],[-63.385,2.421],[-63.831,2.429],[-64.048,2.471],[-63.998,2.706],[-64.223,3.124],[-64.246,3.419],[-64.203,3.595],[-64.324,3.724],[-64.531,3.854],[-64.663,3.997],[-64.59,4.119],[-64.365,4.152],[-64.147,4.111],[-64.064,3.912],[-63.875,3.95],[-63.623,3.935],[-63.511,3.855],[-63.425,3.968],[-63.286,3.921],[-62.997,3.599],[-62.796,3.597],[-62.74,3.742],[-62.766,4.021],[-62.561,4.038],[-62.384,4.173],[-62.193,4.095],[-61.931,4.146],[-61.719,4.255],[-61.567,4.249],[-61.458,4.419],[-61.297,4.524],[-61.012,4.518],[-60.896,4.709],[-60.764,4.755],[-60.613,4.901],[-60.664,5.17],[-60.74,5.202],[-60.456,5.175],[-60.213,5.267],[-59.983,5.086],[-60.032,4.725],[-60.149,4.513],[-59.975,4.504],[-59.69,4.384],[-59.727,4.176],[-59.529,3.932],[-59.68,3.702],[-59.838,3.609],[-59.828,3.383],[-59.959,3.066],[-60,2.694],[-59.903,2.36],[-59.742,2.264],[-59.765,1.921],[-59.681,1.757],[-59.573,1.727],[-59.242,1.378],[-59.011,1.328],[-58.852,1.189],[-58.683,1.282],[-58.519,1.267],[-58.514,1.439],[-58.332,1.593],[-58.027,1.517],[-57.985,1.658],[-57.561,1.709],[-57.341,1.969],[-57.104,2.021],[-57.037,1.932],[-56.806,1.874],[-56.482,1.942],[-56.02,1.834],[-55.922,1.886],[-55.915,2.038],[-56.117,2.333],[-55.989,2.521],[-55.724,2.397],[-55.4,2.43],[-55.355,2.495],[-55.112,2.528],[-55.018,2.591],[-54.88,2.447],[-54.703,2.446],[-54.615,2.326],[-54.323,2.157],[-53.946,2.222],[-53.748,2.319],[-53.532,2.247],[-53.344,2.35],[-53.234,2.251],[-52.981,2.173],[-52.708,2.359],[-52.553,2.573],[-52.533,2.69],[-52.353,3.058],[-52.013,3.619],[-51.988,3.705],[-51.683,4.039],[-51.552,4.207],[-51.516,4.441],[-51.389,4.359],[-51.224,4.165],[-51.08,3.882],[-51.093,3.376],[-50.98,2.939],[-50.742,2.378],[-50.713,2.237],[-50.467,1.815],[-50.183,1.819],[-49.91,1.664],[-49.873,1.36],[-49.89,1.165],[-50.312,0.817],[-50.466,0.646],[-50.609,0.374],[-50.791,0.17],[-50.929,0.155],[-51.069,-0.019],[-51.202,-0.049],[-51.322,-0.215],[-51.445,-0.471],[-51.697,-0.747],[-51.715,-1.028],[-51.929,-1.178],[-51.921,-1.326],[-52.008,-1.402],[-52.195,-1.345],[-52.402,-1.422],[-52.124,-1.619],[-51.915,-1.571],[-51.67,-1.402],[-51.268,-1.22],[-51.033,-1.038],[-50.943,-0.909],[-50.827,-0.922],[-50.819,-1.436],[-50.689,-1.612],[-50.66,-1.803],[-50.373,-1.974],[-50.281,-1.894],[-49.977,-1.826],[-49.676,-1.909],[-49.485,-1.764],[-49.379,-1.896],[-49.446,-2.184],[-49.332,-2.205],[-49.232,-1.948],[-48.966,-1.6],[-48.812,-1.621],[-48.642,-1.386],[-48.535,-1.581],[-48.483,-1.281],[-48.34,-1.316],[-48.187,-1.019],[-48.154,-0.782],[-47.946,-0.74],[-47.585,-0.578],[-47.415,-0.661],[-47.294,-0.593],[-47.208,-0.699],[-46.715,-0.878],[-46.657,-0.814],[-46.48,-1.022],[-46.297,-1.032],[-46.231,-1.148],[-46.102,-1.073],[-45.892,-1.172],[-45.81,-1.275],[-45.696,-1.161],[-45.56,-1.283],[-45.496,-1.481],[-45.247,-1.579],[-45.091,-1.464],[-44.891,-1.512],[-44.708,-1.813],[-44.522,-1.847],[-44.497,-2.148],[-44.362,-2.31],[-44.501,-2.42],[-44.625,-2.707],[-44.694,-2.995],[-44.614,-3.112],[-44.433,-2.95],[-44.368,-2.55],[-44.053,-2.4],[-44.014,-2.635],[-43.668,-2.483],[-43.5,-2.525],[-43.312,-2.346],[-42.71,-2.56],[-42.453,-2.752],[-41.969,-2.834],[-41.839,-2.729],[-41.675,-2.88],[-41.343,-2.92],[-40.582,-2.827],[-40.5,-2.786],[-39.986,-2.848],[-39.726,-3.022],[-39.358,-3.184],[-39.081,-3.377],[-38.96,-3.418],[-38.66,-3.676],[-38.457,-3.718],[-38.378,-3.87],[-38.251,-3.962],[-38.107,-4.158],[-37.854,-4.376],[-37.769,-4.396],[-37.607,-4.608],[-37.325,-4.696],[-37.183,-4.911],[-36.899,-4.938],[-36.791,-5.051],[-36.59,-5.103],[-36.131,-5.096],[-35.997,-5.048],[-35.511,-5.144],[-35.404,-5.226],[-35.262,-5.483],[-35.093,-6.186],[-34.982,-6.391],[-34.917,-6.864],[-34.797,-7.158],[-34.805,-7.623],[-34.9,-7.718],[-34.812,-7.906],[-34.94,-8.351],[-35.127,-8.806],[-35.147,-8.912],[-35.305,-9.193],[-35.482,-9.368],[-35.696,-9.673],[-35.858,-9.735],[-35.883,-9.856],[-36.036,-10.064],[-36.251,-10.248],[-36.408,-10.502],[-36.577,-10.55],[-36.903,-10.773],[-37.04,-10.949],[-37.172,-11.204],[-37.265,-11.277],[-37.435,-11.569],[-37.655,-12.05],[-38.051,-12.641],[-38.361,-12.962],[-38.476,-12.852],[-38.509,-12.723],[-38.722,-12.622],[-38.734,-12.88],[-38.842,-13.161],[-39.062,-13.4],[-38.968,-13.674],[-39.022,-13.956],[-38.924,-14.004],[-39.067,-14.675],[-39.023,-14.816],[-39.002,-15.232],[-38.924,-15.716],[-38.864,-15.843],[-39.054,-16.436],[-39.136,-16.8],[-39.124,-16.898],[-39.209,-17.162],[-39.184,-17.601],[-39.137,-17.68],[-39.275,-17.867],[-39.499,-18.006],[-39.625,-18.193],[-39.725,-18.519],[-39.741,-18.902],[-39.698,-19.24],[-39.71,-19.416],[-39.835,-19.657],[-40.027,-19.764],[-40.191,-20.19],[-40.349,-20.5],[-40.583,-20.802],[-40.732,-20.844],[-40.965,-21.274],[-41.072,-21.523],[-40.967,-21.948],[-40.995,-22.014],[-41.244,-22.145],[-41.666,-22.282],[-41.966,-22.535],[-41.99,-22.826],[-42.058,-22.954],[-42.532,-22.934],[-43.031,-22.974],[-43.076,-22.666],[-43.27,-22.747],[-43.162,-22.896],[-43.22,-22.995],[-43.751,-23.049],[-43.864,-22.896],[-44.056,-22.94],[-44.191,-23.049],[-44.436,-22.997],[-44.673,-23.059],[-44.674,-23.338],[-44.988,-23.402],[-45.07,-23.515],[-45.29,-23.57],[-45.434,-23.665],[-45.509,-23.838],[-45.864,-23.756],[-46.08,-23.828],[-46.175,-23.991],[-46.364,-23.894],[-46.407,-24.009],[-46.937,-24.273],[-47,-24.41],[-47.442,-24.68],[-47.531,-24.688],[-47.893,-24.961],[-47.952,-25.201],[-48.247,-25.411],[-48.414,-25.41],[-48.524,-25.515],[-48.433,-25.622],[-48.613,-26.041],[-48.583,-26.157],[-48.798,-26.305],[-48.644,-26.385],[-48.682,-26.719],[-48.575,-27.016],[-48.647,-27.48],[-48.647,-27.647],[-48.57,-27.878],[-48.696,-28.342],[-48.855,-28.475],[-48.765,-28.544],[-49.343,-28.924],[-49.552,-29.127],[-49.811,-29.443],[-50.045,-29.815],[-50.316,-30.462],[-50.721,-31.045],[-51.152,-31.482],[-51.563,-31.777],[-51.864,-31.932],[-52.033,-32.109],[-52.088,-31.859],[-51.923,-31.869],[-51.666,-31.77],[-51.463,-31.557],[-51.245,-31.464],[-51.18,-31.359],[-51.176,-31.149],[-50.988,-31.046],[-50.939,-30.896],[-50.731,-30.792],[-50.537,-30.32],[-50.898,-30.31],[-51.123,-30.256],[-51.383,-30.659],[-51.362,-30.879],[-51.443,-31.081],[-51.624,-31.135],[-51.653,-31.259],[-51.923,-31.307],[-52.077,-31.681],[-52.246,-31.841],[-52.091,-32.166],[-52.229,-32.251],[-52.375,-32.499],[-52.471,-32.801],[-52.622,-33.102],[-52.819,-33.323],[-53.379,-33.741],[-53.54,-33.649],[-53.512,-33.099],[-53.327,-32.974],[-53.114,-32.741],[-53.186,-32.647],[-53.416,-32.564],[-53.635,-32.369],[-53.772,-32.047],[-54.069,-31.88],[-54.135,-31.909],[-54.464,-31.672],[-54.592,-31.471],[-54.82,-31.435],[-55.029,-31.269],[-55.244,-31.245],[-55.369,-31.037],[-55.613,-30.843],[-55.817,-31.043],[-55.989,-30.856],[-56.235,-30.565],[-56.386,-30.476],[-56.831,-30.102],[-57.102,-30.121],[-57.184,-30.268],[-57.415,-30.296],[-57.603,-30.191]]],[[[-48.195,-0.819],[-48.207,-1.018],[-48.319,-0.974],[-48.195,-0.819]]],[[[-50.819,-0.62],[-50.843,-0.716],[-51.1,-0.826],[-51.069,-0.68],[-50.819,-0.62]]],[[[-51.186,-0.614],[-51.156,-0.682],[-51.435,-1.187],[-51.786,-1.45],[-51.954,-1.422],[-51.872,-1.243],[-51.718,-1.13],[-51.676,-0.847],[-51.56,-0.665],[-51.308,-0.519],[-51.186,-0.614]]],[[[-48.463,-0.576],[-48.538,-0.894],[-48.643,-1.084],[-48.842,-1.213],[-48.839,-1.443],[-49.223,-1.621],[-49.557,-1.645],[-49.559,-1.724],[-49.824,-1.817],[-50.052,-1.704],[-50.155,-1.779],[-50.405,-1.831],[-50.56,-1.799],[-50.588,-1.685],[-50.804,-1.425],[-50.778,-1.173],[-50.78,-0.661],[-50.655,-0.264],[-50.35,-0.099],[-50.096,-0.132],[-49.653,-0.241],[-49.425,-0.23],[-49.326,-0.155],[-48.927,-0.159],[-48.892,-0.216],[-48.427,-0.26],[-48.373,-0.374],[-48.463,-0.576]]],[[[-50.974,-0.291],[-51.033,-0.168],[-50.947,-0.012],[-50.766,0.046],[-50.627,-0.086],[-50.923,-0.33],[-50.974,-0.291]]],[[[-49.832,-0.103],[-49.628,0.058],[-49.428,0.071],[-49.348,-0.01],[-49.439,-0.121],[-49.832,-0.103]]],[[[-50.634,0.071],[-50.611,0.183],[-50.446,0.126],[-50.447,-0.015],[-50.634,0.071]]],[[[-50.037,0.3],[-49.922,0.293],[-49.65,0.386],[-49.529,0.301],[-49.692,0.205],[-49.83,0.011],[-50.005,-0.053],[-50.069,0.017],[-50.298,0.012],[-50.367,0.215],[-50.107,0.222],[-50.037,0.3]]],[[[-50.378,0.245],[-50.431,0.548],[-50.347,0.571],[-50.323,0.287],[-50.378,0.245]]],[[[-50.312,0.414],[-50.242,0.593],[-50.038,0.606],[-50.043,0.51],[-50.281,0.357],[-50.312,0.414]]],[[[-50.454,2.111],[-50.312,1.947],[-50.459,1.881],[-50.524,2.001],[-50.454,2.111]]],[[[-45.214,-23.907],[-45.447,-23.877],[-45.325,-23.725],[-45.214,-23.907]]]]},"properties":{"id":"brazil"}},{"type":"Feature","geometry":{"type":"Polygon","coordinates":[[[-57.603,-30.191],[-57.415,-30.296],[-57.184,-30.268],[-57.102,-30.121],[-56.831,-30.102],[-56.386,-30.476],[-56.235,-30.565],[-55.989,-30.856],[-56.011,-31.082],[-55.817,-31.043],[-55.613,-30.843],[-55.369,-31.037],[-55.244,-31.245],[-55.029,-31.269],[-54.82,-31.435],[-54.592,-31.471],[-54.464,-31.672],[-54.135,-31.909],[-54.069,-31.88],[-53.772,-32.047],[-53.635,-32.369],[-53.416,-32.564],[-53.186,-32.647],[-53.114,-32.741],[-53.327,-32.974],[-53.512,-33.099],[-53.54,-33.649],[-53.379,-33.741],[-53.486,-33.869],[-53.539,-34.062],[-53.711,-34.199],[-53.765,-34.39],[-53.972,-34.487],[-54.146,-34.668],[-54.306,-34.708],[-54.939,-34.97],[-55.051,-34.891],[-55.26,-34.898],[-55.377,-34.801],[-55.792,-34.774],[-56.07,-34.901],[-56.311,-34.906],[-56.448,-34.758],[-56.795,-34.698],[-57.12,-34.463],[-57.823,-34.475],[-58.077,-34.192],[-58.196,-34.159],[-58.389,-33.942],[-58.435,-33.785],[-58.413,-33.372],[-58.367,-33.154],[-58.174,-33.11],[-58.048,-32.912],[-58.131,-32.803],[-58.2,-32.447],[-58.2,-32.445],[-58.102,-32.311],[-58.187,-32.153],[-58.145,-32.018],[-58.203,-31.893],[-58.049,-31.797],[-57.987,-31.554],[-58.075,-31.475],[-57.905,-31.241],[-57.802,-30.773],[-57.886,-30.59],[-57.85,-30.485],[-57.653,-30.329],[-57.642,-30.193],[-57.603,-30.191]]]},"properties":{"id":"uruguay"}},{"type":"Feature","geometry":{"type":"Polygon","coordinates":[[[116.684,49.823],[116.038,48.87],[116.028,48.767],[115.8,48.53],[115.809,48.274],[115.514,48.132],[115.562,47.933],[115.853,47.706],[115.973,47.709],[116.244,47.863],[116.5,47.836],[116.853,47.872],[117.07,47.81],[117.317,47.654],[117.742,47.978],[118.182,48.028],[118.473,47.989],[118.767,47.756],[119.083,47.662],[119.122,47.539],[119.7,47.16],[119.903,46.842],[119.907,46.718],[119.698,46.595],[119.317,46.612],[118.816,46.758],[118.72,46.677],[118.269,46.723],[117.696,46.512],[117.394,46.571],[117.302,46.35],[116.805,46.383],[116.568,46.291],[116.357,46.106],[116.213,45.908],[116.17,45.709],[116.012,45.679],[115.638,45.444],[114.939,45.374],[114.737,45.425],[114.534,45.386],[114.419,45.201],[114.017,44.927],[113.889,44.908],[113.635,44.746],[113.105,44.794],[112.586,44.924],[112.38,45.071],[112.011,45.087],[111.739,44.966],[111.406,44.416],[111.519,44.189],[111.839,43.939],[111.933,43.697],[111.754,43.663],[111.597,43.523],[110.934,43.288],[110.407,42.769],[110.043,42.636],[109.667,42.549],[109.485,42.449],[108.994,42.45],[108.797,42.398],[108.177,42.454],[106.768,42.287],[105.869,41.993],[105.201,41.743],[105.015,41.596],[104.892,41.645],[104.498,41.666],[104.501,41.871],[103.721,41.756],[103.073,42.005],[102.034,42.185],[101.735,42.461],[101.411,42.545],[101.219,42.53],[100.017,42.677],[99.474,42.564],[98.256,42.683],[97.193,42.787],[96.351,42.741],[96.294,42.933],[95.908,43.215],[95.833,43.409],[95.51,43.979],[95.328,44.007],[95.379,44.287],[95.037,44.255],[94.698,44.343],[94.338,44.512],[94.195,44.654],[93.975,44.66],[93.714,44.875],[93.525,44.951],[92.753,45.038],[92.475,44.997],[92.076,45.069],[91.522,45.077],[91.135,45.198],[90.905,45.186],[90.651,45.493],[90.711,45.752],[91.002,46.022],[90.896,46.302],[91.047,46.566],[91.005,46.74],[90.828,46.982],[90.712,47.015],[90.469,47.309],[90.441,47.493],[90.327,47.623],[90.083,47.756],[90.045,47.88],[89.751,47.824],[89.542,48.031],[89.046,47.993],[88.581,48.212],[88.565,48.343],[88.236,48.493],[88.017,48.54],[88.055,48.673],[87.806,48.801],[87.757,48.92],[87.816,49.166],[88.109,49.247],[88.175,49.444],[88.379,49.476],[88.871,49.436],[89.161,49.503],[89.252,49.629],[89.682,49.708],[89.624,49.903],[89.969,49.967],[90.051,50.084],[90.718,50.281],[90.975,50.414],[91.416,50.461],[91.75,50.684],[92.159,50.689],[92.315,50.856],[92.612,50.688],[92.962,50.778],[93.011,50.623],[93.536,50.585],[94.238,50.565],[94.392,50.186],[94.625,50.015],[94.922,50.046],[95.076,49.946],[95.481,49.892],[95.867,50.015],[96.568,49.862],[96.969,49.887],[97.302,49.726],[97.847,49.93],[98.106,50.064],[98.262,50.284],[98.301,50.493],[98.023,50.642],[97.99,50.836],[97.809,50.97],[98.051,51.466],[98.22,51.475],[98.332,51.718],[98.619,51.781],[98.847,52.039],[99.025,52.046],[99.324,51.934],[99.679,51.889],[100.006,51.732],[100.511,51.727],[101.388,51.451],[101.724,51.451],[102.051,51.384],[102.23,50.979],[102.217,50.799],[102.329,50.719],[102.328,50.546],[102.587,50.415],[103.253,50.215],[103.668,50.131],[103.785,50.186],[104.122,50.148],[104.406,50.301],[105.329,50.476],[105.985,50.4],[106.245,50.29],[106.657,50.327],[106.974,50.196],[107.07,50.066],[107.364,49.976],[107.947,49.933],[108.033,49.589],[108.251,49.522],[108.538,49.327],[109.287,49.339],[109.516,49.256],[109.729,49.266],[110.181,49.162],[110.433,49.203],[110.731,49.138],[111.338,49.365],[112.03,49.412],[112.432,49.529],[112.701,49.491],[113.044,49.589],[113.212,49.822],[113.58,50.02],[113.85,50.081],[114.286,50.277],[114.754,50.236],[114.997,50.144],[115.369,49.895],[115.751,49.885],[116.218,50.014],[116.575,49.922],[116.684,49.823]]]},"properties":{"id":"mongolia"}},{"type":"Feature","geometry":{"type":"MultiPolygon","coordinates":[[[[87.816,49.166],[87.324,49.085],[87.218,49.23],[86.905,49.352],[86.824,49.509],[86.592,49.587],[86.776,49.695],[86.61,49.796],[86.482,49.677],[86.112,49.52],[85.384,49.616],[85.263,49.582],[85.033,49.885],[84.976,50.075],[84.441,50.245],[84.24,50.278],[84.198,50.493],[83.951,50.78],[83.8,50.876],[83.434,50.993],[83.108,50.993],[82.976,50.882],[82.698,50.811],[82.073,50.716],[81.763,50.784],[81.46,50.73],[81.401,50.959],[81.058,50.947],[81.159,51.174],[80.683,51.302],[80.434,51.201],[80.439,50.958],[79.99,50.788],[79.47,51.493],[78.476,52.638],[77.867,53.272],[77.613,53.443],[76.526,53.961],[76.374,54.148],[76.665,54.134],[76.838,54.297],[76.805,54.41],[75.64,54.099],[75.028,53.808],[74.772,53.831],[74.616,53.681],[74.214,53.597],[73.873,53.632],[73.391,53.52],[73.23,53.662],[73.518,53.956],[73.063,53.979],[72.957,54.118],[72.624,54.135],[72.419,54.016],[72.185,54.357],[72.067,54.222],[71.762,54.248],[71.709,54.132],[71.182,54.102],[71.141,54.564],[71.201,54.724],[71.006,54.774],[70.977,55.078],[70.666,55.309],[70.46,55.287],[70.197,55.133],[69.674,55.334],[69.335,55.385],[69.186,55.326],[68.723,55.353],[68.616,55.205],[68.262,55.194],[68.308,55.073],[68.166,54.956],[67.817,54.952],[67.623,54.854],[66.447,54.711],[65.977,54.612],[65.477,54.633],[65.214,54.528],[65.213,54.343],[64.911,54.403],[64.579,54.386],[63.709,54.25],[63.085,54.086],[62.67,54.078],[62.413,54.027],[61.479,54.003],[61.312,54.06],[61.065,53.878],[61.202,53.82],[61.008,53.636],[61.281,53.542],[61.137,53.373],[61.203,53.276],[62.051,53.125],[62.094,52.992],[61.606,52.948],[61.448,53.021],[61.19,53.013],[60.829,52.772],[60.696,52.735],[60.831,52.513],[61.04,52.335],[60.672,52.144],[60.507,52.152],[60.203,51.993],[60.138,51.889],[60.452,51.805],[60.515,51.618],[60.921,51.611],[61.038,51.48],[61.474,51.426],[61.593,51.278],[61.372,50.782],[60.718,50.653],[60.3,50.685],[60.021,50.854],[59.775,50.534],[59.523,50.475],[59.438,50.631],[58.926,50.678],[58.664,50.79],[58.595,51.023],[57.769,51.12],[57.737,50.938],[57.334,50.897],[57.168,51.094],[56.865,51.052],[56.508,51.066],[56.079,50.725],[55.66,50.53],[55.491,50.646],[55.305,50.665],[54.638,51.028],[54.676,50.603],[54.384,50.6],[54.479,50.853],[54.276,50.904],[54.112,51.096],[53.936,51.186],[53.674,51.22],[53.61,51.388],[53.19,51.512],[52.96,51.456],[52.79,51.505],[52.525,51.468],[52.335,51.764],[52.092,51.659],[51.897,51.68],[51.647,51.451],[51.304,51.472],[51.372,51.63],[51.234,51.685],[50.582,51.635],[50.518,51.46],[50.325,51.303],[49.987,51.23],[49.779,51.102],[49.423,51.102],[49.424,50.882],[49.144,50.782],[48.83,50.596],[48.673,50.58],[48.701,50.335],[48.886,50.02],[48.785,49.933],[48.418,49.812],[48.239,49.865],[47.993,50.182],[47.625,50.441],[47.295,50.275],[47.329,50.073],[46.9,49.82],[46.775,49.333],[47.029,49.201],[47.021,49.097],[46.754,48.914],[46.479,48.41],[47.078,48.275],[47.051,47.975],[47.174,47.771],[47.36,47.683],[47.435,47.834],[47.65,47.766],[48.044,47.77],[48.174,47.713],[48.361,47.493],[48.525,47.41],[48.697,47.101],[49.006,46.769],[48.764,46.683],[48.557,46.762],[48.474,46.659],[49.227,46.328],[48.887,46.122],[48.714,46.13],[48.573,45.971],[48.216,45.725],[47.752,45.691],[47.572,45.559],[47.084,44.818],[46.792,44.706],[46.68,44.528],[46.773,44.395],[47.026,44.36],[47.246,44.212],[47.503,43.781],[47.602,43.766],[47.491,43.463],[47.462,43.021],[47.698,42.867],[47.716,42.697],[47.868,42.585],[48.304,42.103],[48.416,41.915],[48.579,41.845],[48.37,41.58],[48.054,41.461],[47.899,41.229],[47.744,41.193],[47.268,41.303],[47.141,41.552],[47.027,41.557],[46.759,41.787],[46.55,41.798],[46.431,41.89],[46.198,41.996],[45.934,42.028],[45.631,42.201],[45.736,42.448],[45.699,42.508],[45.356,42.52],[45.184,42.675],[44.859,42.76],[44.272,42.702],[44.211,42.64],[43.94,42.552],[43.751,42.599],[43.783,42.753],[43.517,42.86],[43.194,42.927],[42.83,43.169],[42.596,43.14],[42.423,43.229],[42.154,43.217],[42.011,43.182],[41.551,43.226],[41.181,43.375],[41.012,43.375],[40.652,43.539],[40.48,43.509],[40.233,43.576],[40.059,43.535],[39.986,43.389],[39.718,43.568],[39.329,43.896],[38.978,44.148],[38.595,44.332],[38.178,44.406],[37.923,44.614],[37.478,44.677],[37.192,44.991],[36.586,45.172],[36.789,45.292],[36.833,45.443],[37.159,45.326],[37.431,45.322],[37.738,45.375],[37.587,45.601],[37.829,45.753],[37.94,46.02],[38.249,46.142],[38.446,46.034],[38.557,46.115],[38.3,46.219],[38.123,46.378],[37.827,46.477],[37.982,46.617],[38.403,46.821],[38.804,46.894],[39.075,47.033],[39.262,47.009],[39.264,47.261],[39.088,47.286],[38.938,47.19],[38.217,47.103],[38.189,47.301],[38.353,47.607],[38.735,47.677],[38.877,47.861],[39.093,47.832],[39.759,47.833],[39.843,48.12],[39.991,48.254],[39.809,48.584],[39.632,48.587],[39.782,48.888],[39.681,49.02],[39.919,49.048],[40.142,49.246],[40.041,49.455],[39.623,49.613],[39.558,49.724],[39.328,49.726],[39.183,49.859],[38.852,49.866],[38.344,49.992],[38,49.9],[37.728,50.079],[37.599,50.291],[37.435,50.425],[36.914,50.339],[36.683,50.261],[36.269,50.281],[36.106,50.421],[35.837,50.423],[35.697,50.345],[35.425,50.5],[35.445,50.688],[35.274,51.049],[35.099,51.183],[34.748,51.165],[34.284,51.301],[34.128,51.681],[34.376,51.709],[34.386,51.818],[34.068,52.031],[34.065,52.159],[33.804,52.355],[33.532,52.289],[33.197,52.369],[32.927,52.247],[32.528,52.316],[32.34,52.287],[32.307,52.141],[32.096,52.041],[31.764,52.101],[31.609,52.354],[31.57,52.725],[31.505,52.849],[31.247,53.014],[31.379,53.182],[31.739,53.193],[31.796,53.112],[32.206,53.1],[32.717,53.335],[32.72,53.439],[32.453,53.546],[32.481,53.662],[32.084,53.81],[31.754,53.82],[31.847,53.992],[31.748,54.086],[31.325,54.229],[31.168,54.622],[30.771,54.786],[30.815,54.928],[31.006,55.042],[30.794,55.286],[30.906,55.376],[30.913,55.572],[30.596,55.665],[30.469,55.794],[30.218,55.855],[29.869,55.831],[29.461,55.687],[29.344,55.787],[29.377,55.954],[29.031,56.024],[28.706,55.96],[28.621,56.083],[28.149,56.142],[28.215,56.281],[28.126,56.548],[27.865,56.743],[27.628,56.844],[27.824,57.159],[27.84,57.291],[27.353,57.528],[27.408,57.689],[27.673,57.913],[27.495,58.221],[27.555,58.395],[27.411,58.755],[27.696,58.977],[27.882,59.276],[28.186,59.375],[28.019,59.482],[28.007,59.758],[28.375,59.666],[28.5,59.861],[28.718,59.787],[28.976,59.831],[29.161,60.003],[29.804,59.94],[29.948,60.03],[29.701,60.201],[29.092,60.178],[28.607,60.389],[28.722,60.721],[28.401,60.665],[28.216,60.548],[27.808,60.553],[28.798,61.097],[29.203,61.246],[29.779,61.593],[30.635,62.184],[31.244,62.503],[31.57,62.906],[31.226,63.196],[30.821,63.376],[30.489,63.462],[29.981,63.742],[30.202,63.793],[30.509,63.991],[30.558,64.22],[30.093,64.361],[29.966,64.579],[30.171,64.682],[29.78,64.796],[29.588,64.991],[29.82,65.094],[29.72,65.329],[29.703,65.629],[30.112,65.712],[29.875,66.134],[29.593,66.346],[29.524,66.491],[29.089,66.838],[29.1,66.991],[29.52,67.298],[29.916,67.508],[30.009,67.686],[29.651,67.824],[29.299,68.082],[28.664,68.204],[28.46,68.542],[28.801,68.835],[28.456,68.9],[28.954,69.027],[29.24,69.115],[29.335,69.277],[29.901,69.358],[30.512,69.536],[30.898,69.544],[30.841,69.806],[31.409,69.716],[32.054,69.964],[32.523,69.803],[32.92,69.78],[33.119,69.661],[32.687,69.503],[33.448,69.447],[33.62,69.328],[34.421,69.311],[35.087,69.226],[35.33,69.276],[35.967,69.177],[37.681,68.713],[38.435,68.356],[38.663,68.379],[39.521,68.076],[39.862,68.057],[40.322,67.845],[41.017,67.698],[40.999,67.467],[41.109,67.254],[41.338,67.171],[41.36,67.014],[41.178,66.81],[40.444,66.406],[40.085,66.289],[39.344,66.135],[38.554,66.055],[37.927,66.089],[36.887,66.285],[36.406,66.295],[35.381,66.418],[34.888,66.6],[34.434,66.547],[34.284,66.672],[33.483,66.73],[32.843,66.976],[32.854,67.075],[32.383,67.16],[32.478,66.91],[32.891,66.782],[33.035,66.592],[33.355,66.48],[33.476,66.35],[34.497,66.116],[34.839,65.907],[34.969,65.728],[34.369,65.392],[34.766,65.108],[34.932,64.842],[34.798,64.756],[34.978,64.612],[34.956,64.452],[35.411,64.287],[35.811,64.342],[36.292,64.01],[36.703,63.925],[37.169,63.895],[37.291,63.818],[38.002,63.956],[38.086,64.059],[37.797,64.377],[37.339,64.34],[37.122,64.395],[36.744,64.681],[36.56,64.717],[36.569,64.902],[36.807,64.959],[37.008,65.173],[37.706,65.017],[38.046,64.854],[39.331,64.64],[39.567,64.545],[39.81,64.659],[40.182,64.559],[40.517,64.541],[40.378,64.923],[39.721,65.38],[39.827,65.607],[40.28,65.73],[40.796,65.992],[41.343,66.063],[41.858,66.296],[42.201,66.532],[42.749,66.395],[43.252,66.437],[44.046,66.081],[44.096,66.262],[44.488,66.676],[44.364,66.782],[44.499,66.921],[44.206,67.125],[43.815,67.177],[43.793,67.343],[44.003,67.576],[44.243,68.277],[43.326,68.614],[43.477,68.669],[43.985,68.551],[45.306,68.545],[45.944,68.446],[46.029,68.324],[46.535,68.133],[46.722,67.845],[45.35,67.73],[45.315,67.592],[45.028,67.532],[44.952,67.321],[45.594,67.158],[45.853,66.887],[46.042,66.831],[46.489,66.878],[46.927,66.845],[47.726,67.001],[47.695,67.205],[47.948,67.444],[48.008,67.651],[48.925,67.688],[49.133,67.863],[49.655,67.981],[50.435,68.221],[52.06,68.544],[52.402,68.338],[52.731,68.474],[52.499,68.62],[52.806,68.768],[53.437,68.918],[54.104,69.001],[53.72,68.657],[53.915,68.489],[53.788,68.348],[53.44,68.373],[53.239,68.253],[54.24,68.211],[54.465,68.304],[54.864,68.185],[54.997,68.439],[55.393,68.564],[55.953,68.654],[56.63,68.642],[56.848,68.572],[57.33,68.565],[57.604,68.742],[57.978,68.853],[58.879,69.003],[59.416,68.767],[59.056,68.62],[59.11,68.405],[59.675,68.336],[59.964,68.466],[59.774,68.668],[60.467,68.722],[60.907,68.927],[60.844,69.158],[60.582,69.15],[60.519,69.332],[60.139,69.578],[60.654,69.673],[60.77,69.849],[62.161,69.746],[63.41,69.671],[64.548,69.452],[65.419,69.177],[65.817,69.143],[67.056,68.781],[67.905,68.47],[68.135,68.423],[68.383,68.228],[68.924,68.637],[69.109,68.879],[68.487,68.97],[68.125,69.222],[67.969,69.491],[67.629,69.591],[66.771,69.741],[66.874,69.996],[67.328,70.106],[67.094,70.221],[67.277,70.481],[67.318,70.784],[66.608,70.881],[66.646,71.08],[66.927,71.298],[67.309,71.351],[67.947,71.528],[68.479,71.836],[68.644,72.033],[68.989,72.706],[69.277,72.841],[70.172,72.9],[71.563,72.916],[72.496,72.788],[72.731,72.617],[72.865,72.272],[72.351,71.864],[72.209,71.615],[71.838,71.532],[72.106,71.29],[72.57,71.161],[72.827,70.888],[72.688,70.634],[72.771,70.425],[72.459,70.304],[72.622,70.162],[72.491,70.048],[72.692,69.837],[72.502,69.647],[72.648,69.292],[72.489,69.199],[72.577,68.94],[72.852,68.798],[73.539,68.581],[73.644,68.502],[73.091,68.214],[73.202,67.975],[73.151,67.732],[72.612,67.626],[72.392,67.467],[72.231,67.169],[71.764,66.929],[71.515,66.878],[71.597,66.697],[70.98,66.536],[70.413,66.563],[69.936,66.863],[69.131,66.831],[69.105,66.637],[69.386,66.513],[70.363,66.334],[71.146,66.366],[71.679,66.324],[71.99,66.231],[72.347,66.306],[72.494,66.619],[72.942,66.657],[73.003,66.739],[73.492,66.823],[73.871,67.006],[73.9,67.296],[74.098,67.432],[74.73,67.686],[74.825,67.94],[74.701,68.181],[74.332,68.386],[74.413,68.62],[74.628,68.775],[75.191,68.875],[76.376,68.994],[76.609,68.966],[76.663,68.763],[77.316,68.531],[77.167,68.282],[77.357,68.233],[77.12,67.769],[78.047,67.544],[78.113,67.657],[77.459,67.786],[77.537,68.129],[78.103,68.248],[77.956,68.495],[77.768,68.571],[77.683,68.886],[76.929,69.009],[76.755,69.125],[76.042,69.239],[75.509,69.261],[74.773,69.081],[73.752,69.184],[73.9,69.414],[73.516,69.746],[73.66,69.86],[73.735,70.181],[74.337,70.557],[74.261,70.716],[73.952,70.837],[73.556,71.255],[73.037,71.441],[73.482,71.653],[73.526,71.822],[74.332,71.956],[74.928,72.098],[75.111,72.346],[75,72.674],[75.319,72.819],[75.702,72.547],[75.572,72.467],[75.736,72.257],[75.518,72.153],[75.22,71.81],[75.533,71.542],[75.343,71.335],[76.15,71.229],[77.783,71.142],[78.002,70.964],[78.614,70.963],[78.279,71.259],[77.671,71.286],[76.325,71.56],[76.027,71.924],[76.946,72.044],[77.585,71.831],[78.11,71.88],[78.204,72.001],[77.741,72.216],[78.088,72.359],[78.498,72.408],[79.391,72.386],[81.737,71.7],[82.867,71.786],[83.319,71.673],[82.82,71.391],[82.297,71.287],[82.203,71.016],[83.134,70.882],[83.011,70.427],[82.664,70.26],[82.883,70.089],[83.183,70.139],[82.952,70.325],[83.484,70.335],[83.775,70.477],[83.382,71.033],[83.148,71.245],[83.628,71.611],[83.361,71.841],[82.787,71.905],[82.185,72.093],[82.298,72.221],[81.586,72.351],[81.208,72.355],[80.704,72.545],[80.628,72.717],[80.842,72.922],[80.506,73.078],[80.528,73.281],[80.273,73.31],[80.832,73.572],[81.957,73.663],[83.484,73.655],[84.793,73.765],[85.427,73.712],[85.604,73.822],[86.783,73.902],[87.011,73.779],[86.204,73.558],[87.165,73.611],[87.296,73.841],[86.506,74.255],[86.02,74.263],[86.475,74.458],[86.491,74.567],[87.097,74.862],[87.639,74.972],[88.314,75.181],[88.612,75.344],[89.229,75.503],[90.058,75.52],[90.887,75.671],[91.58,75.638],[92.008,75.726],[93.55,75.853],[93.686,76.132],[96.111,76.111],[96.831,75.915],[98.576,76.232],[99.261,76.129],[99.556,76.279],[99.066,76.353],[99.509,76.469],[100.851,76.54],[101.136,76.718],[100.919,76.976],[102.158,77.402],[104.023,77.733],[104.678,77.71],[105.977,77.425],[104.873,77.091],[105.797,77.113],[106.5,77.022],[107.238,77.006],[107.106,76.812],[106.598,76.556],[107.592,76.505],[107.985,76.623],[109.333,76.758],[110.061,76.692],[110.359,76.756],[111.555,76.684],[112.671,76.363],[112.858,76.144],[113.46,76.148],[113.521,75.931],[113.89,75.854],[113.72,75.671],[113.605,75.285],[112.88,74.993],[112.147,74.878],[111.744,74.663],[111.466,74.697],[110.96,74.548],[110,74.374],[109.89,74.197],[108.996,74.016],[108.492,73.773],[107.749,73.612],[107.134,73.53],[106.648,73.307],[106.232,73.323],[105.483,72.768],[106.255,72.967],[106.36,73.194],[107.722,73.169],[108.393,73.317],[109.855,73.471],[110.899,73.686],[109.531,73.775],[110.021,74.014],[110.581,73.991],[111.804,73.744],[112.372,73.705],[112.821,73.747],[113.396,73.686],[113.131,73.45],[114.675,73.593],[115.413,73.71],[116.603,73.675],[117.735,73.582],[118.45,73.589],[118.353,73.282],[118.918,73.12],[119.535,73.055],[119.723,72.959],[120.534,72.874],[121.791,72.977],[122.043,72.892],[122.614,73.031],[123.138,72.918],[123.553,73.218],[123.332,73.351],[123.266,73.564],[123.974,73.627],[124.329,73.8],[125.212,73.649],[125.761,73.47],[126.227,73.555],[126.389,73.412],[127.181,73.539],[127.899,73.436],[128.893,73.217],[129.444,73.029],[128.291,72.909],[128.228,72.819],[128.356,72.794],[127.961,72.662],[128.611,72.483],[129.117,72.482],[129.489,72.354],[129.333,72.091],[128.934,72.073],[128.249,72.205],[128.927,71.739],[128.875,71.597],[129.249,71.55],[129.392,71.347],[129.763,71.148],[130.301,70.94],[130.879,70.774],[131.226,70.75],[131.546,70.887],[131.949,71.293],[132.264,71.682],[132.539,71.884],[132.813,71.831],[133.152,71.579],[133.65,71.437],[134.168,71.371],[134.778,71.429],[135.033,71.539],[135.985,71.635],[136.775,71.523],[137.492,71.347],[137.829,71.394],[138.039,71.559],[138.756,71.643],[139.718,71.457],[140.001,71.525],[139.735,71.672],[139.574,71.933],[139.874,72.178],[139.136,72.304],[139.542,72.498],[140.073,72.479],[140.878,72.538],[141.013,72.691],[140.726,72.899],[141.551,72.774],[145.41,72.556],[146.125,72.47],[146.792,72.331],[145.332,72.354],[145.069,72.264],[146.929,72.313],[146.495,72.066],[145.958,72.142],[145.748,71.91],[145.329,71.871],[144.906,71.699],[145.344,71.663],[146.157,71.821],[147.105,72.306],[147.747,72.339],[148.402,72.311],[149.611,72.148],[150.067,71.922],[149.709,71.773],[149.408,71.897],[149.039,71.765],[149.183,71.689],[150.069,71.615],[149.968,71.535],[150.67,71.466],[151.623,71.298],[152.137,71.017],[151.969,70.945],[152.613,70.835],[153.93,70.894],[154.239,70.965],[155.936,71.099],[157.989,71.048],[159.238,70.829],[159.689,70.671],[160.025,70.419],[160.106,70.264],[159.689,69.891],[159.801,69.807],[160.384,69.675],[160.926,69.642],[161.025,69.284],[160.963,69.106],[161.566,69.015],[161.399,69.221],[161.436,69.38],[162.21,69.656],[162.769,69.654],[163.165,69.721],[163.773,69.694],[164.027,69.774],[164.439,69.621],[164.834,69.567],[165.675,69.596],[166.075,69.523],[166.939,69.502],[167.674,69.772],[168.241,69.558],[168.288,69.243],[168.851,69.188],[169.42,69.024],[169.625,68.777],[170.351,68.828],[171.028,69.055],[170.913,69.304],[170.584,69.6],[170.523,69.938],[170.611,70.116],[171.994,69.993],[173.461,69.949],[174.071,69.887],[175.182,69.848],[175.5,69.874],[175.997,69.769],[176.504,69.754],[176.735,69.675],[177.358,69.617],[178.212,69.443],[178.773,69.415],[180,68.981],[180,68.56],[180,68.061],[180,67.562],[180,67.064],[180,66.565],[180,66.066],[180,65.568],[180,65.069],[180,65.066],[179.78,65.018],[179.479,64.823],[179.25,64.811],[178.758,64.641],[177.744,64.706],[177.298,64.838],[176.21,64.874],[176.442,64.689],[176.69,64.628],[177.338,64.781],[177.427,64.442],[178,64.21],[178.283,64.354],[178.616,63.949],[178.763,63.643],[178.595,63.411],[179.3,63.215],[179.418,63.117],[179.292,62.927],[179.541,62.849],[179.609,62.706],[179.384,62.521],[179.149,62.496],[179.15,62.342],[178.489,62.437],[178.061,62.541],[177.341,62.588],[177.334,62.688],[176.931,62.694],[177.015,62.55],[176.635,62.5],[176.279,62.317],[175.633,62.191],[175.174,62.022],[174.815,61.947],[174.49,61.815],[174.138,61.845],[173.991,61.715],[173.545,61.749],[173.497,61.571],[173.128,61.397],[172.918,61.362],[172.476,61.056],[172.243,61.02],[172.007,60.855],[171.746,60.854],[171.407,60.75],[171.356,60.627],[170.581,60.434],[170.401,59.966],[170.265,59.92],[169.956,60.059],[169.708,60.399],[169.167,60.567],[168.096,60.571],[167.048,60.328],[166.288,59.845],[166.11,59.827],[166.25,60.384],[166.052,60.454],[165.671,60.252],[165.13,60.084],[165.199,60.005],[165.014,59.848],[164.489,60.111],[164.339,59.992],[163.652,60.052],[163.698,59.904],[163.378,59.814],[163.39,59.632],[163.169,59.511],[163.328,59.392],[162.887,59.114],[163.078,59.008],[162.405,58.654],[162.17,58.406],[161.993,58.087],[162.026,57.929],[162.456,57.784],[162.53,57.937],[162.712,57.967],[163.33,57.709],[163.075,57.461],[162.833,57.383],[162.786,57.145],[162.86,57.051],[162.784,56.763],[163.281,56.688],[163.241,56.593],[163.366,56.181],[162.822,56.056],[162.638,56.221],[162.74,56.48],[162.401,56.37],[162.593,56.268],[162.142,56.129],[161.777,55.608],[161.748,55.376],[161.813,55.179],[162.153,54.85],[162.13,54.772],[161.753,54.52],[161.312,54.49],[161.066,54.597],[160.741,54.535],[160.001,54.131],[159.844,53.797],[159.969,53.57],[159.922,53.284],[159.632,53.257],[159.003,53.077],[158.516,52.746],[158.548,52.296],[158.287,51.968],[157.759,51.544],[157.606,51.526],[157.263,51.238],[156.877,51.019],[156.722,51.195],[156.535,51.289],[156.48,51.517],[156.501,51.775],[156.439,52.216],[156.373,52.405],[156.432,52.525],[156.266,52.598],[156.111,52.935],[155.936,53.865],[155.728,54.427],[155.61,54.895],[155.551,55.284],[155.686,56.039],[155.756,56.107],[155.924,56.585],[156.125,56.832],[156.386,56.912],[156.832,57.213],[157.001,57.426],[156.931,57.658],[156.801,57.773],[156.981,57.857],[157.242,57.77],[157.47,57.804],[157.653,58.004],[158.057,57.99],[159.024,58.415],[159.728,58.883],[159.864,59.141],[160.31,59.346],[160.497,59.552],[160.805,59.605],[161.284,59.871],[161.533,60.068],[161.897,60.203],[161.939,60.417],[162.206,60.538],[162.754,60.646],[162.889,60.752],[163.346,60.799],[163.774,60.919],[163.487,61.002],[163.933,61.235],[164.029,61.347],[163.759,61.479],[163.866,61.647],[164.045,61.683],[164.127,62.262],[164.538,62.451],[164.988,62.403],[164.598,62.673],[164.055,62.656],[163.267,62.522],[163.232,62.311],[163.091,62.227],[163.148,62.038],[162.978,61.81],[163.343,61.706],[163.136,61.626],[162.766,61.705],[162.417,61.676],[161.986,61.373],[161.596,61.255],[161.184,60.993],[160.915,60.9],[160.828,60.755],[160.382,60.702],[160.17,60.825],[160.425,60.984],[160,61.106],[159.819,61.289],[160.285,61.554],[160.414,61.765],[160.295,61.94],[159.967,61.759],[159.577,61.653],[159.36,61.893],[158.921,61.903],[158.853,61.826],[158.26,61.826],[158.08,61.734],[157.465,61.782],[156.679,61.524],[156.624,61.207],[156.374,61.149],[156.008,60.95],[155.83,60.729],[154.952,60.367],[154.564,60.094],[154.488,59.896],[154.221,59.87],[154.276,59.65],[154.429,59.547],[154.963,59.496],[155.21,59.344],[155.194,59.176],[154.333,59.192],[154.026,59.054],[153.768,59.18],[153.369,59.241],[153.337,59.09],[153.09,59.083],[152.916,58.917],[152.166,58.984],[152.02,58.875],[151.359,58.856],[151.217,59.092],[151.438,59.17],[152.109,59.156],[151.638,59.482],[151.322,59.556],[150.937,59.556],[150.843,59.448],[150.457,59.613],[149.598,59.758],[149.133,59.641],[148.968,59.452],[148.743,59.472],[148.788,59.236],[148.437,59.262],[148.219,59.409],[147.845,59.377],[147.546,59.238],[147.271,59.332],[146.72,59.382],[146.44,59.46],[146.312,59.279],[146.05,59.139],[145.675,59.423],[145.001,59.37],[143.841,59.402],[143.494,59.319],[143.16,59.354],[142.262,59.125],[141.947,58.943],[141.584,58.618],[140.904,58.383],[140.667,58.191],[140.496,57.845],[139.982,57.688],[139.79,57.483],[139.563,57.43],[139.418,57.297],[139.197,57.273],[138.662,56.978],[138.268,56.627],[138.148,56.604],[138.054,56.388],[137.834,56.225],[136.825,55.714],[136.319,55.487],[136.162,55.318],[135.869,55.174],[135.534,55.087],[135.22,54.894],[135.265,54.722],[135.654,54.666],[135.75,54.571],[136.249,54.62],[136.883,54.591],[136.739,54.414],[136.821,54.316],[136.685,53.808],[137.186,53.851],[137.283,54.03],[137.061,54.146],[137.451,54.318],[137.685,54.277],[137.504,54.137],[137.597,53.824],[137.335,53.529],[137.918,53.587],[138.298,53.756],[138.247,53.533],[138.55,53.587],[138.761,53.975],[138.739,54.316],[139.162,54.205],[139.816,54.215],[140.241,54.057],[140.252,53.891],[140.581,53.639],[140.95,53.489],[141.432,53.159],[140.984,52.93],[141.186,52.851],[141.281,52.579],[141.167,52.365],[141.515,52.172],[141.309,52.037],[141.426,51.925],[141.2,51.824],[141.109,51.679],[140.906,51.615],[140.894,51.416],[140.706,51.335],[140.657,50.938],[140.542,50.877],[140.443,50.544],[140.545,50.344],[140.523,50.151],[140.661,50.058],[140.416,49.863],[140.535,49.777],[140.561,49.575],[140.454,49.421],[140.377,49.144],[140.186,48.65],[140.165,48.449],[139.734,48.163],[139.262,47.788],[138.959,47.313],[138.563,47.03],[138.202,46.454],[138.1,46.228],[137.782,45.946],[137.671,45.795],[137.397,45.624],[137.145,45.375],[136.826,45.204],[136.553,44.895],[136.365,44.793],[136.123,44.476],[135.838,44.363],[135.656,44.169],[135.519,43.881],[135.227,43.682],[135.14,43.508],[134.77,43.315],[134.194,43.08],[133.927,42.883],[133.634,42.853],[133.158,42.688],[132.774,42.875],[132.578,42.84],[132.404,42.942],[132.356,43.286],[132.096,43.181],[131.827,43.338],[131.472,42.873],[131.127,42.647],[130.657,42.664],[130.858,42.525],[130.7,42.295],[130.531,42.53],[130.491,42.781],[130.77,42.866],[130.992,42.849],[131.281,43.38],[131.17,43.781],[131.264,44.054],[131.066,44.682],[130.933,44.842],[131.42,44.959],[131.609,45.09],[131.853,45.338],[131.97,45.234],[132.953,45.024],[133.099,45.108],[133.14,45.435],[133.488,45.687],[133.514,45.879],[133.658,45.935],[133.687,46.142],[133.902,46.259],[133.849,46.48],[133.988,46.625],[134.154,47.258],[134.293,47.41],[134.485,47.43],[134.773,47.711],[134.559,48.01],[134.701,48.262],[134.386,48.381],[133.721,48.245],[133.464,48.09],[133.092,48.107],[132.659,47.87],[132.525,47.708],[132.332,47.737],[131.924,47.669],[131.594,47.662],[131.418,47.743],[131.023,47.682],[130.907,47.884],[130.663,48.116],[130.819,48.282],[130.716,48.499],[130.533,48.636],[130.674,48.871],[130.249,48.865],[129.913,49.04],[129.711,49.274],[129.552,49.29],[128.879,49.48],[128.666,49.609],[128.092,49.542],[127.831,49.594],[127.508,49.822],[127.487,50.026],[127.578,50.221],[127.331,50.328],[127.365,50.555],[127.287,50.751],[126.932,51.064],[126.972,51.324],[126.8,51.419],[126.807,51.534],[126.446,51.983],[126.531,52.153],[126.212,52.533],[125.837,52.907],[125.127,53.207],[124.72,53.149],[124.122,53.353],[123.971,53.455],[123.64,53.551],[123.253,53.568],[122.86,53.474],[122.338,53.491],[121.889,53.431],[121.152,53.275],[120.874,53.28],[120.267,52.858],[120.033,52.761],[120.056,52.601],[120.464,52.636],[120.724,52.542],[120.626,52.347],[120.779,52.118],[120.648,51.911],[120.493,51.876],[120.154,51.664],[119.741,51.072],[119.518,50.905],[119.497,50.737],[119.294,50.599],[119.244,50.446],[119.353,50.346],[119.329,50.108],[119.19,50.007],[118.671,49.962],[118.169,49.671],[117.759,49.513],[117.473,49.614],[117.058,49.673],[116.684,49.823],[116.575,49.922],[116.218,50.014],[115.751,49.885],[115.369,49.895],[114.997,50.144],[114.754,50.236],[114.286,50.277],[113.85,50.081],[113.58,50.02],[113.212,49.822],[113.044,49.589],[112.701,49.491],[112.432,49.529],[112.03,49.412],[111.338,49.365],[110.731,49.138],[110.433,49.203],[110.181,49.162],[109.729,49.266],[109.516,49.256],[109.287,49.339],[108.538,49.327],[108.251,49.522],[108.033,49.589],[107.947,49.933],[107.364,49.976],[107.07,50.066],[106.974,50.196],[106.657,50.327],[106.245,50.29],[105.985,50.4],[105.329,50.476],[104.406,50.301],[104.122,50.148],[103.785,50.186],[103.668,50.131],[103.253,50.215],[102.587,50.415],[102.328,50.546],[102.329,50.719],[102.217,50.799],[102.23,50.979],[102.051,51.384],[101.724,51.451],[101.388,51.451],[100.511,51.727],[100.006,51.732],[99.679,51.889],[99.324,51.934],[99.025,52.046],[98.847,52.039],[98.619,51.781],[98.332,51.718],[98.22,51.475],[98.051,51.466],[97.809,50.97],[97.99,50.836],[98.023,50.642],[98.301,50.493],[98.262,50.284],[98.106,50.064],[97.847,49.93],[97.302,49.726],[96.969,49.887],[96.568,49.862],[95.867,50.015],[95.481,49.892],[95.076,49.946],[94.922,50.046],[94.625,50.015],[94.392,50.186],[94.238,50.565],[93.536,50.585],[93.011,50.623],[92.962,50.778],[92.612,50.688],[92.315,50.856],[92.159,50.689],[91.75,50.684],[91.416,50.461],[90.975,50.414],[90.718,50.281],[90.051,50.084],[89.969,49.967],[89.624,49.903],[89.682,49.708],[89.252,49.629],[89.161,49.503],[88.871,49.436],[88.379,49.476],[88.175,49.444],[88.109,49.247],[87.816,49.166]]],[[[22.767,54.356],[22.698,54.343],[20.93,54.398],[19.68,54.437],[19.61,54.457],[19.832,54.598],[20.034,54.948],[20.366,54.946],[20.634,55.049],[20.925,55.283],[20.989,55.273],[20.531,54.965],[21.079,54.9],[21.23,54.939],[21.181,55.193],[21.268,55.249],[22.1,55.03],[22.581,55.058],[22.809,54.894],[22.68,54.453],[22.767,54.356]]],[[[-180,65.066],[-180,65.069],[-180,65.568],[-180,66.066],[-180,66.565],[-180,67.064],[-180,67.562],[-180,68.061],[-180,68.56],[-180,68.982],[-179.514,68.921],[-179.261,68.803],[-178.845,68.752],[-178.7,68.543],[-178.042,68.428],[-177.608,68.197],[-177.259,68.211],[-176.718,68.026],[-176.5,67.889],[-175.824,67.813],[-175.286,67.667],[-175.16,67.337],[-174.806,67.365],[-174.908,67.037],[-174.686,66.762],[-174.974,66.682],[-174.436,66.532],[-174.435,66.356],[-174.016,66.472],[-174.197,66.589],[-173.931,66.668],[-174.026,66.961],[-173.646,67.116],[-173.272,67.052],[-172.996,66.917],[-172.666,66.885],[-171.895,66.971],[-171.331,66.745],[-171.363,66.675],[-170.86,66.511],[-170.565,66.354],[-169.701,66.129],[-170.532,65.853],[-170.489,65.671],[-170.667,65.6],[-171.251,65.522],[-171.808,65.489],[-172.162,65.421],[-172.202,65.217],[-172.093,65.05],[-172.701,64.878],[-172.816,64.612],[-172.465,64.558],[-172.22,64.407],[-172.59,64.37],[-173.106,64.241],[-173.989,64.412],[-174.042,64.528],[-174.652,64.725],[-175.457,64.797],[-175.775,64.939],[-175.741,65.123],[-175.909,65.403],[-176.977,65.608],[-177.416,65.441],[-178.284,65.444],[-178.529,65.511],[-178.411,65.682],[-178.873,65.894],[-178.682,66.102],[-178.982,66.159],[-179.768,66.103],[-179.827,65.934],[-179.723,65.781],[-179.277,65.63],[-179.663,65.141],[-180,65.066]]],[[[178.855,71.213],[179.563,71.451],[180,71.536],[180,71.053],[180,70.992],[179.667,70.875],[179.131,70.879],[178.832,70.809],[178.623,71.038],[178.855,71.213]]],[[[-180,70.992],[-180,71.053],[-180,71.537],[-179.075,71.6],[-178.395,71.541],[-177.443,71.237],[-177.93,71.041],[-178.876,70.981],[-179.342,70.908],[-180,70.992]]],[[[142.529,54.297],[142.734,54.421],[143.004,54.135],[142.89,53.813],[143.211,53.363],[143.29,53.152],[143.338,52.704],[143.119,52.338],[143.178,52.314],[143.125,51.967],[143.31,51.754],[143.221,51.532],[143.462,51.47],[143.79,50.309],[144.003,50.013],[144.229,49.517],[144.283,49.25],[143.499,49.349],[143.174,49.246],[142.975,49.046],[142.988,48.917],[142.793,48.563],[142.55,48.02],[142.545,47.767],[142.76,47.431],[143.016,47.254],[143.032,47.071],[143.173,46.708],[143.297,46.8],[143.498,46.801],[143.526,46.586],[143.626,46.375],[143.421,46.223],[143.343,46.563],[142.934,46.615],[142.725,46.741],[142.457,46.631],[142.282,46.327],[142.202,46.031],[142.04,45.924],[141.933,46.036],[141.822,46.602],[142.057,47.054],[141.975,47.298],[141.96,47.592],[142.187,47.944],[142.097,48.397],[141.92,48.609],[141.857,48.774],[141.967,48.862],[142.077,49.198],[142.063,49.315],[142.16,49.678],[142.125,49.898],[142.174,50.086],[142.146,50.364],[142.045,50.528],[142.096,50.81],[142.267,51.074],[142.079,51.471],[141.817,51.672],[141.676,51.912],[141.661,52.382],[141.783,52.467],[141.928,53.021],[141.769,53.372],[142.23,53.521],[142.455,53.38],[142.708,53.948],[142.41,54.232],[142.529,54.297]]],[[[70.131,66.556],[69.835,66.489],[69.545,66.591],[69.425,66.768],[70.086,66.69],[70.131,66.556]]],[[[51.41,71.806],[51.61,72.092],[52.332,72.071],[52.402,72.223],[52.93,72.559],[52.398,72.718],[52.617,72.863],[53.142,72.962],[53.156,73.151],[53.753,73.299],[54.191,73.272],[54.935,73.425],[55.304,73.339],[56.435,73.23],[56.548,73.122],[56.225,73.009],[56.22,72.827],[55.867,72.802],[55.377,72.303],[55.39,72.108],[55.672,71.611],[56.106,71.259],[57.063,70.862],[57.639,70.73],[57.427,70.619],[57.07,70.673],[55.818,70.613],[55.495,70.713],[54.78,70.673],[54.691,70.768],[54.007,70.758],[53.674,70.873],[53.492,71.072],[54.078,71.1],[53.451,71.264],[53.252,71.456],[52.61,71.469],[52.574,71.576],[51.862,71.456],[51.532,71.566],[51.41,71.806]]],[[[56.987,74.69],[56.627,74.694],[56.466,74.799],[56.543,74.925],[55.865,75.004],[55.808,75.157],[56.881,75.223],[57.046,75.398],[57.741,75.328],[57.564,75.52],[59.399,75.937],[59.749,75.931],[60.268,76.11],[60.838,76.123],[61.077,76.28],[61.637,76.312],[62.957,76.207],[63.719,76.35],[64.035,76.315],[64.826,76.484],[65.169,76.475],[65.753,76.683],[66.944,76.949],[67.588,77.013],[68.463,76.967],[68.931,76.719],[68.747,76.51],[68.288,76.281],[66.179,75.962],[63.304,75.589],[63.03,75.588],[61.654,75.28],[60.833,75.153],[60.561,74.866],[59.875,74.628],[59.221,74.615],[59.091,74.495],[58.57,74.389],[58.728,74.239],[58.213,74.008],[57.878,73.934],[57.946,73.807],[57.33,73.574],[57.179,73.423],[56.687,73.243],[55.772,73.348],[55.435,73.332],[55.021,73.444],[54.474,73.391],[53.966,73.627],[53.869,73.779],[54.253,73.916],[54.726,73.978],[55.019,74.173],[55.623,74.19],[55.527,74.346],[55.709,74.522],[55.53,74.655],[56.387,74.721],[56.556,74.684],[56.987,74.69]]],[[[150.334,46.211],[150.363,46.082],[150.142,45.898],[149.948,45.822],[149.638,45.611],[149.482,45.669],[149.667,45.853],[149.811,45.88],[150.02,46.073],[150.334,46.211]]],[[[156.125,50.638],[155.885,50.254],[155.562,50.167],[155.385,50.038],[155.221,50.11],[155.41,50.36],[155.718,50.423],[155.889,50.691],[156.125,50.638]]],[[[156.46,50.874],[156.511,50.766],[156.406,50.63],[156.168,50.737],[156.46,50.874]]],[[[137.171,55.12],[137.018,54.92],[136.701,54.965],[137.171,55.12]]],[[[138.047,55.058],[137.986,54.797],[137.706,54.625],[137.485,54.879],[137.544,55.179],[138.047,55.058]]],[[[166.664,54.756],[166.374,54.833],[166.083,55.061],[165.956,55.364],[166.288,55.304],[166.24,55.174],[166.395,55.006],[166.65,54.845],[166.664,54.756]]],[[[164.707,58.977],[164.632,58.865],[164.121,58.781],[163.585,58.558],[163.967,59.029],[164.558,59.24],[164.707,58.977]]],[[[50.323,69.151],[49.955,69.075],[49.72,68.89],[49.249,68.78],[48.592,68.731],[48.219,68.896],[48.304,69.277],[48.806,69.493],[49.272,69.508],[50.164,69.261],[50.323,69.151]]],[[[169.446,69.849],[169.189,69.575],[168.875,69.568],[168.173,69.695],[167.791,69.808],[168.265,70.024],[169.446,69.849]]],[[[60.54,69.819],[60.201,69.685],[59.563,69.715],[59.431,69.889],[59.053,69.903],[58.696,70.003],[58.453,70.195],[58.522,70.331],[59.024,70.48],[59.783,70.131],[60.476,69.92],[60.54,69.819]]],[[[53.232,71.216],[52.8,71.093],[52.258,71.349],[52.741,71.406],[53.232,71.216]]],[[[137.914,71.558],[137.767,71.431],[137.344,71.428],[137.218,71.576],[137.914,71.558]]],[[[78.279,72.552],[78.395,72.491],[77.586,72.285],[76.918,72.293],[77.61,72.635],[78.279,72.552]]],[[[128.317,72.812],[128.419,72.869],[129.22,72.926],[129.207,72.762],[128.317,72.812]]],[[[79.563,72.768],[78.91,72.741],[78.592,72.862],[79.14,73.095],[79.541,72.926],[79.563,72.768]]],[[[74.725,73.107],[74.646,72.937],[74.098,73.012],[74.212,73.115],[74.725,73.107]]],[[[71.669,73.227],[71.495,73.15],[69.875,73.038],[70.069,73.258],[69.959,73.399],[70.47,73.499],[70.949,73.517],[71.669,73.227]]],[[[143.475,73.321],[143.175,73.177],[141.512,73.299],[140.789,73.41],[139.965,73.327],[139.907,73.471],[140.493,73.485],[140.866,73.78],[141.127,73.882],[142.045,73.917],[142.583,73.825],[143.407,73.543],[143.475,73.321]]],[[[141.098,74.149],[141.038,74.004],[140.438,73.908],[140.165,74.071],[140.222,74.22],[140.891,74.277],[141.098,74.149]]],[[[113.406,74.444],[113.157,74.225],[112.775,74.088],[112.163,74.139],[111.581,74.26],[111.987,74.396],[112.11,74.551],[113.406,74.444]]],[[[150.828,75.163],[150.609,74.894],[149.209,74.758],[148.172,74.804],[147.664,74.953],[147.088,75.005],[146.072,75.24],[146.389,75.585],[147.374,75.44],[148.408,75.421],[148.61,75.216],[149.127,75.269],[150.828,75.163]]],[[[135.991,75.527],[135.45,75.376],[135.603,75.764],[136.16,75.63],[135.991,75.527]]],[[[137.14,75.653],[137.433,75.953],[138.138,76.119],[138.928,76.222],[139.11,76.097],[139.795,75.978],[139.817,75.878],[140.864,75.739],[140.917,75.998],[141.702,76.121],[142.547,75.863],[143.059,75.807],[143.947,75.835],[145.366,75.54],[144.782,75.447],[144.707,75.176],[144.331,75.047],[143.415,75.067],[142.872,75.157],[142.494,75.376],[143.014,75.602],[143.001,75.708],[142.324,75.712],[142.083,75.526],[142.2,75.349],[142.628,75.097],[143.448,75.006],[143.465,74.9],[142.356,74.825],[141.844,74.999],[140.069,74.828],[139.85,74.965],[139.343,74.687],[138.166,74.776],[137.794,74.975],[137.149,75.134],[136.862,75.362],[137.431,75.389],[137.14,75.653]]],[[[96.644,76.267],[96.401,76.155],[95.311,76.201],[95.314,76.277],[96.644,76.267]]],[[[105.416,78.583],[104.787,78.336],[103.713,78.256],[101.21,78.194],[100.037,77.962],[99.268,78.042],[100.289,78.593],[100.402,78.758],[100.824,78.809],[101.028,79.123],[101.965,79.292],[102.303,79.433],[103.138,79.325],[102.743,79.159],[103.989,79.131],[104.499,78.864],[105.187,78.803],[105.416,78.583]]],[[[93.628,79.933],[93.67,79.832],[92.625,79.673],[92.099,79.81],[91.262,79.903],[91.114,80.049],[92.424,80.031],[93.628,79.933]]],[[[99.886,79.041],[99.406,78.822],[97.761,78.809],[96.799,78.989],[95.018,79.039],[94.365,79.237],[94.312,79.479],[93.685,79.563],[93.848,79.71],[94.69,79.816],[94.225,79.899],[94.936,80.071],[96.36,80.099],[97.592,80.175],[98.439,80.015],[99.199,80.05],[100.077,79.783],[99.707,79.569],[99.583,79.173],[99.886,79.041]]],[[[55.795,80.642],[56.53,80.787],[56.928,80.663],[55.795,80.642]]],[[[46.687,80.529],[46.084,80.44],[45.095,80.649],[46.921,80.749],[46.687,80.529]]],[[[62.222,80.813],[62.259,80.741],[61.045,80.405],[60.307,80.496],[59.636,80.431],[59.229,80.644],[59.694,80.837],[60.564,80.823],[62.068,80.88],[62.222,80.813]]],[[[51.689,80.727],[50.95,80.537],[49.728,80.494],[49.49,80.364],[48.654,80.317],[49.107,80.19],[48.444,80.101],[47.633,80.118],[46.66,80.274],[47.428,80.323],[48.414,80.57],[49.631,80.64],[49.004,80.776],[50.724,80.895],[51.689,80.727]]],[[[54.564,80.995],[56.019,81.044],[57.681,80.817],[55.799,80.854],[54.564,80.995]]],[[[91.547,81.154],[91.186,81.057],[89.996,81.105],[90.072,81.215],[91.547,81.154]]],[[[97.747,80.742],[97.021,80.526],[97.188,80.234],[95.034,80.138],[93.694,79.998],[92.505,80.158],[91.918,80.468],[92.74,80.513],[92.719,80.888],[93.053,80.995],[94.89,81.144],[95.777,81.289],[96.973,80.906],[97.747,80.742]]],[[[55.712,80.103],[55.989,80.337],[57.131,80.306],[56.957,80.066],[55.712,80.103]]],[[[52.623,80.183],[52.86,80.405],[53.862,80.276],[53.49,80.172],[52.623,80.183]]],[[[57.529,80.131],[57.274,80.392],[58.452,80.468],[59.193,80.378],[58.122,80.279],[57.529,80.131]]],[[[62.771,80.886],[64.036,80.987],[64.275,81.169],[65.23,81.137],[65.446,80.92],[64.426,80.741],[63.131,80.683],[62.771,80.886]]],[[[55.647,81.2],[55.585,81.317],[56.726,81.397],[57.689,81.331],[56.431,81.174],[55.647,81.2]]]]},"properties":{"id":"russia"}},{"type":"Feature","geometry":{"type":"Polygon","coordinates":[[[14.81,50.858],[14.997,51.008],[15.227,50.977],[15.35,50.784],[15.767,50.744],[15.848,50.675],[16.332,50.644],[16.334,50.372],[16.701,50.095],[16.96,50.232],[16.893,50.433],[17.176,50.381],[17.335,50.27],[17.718,50.191],[17.839,49.974],[18.092,50.017],[18.307,49.91],[18.559,49.907],[18.637,49.7],[18.773,49.676],[18.833,49.51],[18.536,49.482],[18.19,49.277],[18.103,49.092],[17.86,48.922],[17.535,48.813],[17.167,48.86],[16.945,48.604],[16.873,48.719],[16.436,48.795],[16.358,48.727],[16.085,48.743],[15.818,48.872],[15.681,48.858],[15.263,48.983],[14.982,49.008],[14.919,48.762],[14.8,48.777],[14.696,48.59],[14.444,48.637],[14.316,48.558],[14.041,48.601],[13.816,48.766],[13.539,48.967],[13.179,49.118],[13,49.295],[12.644,49.429],[12.453,49.78],[12.524,49.905],[12.247,50.045],[12.258,50.211],[12.51,50.389],[12.679,50.394],[13.232,50.582],[13.448,50.597],[13.557,50.707],[14.347,50.88],[14.555,50.993],[14.81,50.858]]]},"properties":{"id":"czechia"}},{"type":"Feature","geometry":{"type":"MultiPolygon","coordinates":[[[[13.816,48.766],[13.717,48.522],[13.521,48.585],[13.406,48.377],[13.033,48.264],[12.745,48.121],[12.991,47.847],[12.892,47.724],[13.075,47.647],[13.037,47.493],[12.779,47.555],[12.745,47.665],[12.424,47.692],[12.166,47.604],[11.62,47.59],[11.259,47.401],[11.084,47.39],[10.608,47.562],[10.306,47.302],[9.949,47.524],[9.547,47.535],[9.273,47.65],[8.798,47.72],[8.558,47.801],[8.087,47.567],[7.586,47.585],[7.515,47.686],[7.619,48.003],[7.573,48.095],[7.752,48.355],[7.81,48.615],[8.103,48.821],[8.189,48.966],[7.932,49.035],[7.649,49.036],[7.391,49.17],[7.274,49.105],[6.843,49.211],[6.714,49.159],[6.495,49.436],[6.345,49.455],[6.502,49.796],[6.223,49.887],[6.117,50.12],[6.338,50.368],[6.233,50.587],[5.995,50.75],[6.064,50.908],[5.983,51.075],[6.184,51.336],[6.193,51.509],[5.928,51.807],[6.191,51.871],[6.382,51.828],[6.744,51.908],[6.675,52.035],[7.026,52.231],[7.048,52.365],[6.695,52.476],[6.702,52.619],[7.037,52.647],[7.184,52.966],[7.195,53.245],[7.023,53.451],[7.226,53.666],[7.951,53.722],[8.168,53.553],[8.487,53.667],[8.573,53.858],[8.861,53.831],[9.008,53.892],[8.833,54.036],[9.018,54.098],[8.652,54.275],[8.629,54.388],[9.012,54.506],[8.689,54.735],[8.661,54.896],[8.824,54.906],[9.438,54.81],[9.554,54.847],[9.948,54.78],[10.125,54.496],[10.69,54.316],[11.077,54.342],[11.067,54.184],[10.753,54.044],[10.887,53.964],[11.175,54.018],[11.459,53.917],[11.658,54.142],[12.109,54.183],[12.342,54.304],[12.502,54.474],[13.009,54.438],[13.115,54.28],[13.45,54.11],[13.683,54.168],[13.89,53.913],[13.817,53.853],[14.264,53.7],[14.409,53.272],[14.343,53.049],[14.144,52.96],[14.124,52.851],[14.645,52.577],[14.54,52.422],[14.761,52.077],[14.596,51.842],[14.72,51.676],[14.732,51.516],[14.945,51.449],[15.019,51.272],[14.955,51.064],[14.81,50.858],[14.555,50.993],[14.347,50.88],[13.557,50.707],[13.448,50.597],[13.232,50.582],[12.679,50.394],[12.51,50.389],[12.258,50.211],[12.247,50.045],[12.524,49.905],[12.453,49.78],[12.644,49.429],[13,49.295],[13.179,49.118],[13.539,48.967],[13.816,48.766]]],[[[13.698,54.392],[13.347,54.237],[13.166,54.519],[13.64,54.586],[13.698,54.392]]]]},"properties":{"id":"germany"}},{"type":"Feature","geometry":{"type":"MultiPolygon","coordinates":[[[[24.306,57.868],[24.464,58.072],[24.529,58.351],[24.362,58.397],[24.112,58.241],[23.741,58.343],[23.493,58.673],[23.603,58.795],[23.422,58.909],[23.471,59.212],[24.092,59.313],[24.334,59.471],[24.744,59.447],[25.146,59.539],[26.002,59.633],[26.827,59.477],[27.873,59.408],[28.019,59.482],[28.186,59.375],[27.882,59.276],[27.696,58.977],[27.411,58.755],[27.555,58.395],[27.495,58.221],[27.673,57.913],[27.408,57.689],[27.353,57.528],[26.854,57.623],[26.5,57.516],[26.025,57.774],[26.003,57.846],[25.602,57.912],[25.167,58.059],[24.306,57.868]]],[[[23.231,58.505],[22.757,58.242],[22.459,58.241],[22.203,58.148],[21.868,58.265],[22.002,58.365],[21.859,58.492],[22.225,58.516],[22.322,58.585],[22.9,58.62],[23.231,58.505]]],[[[22.292,58.895],[22.598,59.09],[22.934,58.984],[23.041,58.841],[22.715,58.782],[22.292,58.895]]]]},"properties":{"id":"estonia"}},{"type":"Feature","geometry":{"type":"Polygon","coordinates":[[[27.353,57.528],[27.84,57.291],[27.824,57.159],[27.628,56.844],[27.865,56.743],[28.126,56.548],[28.215,56.281],[28.149,56.142],[27.911,56.1],[27.645,55.923],[27.593,55.794],[26.981,55.827],[26.823,55.706],[26.595,55.667],[26.28,55.743],[26.179,55.85],[25.662,56.141],[25.109,56.183],[24.892,56.439],[24.447,56.261],[24.167,56.26],[23.858,56.334],[23.311,56.371],[23.017,56.324],[22.094,56.417],[21.29,56.207],[21.053,56.073],[20.969,56.253],[21.065,56.846],[21.402,57.038],[21.421,57.289],[21.699,57.555],[21.999,57.6],[22.484,57.742],[22.656,57.586],[23.13,57.371],[23.25,57.114],[23.695,56.967],[23.953,57.013],[24.379,57.23],[24.406,57.344],[24.306,57.868],[25.167,58.059],[25.602,57.912],[26.003,57.846],[26.025,57.774],[26.5,57.516],[26.854,57.623],[27.353,57.528]]]},"properties":{"id":"latvia"}},{"type":"Feature","geometry":{"type":"MultiPolygon","coordinates":[[[[20.623,69.036],[20.341,68.91],[20.246,68.477],[19.931,68.35],[19.038,68.506],[18.172,68.536],[18.167,68.158],[17.895,67.97],[17.321,68.105],[16.808,67.911],[16.483,67.558],[16.127,67.423],[16.438,67.2],[16.416,67.053],[16.039,66.888],[15.669,66.599],[15.426,66.491],[15.482,66.275],[15.053,66.153],[14.541,66.125],[14.644,65.843],[14.514,65.318],[14.311,65.084],[13.643,64.584],[14.116,64.441],[14.161,64.205],[13.939,64.01],[13.234,64.091],[12.682,63.956],[12.17,63.598],[12.205,63.455],[11.992,63.289],[12.223,63.001],[12.104,62.923],[12.091,62.586],[12.317,62.234],[12.162,61.725],[12.614,61.547],[12.877,61.371],[12.683,61.04],[12.256,60.981],[12.594,60.515],[12.487,60.296],[12.511,60.118],[11.904,59.77],[11.677,59.559],[11.812,59.25],[11.664,58.92],[11.438,58.991],[11.438,58.992],[11.37,59.101],[11.091,59.128],[10.733,59.241],[10.459,59.441],[10.314,59.128],[9.846,58.956],[9.428,58.893],[9.341,58.751],[8.545,58.313],[8.123,58.102],[7.579,58.018],[7.083,58.037],[6.542,58.108],[6.626,58.245],[6.001,58.39],[5.704,58.521],[5.478,58.755],[5.573,58.894],[6.112,59.275],[5.86,59.351],[5.297,59.345],[5.182,59.511],[5.437,59.708],[5.746,59.676],[5.772,59.931],[6.105,60.107],[5.304,60.191],[5.171,60.279],[5.238,60.489],[5.618,60.417],[5.708,60.471],[5.739,60.705],[5.3,60.561],[5.098,60.649],[4.982,60.951],[5.135,61.077],[4.964,61.266],[5.057,61.444],[5.29,61.48],[5.229,61.629],[4.974,61.739],[5.244,61.817],[5.298,62.068],[5.926,62.225],[6.305,62.459],[6.32,62.609],[6.622,62.589],[6.97,62.726],[6.91,62.929],[7.271,63.014],[7.501,62.911],[7.748,62.942],[7.997,63.092],[8.544,63.132],[8.515,63.306],[8.792,63.431],[9.699,63.644],[9.961,63.428],[10.778,63.487],[10.905,63.684],[11.12,63.704],[11.415,63.85],[11.254,64.038],[10.963,63.948],[10.91,63.731],[10.416,63.579],[9.918,63.515],[9.799,63.692],[9.546,63.774],[9.97,63.904],[10.014,64.119],[10.45,64.35],[11.076,64.524],[11.37,64.42],[11.517,64.573],[11.402,64.663],[11.622,64.843],[11.401,64.922],[12.193,65.05],[12.503,65.145],[12.342,65.303],[12.602,65.432],[12.349,65.638],[12.66,65.81],[12.687,66.075],[13.306,66.218],[13.103,66.543],[13.48,66.675],[13.688,66.835],[14.223,66.982],[14.407,67.278],[14.727,67.489],[14.99,67.571],[15.063,67.839],[16.408,68.068],[16.15,68.313],[16.535,68.438],[16.629,68.642],[17.234,68.756],[17.694,68.892],[17.488,68.996],[18.081,69.169],[18.003,69.286],[18.301,69.487],[18.853,69.552],[19.098,69.736],[19.784,69.804],[20.007,69.769],[20.315,69.964],[20.512,69.769],[21.17,69.876],[21.253,70.003],[21.905,69.825],[21.94,69.986],[21.209,70.208],[21.987,70.323],[22.604,70.218],[23.402,70.14],[23.513,70.366],[24.264,70.606],[24.245,70.784],[24.574,70.799],[24.666,70.978],[25.154,70.92],[25.418,70.965],[25.825,70.827],[25.246,70.528],[25.441,70.342],[26.012,70.626],[26.071,70.712],[26.614,70.949],[26.746,70.832],[26.513,70.432],[26.781,70.438],[27.13,70.626],[27.391,70.876],[27.253,71.026],[27.569,71.097],[28.546,70.98],[28.131,70.736],[28.526,70.722],[28.795,70.873],[29.381,70.769],[30.207,70.681],[31.063,70.367],[30.549,70.249],[30.133,70.073],[29.227,70.12],[29.158,70.009],[29.686,69.97],[29.775,69.839],[30.165,69.88],[30.841,69.806],[30.898,69.544],[30.512,69.536],[29.901,69.358],[29.335,69.277],[29.24,69.115],[28.954,69.027],[28.865,69.217],[29.345,69.464],[29.131,69.674],[28.405,69.802],[27.897,70.071],[27.613,70.062],[27.312,69.929],[26.501,69.918],[26.032,69.697],[25.737,69.218],[25.805,69.006],[25.652,68.883],[25.201,68.813],[25.118,68.638],[24.663,68.666],[23.929,68.816],[23.735,68.715],[23.198,68.618],[22.596,68.725],[22.023,69.012],[21.663,69.263],[21.314,69.291],[20.623,69.036]]],[[[14.028,68.263],[13.699,68.07],[13.486,68.107],[13.637,68.294],[14.028,68.263]]],[[[5.688,60.677],[5.681,60.482],[5.486,60.444],[5.324,60.547],[5.688,60.677]]],[[[9.139,63.568],[8.504,63.434],[8.545,63.602],[8.965,63.656],[9.139,63.568]]],[[[15,68.365],[14.328,68.173],[14.303,68.312],[14.653,68.429],[15,68.365]]],[[[16.529,68.722],[16.498,68.554],[16.094,68.534],[15.966,68.393],[15.217,68.335],[15.239,68.564],[15.677,68.963],[15.91,68.95],[15.933,68.684],[16.529,68.722]]],[[[14.397,68.66],[14.438,68.756],[14.945,68.784],[15.394,68.731],[15.063,68.579],[14.397,68.66]]],[[[18.071,69.438],[17.923,69.332],[17.958,69.18],[17.519,69.158],[16.823,69.054],[16.926,69.293],[17.263,69.478],[17.837,69.592],[18.071,69.438]]],[[[18.999,69.829],[18.823,69.591],[18.262,69.531],[18.327,69.765],[18.999,69.829]]],[[[19.619,70.017],[19.407,69.839],[19.122,69.788],[18.843,69.903],[18.876,70.024],[19.208,70.099],[19.619,70.017]]],[[[23.656,70.503],[23.216,70.283],[22.897,70.451],[23.656,70.503]]],[[[22.422,70.511],[22.518,70.716],[23.089,70.586],[22.422,70.511]]],[[[26.136,71.038],[25.534,70.932],[25.293,71.045],[25.553,71.141],[26.136,71.038]]],[[[24.425,77.826],[23.893,77.508],[23.235,77.264],[22.43,77.264],[22.192,77.504],[20.922,77.442],[21.582,77.94],[20.88,78.085],[21.697,78.211],[22.966,78.256],[23.47,78.151],[23.12,77.986],[23.628,77.87],[24.425,77.826]]],[[[21.024,78.219],[20.183,78.495],[21.178,78.623],[22.235,78.488],[22.271,78.268],[21.024,78.219]]],[[[20.209,78.638],[19.681,78.515],[18.993,78.467],[18.921,78.179],[18.33,77.905],[18.445,77.756],[18.194,77.49],[17.813,77.493],[17.483,77.306],[17.324,76.979],[16.942,76.78],[17.192,76.697],[16.81,76.567],[15.681,76.852],[15.727,76.93],[15.04,77.135],[14.374,77.199],[13.911,77.534],[14.966,77.623],[15.115,77.703],[16.87,77.811],[16.683,77.866],[14.458,77.758],[13.719,77.768],[13.589,78.056],[15.035,78.117],[15.795,78.343],[15.209,78.656],[14.384,78.501],[14.282,78.305],[13.856,78.213],[12.911,78.247],[12.858,78.36],[11.643,78.747],[11.857,78.856],[11.279,79.1],[10.708,79.561],[11.822,79.845],[12.768,79.773],[13.797,79.882],[14.549,79.811],[15.295,79.604],[15.497,79.33],[15.959,79.31],[15.652,79.85],[16.255,80.062],[17.563,79.898],[18.727,79.544],[18.945,79.157],[19.786,79.165],[19.906,79.014],[21.522,78.854],[21.099,78.64],[20.209,78.638]]],[[[27.171,80.073],[27.15,79.855],[25.826,79.626],[25.829,79.442],[25.183,79.336],[24.288,79.31],[24.053,79.189],[22.926,79.223],[22.417,79.41],[20.817,79.378],[19.633,79.611],[20.476,79.686],[21.85,79.707],[21.888,79.824],[18.784,79.723],[18.232,79.891],[18.66,79.965],[18.008,80.19],[18.959,80.163],[19.802,80.493],[20.39,80.423],[20.883,80.211],[22.374,80.111],[22.758,80.495],[23.267,80.454],[23.306,80.29],[25.225,80.254],[26.807,80.174],[27.171,80.073]]]]},"properties":{"id":"norway"}},{"type":"Feature","geometry":{"type":"MultiPolygon","coordinates":[[[[20.623,69.036],[20.935,68.967],[21.464,68.687],[22.072,68.477],[22.608,68.425],[23.052,68.298],[23.149,68.139],[23.499,67.882],[23.554,67.587],[23.765,67.42],[23.581,67.153],[24.001,66.812],[23.882,66.564],[23.642,66.436],[23.724,66.207],[24.02,66.049],[24.163,65.823],[23.484,65.816],[23.046,65.761],[22.326,65.837],[22.385,65.628],[21.489,65.393],[21.702,65.286],[21.619,65.148],[21.181,64.836],[21.478,64.472],[20.948,64.13],[20.688,63.799],[20.503,63.822],[20.308,63.654],[20.035,63.657],[19.753,63.524],[19.276,63.443],[19.037,63.178],[18.611,63.179],[18.468,63.024],[18.513,62.904],[17.926,62.822],[18.054,62.6],[17.347,62.403],[17.57,62.205],[17.344,61.924],[17.362,61.709],[17.097,61.636],[17.238,60.698],[17.816,60.585],[18.207,60.355],[18.428,60.349],[18.42,60.194],[18.824,60.068],[19.072,59.896],[19.036,59.729],[18.781,59.702],[18.38,59.476],[18.084,59.439],[18.382,59.148],[18.043,59.06],[17.931,58.91],[17.48,58.886],[17.372,58.779],[16.924,58.625],[16.72,58.437],[16.824,58.193],[16.736,58.085],[16.769,57.888],[16.629,57.557],[16.689,57.472],[16.465,57.177],[16.553,57.11],[16.357,56.758],[16.095,56.419],[16.038,56.255],[15.852,56.086],[15.573,56.206],[15.323,56.154],[14.725,56.168],[14.346,55.953],[14.206,55.709],[14.363,55.524],[14.158,55.387],[13.897,55.435],[13.381,55.346],[13,55.4],[12.929,55.579],[13.061,55.674],[12.602,56.123],[12.834,56.266],[12.622,56.419],[12.89,56.455],[12.598,56.821],[12.345,56.941],[12.109,57.394],[11.903,57.524],[11.694,57.881],[11.876,58.199],[11.727,58.327],[11.384,58.318],[11.177,58.719],[11.108,58.954],[11.438,58.991],[11.438,58.992],[11.438,58.991],[11.664,58.92],[11.812,59.25],[11.677,59.559],[11.904,59.77],[12.511,60.118],[12.487,60.296],[12.594,60.515],[12.256,60.981],[12.683,61.04],[12.877,61.371],[12.614,61.547],[12.162,61.725],[12.317,62.234],[12.091,62.586],[12.104,62.923],[12.223,63.001],[11.992,63.289],[12.205,63.455],[12.17,63.598],[12.682,63.956],[13.234,64.091],[13.939,64.01],[14.161,64.205],[14.116,64.441],[13.643,64.584],[14.311,65.084],[14.514,65.318],[14.644,65.843],[14.541,66.125],[15.053,66.153],[15.482,66.275],[15.426,66.491],[15.669,66.599],[16.039,66.888],[16.416,67.053],[16.438,67.2],[16.127,67.423],[16.483,67.558],[16.808,67.911],[17.321,68.105],[17.895,67.97],[18.167,68.158],[18.172,68.536],[19.038,68.506],[19.931,68.35],[20.246,68.477],[20.341,68.91],[20.623,69.036]]],[[[17.125,57.319],[16.637,56.56],[16.399,56.545],[16.621,56.872],[16.717,56.892],[16.966,57.305],[17.125,57.319]]],[[[19.04,57.868],[18.765,57.627],[18.714,57.243],[18.431,57.154],[18.099,57.259],[18.112,57.511],[18.463,57.803],[18.678,57.914],[19.04,57.868]]]]},"properties":{"id":"sweden"}},{"type":"Feature","geometry":{"type":"MultiPolygon","coordinates":[[[[28.954,69.027],[28.456,68.9],[28.801,68.835],[28.46,68.542],[28.664,68.204],[29.299,68.082],[29.651,67.824],[30.009,67.686],[29.916,67.508],[29.52,67.298],[29.1,66.991],[29.089,66.838],[29.524,66.491],[29.593,66.346],[29.875,66.134],[30.112,65.712],[29.703,65.629],[29.72,65.329],[29.82,65.094],[29.588,64.991],[29.78,64.796],[30.171,64.682],[29.966,64.579],[30.093,64.361],[30.558,64.22],[30.509,63.991],[30.202,63.793],[29.981,63.742],[30.489,63.462],[30.821,63.376],[31.226,63.196],[31.57,62.906],[31.244,62.503],[30.635,62.184],[29.779,61.593],[29.203,61.246],[28.798,61.097],[27.808,60.553],[27.457,60.464],[27.054,60.547],[26.687,60.418],[26.324,60.383],[26.095,60.423],[25.736,60.247],[25.198,60.245],[24.951,60.143],[24.597,60.127],[24.468,59.996],[24.177,60.048],[23.562,59.978],[23.168,59.889],[22.867,60.184],[22.941,60.316],[22.611,60.22],[22.463,60.273],[22.596,60.364],[22.064,60.436],[21.774,60.604],[21.47,60.608],[21.326,60.835],[21.443,61.156],[21.558,61.204],[21.51,61.519],[21.623,61.546],[21.381,61.938],[21.237,61.985],[21.34,62.176],[21.068,62.62],[21.227,62.858],[21.463,62.951],[21.497,63.209],[21.87,63.259],[22.203,63.239],[22.374,63.321],[22.497,63.623],[22.902,63.706],[22.922,63.802],[23.605,64.028],[23.996,64.38],[24.344,64.531],[24.423,64.676],[24.773,64.866],[25.444,64.967],[25.273,65.18],[25.352,65.484],[24.519,65.796],[24.163,65.823],[24.02,66.049],[23.724,66.207],[23.642,66.436],[23.882,66.564],[24.001,66.812],[23.581,67.153],[23.765,67.42],[23.554,67.587],[23.499,67.882],[23.149,68.139],[23.052,68.298],[22.608,68.425],[22.072,68.477],[21.464,68.687],[20.935,68.967],[20.623,69.036],[21.314,69.291],[21.663,69.263],[22.023,69.012],[22.596,68.725],[23.198,68.618],[23.735,68.715],[23.929,68.816],[24.663,68.666],[25.118,68.638],[25.201,68.813],[25.652,68.883],[25.805,69.006],[25.737,69.218],[26.032,69.697],[26.501,69.918],[27.312,69.929],[27.613,70.062],[27.897,70.071],[28.405,69.802],[29.131,69.674],[29.345,69.464],[28.865,69.217],[28.954,69.027]]],[[[22.844,60.242],[22.847,60.111],[22.47,59.998],[22.466,60.184],[22.844,60.242]]]]},"properties":{"id":"finland"}},{"type":"Feature","geometry":{"type":"MultiPolygon","coordinates":[[[[107.52,14.705],[107.578,15.047],[107.658,15.282],[107.578,15.4],[107.369,15.496],[107.16,15.759],[107.175,15.849],[107.361,15.912],[107.445,16.01],[107.154,16.166],[106.86,16.412],[106.671,16.444],[106.64,16.587],[106.535,16.684],[106.534,16.951],[106.411,16.996],[106.26,17.289],[106.185,17.257],[105.846,17.598],[105.735,17.664],[105.476,18.127],[105.368,18.15],[105.166,18.307],[105.08,18.454],[105.163,18.639],[105.113,18.698],[104.722,18.792],[104.481,18.978],[104.148,19.183],[103.973,19.225],[103.87,19.327],[104.09,19.484],[104.089,19.652],[104.229,19.706],[104.523,19.599],[104.805,19.791],[104.781,19.908],[104.936,19.984],[104.957,20.092],[104.681,20.341],[104.543,20.536],[104.601,20.661],[104.389,20.771],[104.194,20.93],[103.785,20.846],[103.665,20.658],[103.427,20.821],[103.136,20.85],[102.889,21.166],[102.863,21.294],[102.974,21.575],[102.948,21.737],[102.787,21.74],[102.643,21.668],[102.591,21.901],[102.478,21.958],[102.399,22.109],[102.226,22.228],[102.119,22.398],[102.218,22.411],[102.468,22.769],[102.845,22.585],[102.989,22.438],[103.142,22.538],[103.31,22.788],[103.514,22.587],[103.647,22.799],[103.83,22.609],[103.985,22.527],[104.024,22.719],[104.213,22.825],[104.34,22.686],[104.554,22.836],[104.701,22.818],[104.827,22.954],[104.798,23.086],[105.047,23.227],[105.332,23.318],[105.431,23.268],[105.566,23.054],[105.69,23.044],[105.836,22.917],[106.078,22.981],[106.316,22.854],[106.567,22.904],[106.758,22.754],[106.68,22.579],[106.569,22.575],[106.527,22.428],[106.663,22.223],[106.722,22.007],[106.865,21.968],[107.348,21.599],[107.613,21.606],[107.745,21.658],[107.991,21.486],[107.882,21.534],[107.591,21.294],[107.392,21.28],[107.334,21.006],[107.161,20.932],[106.947,20.954],[106.789,20.731],[106.638,20.628],[106.57,20.232],[106.395,20.205],[106.161,19.984],[106.025,19.999],[105.811,19.6],[105.809,19.28],[105.737,19.108],[105.644,19.065],[105.635,18.91],[105.783,18.747],[105.826,18.594],[106.098,18.29],[106.271,18.204],[106.525,17.95],[106.443,17.847],[106.635,17.47],[106.764,17.336],[107.112,17.088],[107.216,16.908],[107.605,16.596],[107.822,16.388],[108.179,16.215],[108.306,15.955],[108.704,15.445],[108.883,15.336],[108.919,15.058],[109.081,14.729],[109.074,14.579],[109.191,14.291],[109.304,13.759],[109.226,13.744],[109.304,13.48],[109.307,13.133],[109.458,12.924],[109.205,12.646],[109.298,12.478],[109.207,12.387],[109.199,11.948],[109.126,11.864],[109.243,11.736],[109.136,11.57],[109.028,11.517],[109.018,11.356],[108.821,11.324],[108.738,11.19],[108.577,11.179],[108.345,10.954],[108.106,10.918],[107.998,10.699],[107.882,10.717],[107.326,10.442],[106.964,10.501],[106.882,10.652],[106.733,10.522],[106.788,10.393],[106.799,10.148],[106.645,9.973],[106.663,9.884],[106.576,9.649],[106.398,9.542],[106.197,9.541],[106.193,9.369],[105.539,9.129],[105.413,9.005],[105.334,8.84],[105.101,8.634],[104.856,8.566],[104.853,8.729],[104.775,8.818],[104.836,9.556],[104.893,9.851],[105.088,9.997],[104.901,10.097],[104.805,10.207],[104.589,10.261],[104.451,10.42],[104.554,10.518],[104.819,10.517],[105.066,10.746],[105.029,10.914],[105.328,10.848],[105.474,10.941],[105.753,11.016],[105.879,10.828],[106.072,10.797],[106.16,11.054],[106.063,11.093],[105.843,11.304],[105.858,11.536],[106.015,11.77],[106.287,11.675],[106.399,11.746],[106.394,11.97],[106.702,11.971],[106.772,12.066],[106.978,12.097],[107.153,12.277],[107.514,12.344],[107.565,12.606],[107.46,13.022],[107.607,13.37],[107.597,13.535],[107.443,13.783],[107.431,13.984],[107.32,14.12],[107.387,14.422],[107.505,14.541],[107.52,14.705]]],[[[104.082,10.371],[104.085,10.248],[103.857,10.321],[104.005,10.451],[104.082,10.371]]]]},"properties":{"id":"vietnam"}},{"type":"Feature","geometry":{"type":"Polygon","coordinates":[[[107.52,14.705],[107.505,14.541],[107.387,14.422],[107.32,14.12],[107.431,13.984],[107.443,13.783],[107.597,13.535],[107.607,13.37],[107.46,13.022],[107.565,12.606],[107.514,12.344],[107.153,12.277],[106.978,12.097],[106.772,12.066],[106.702,11.971],[106.394,11.97],[106.399,11.746],[106.287,11.675],[106.015,11.77],[105.858,11.536],[105.843,11.304],[106.063,11.093],[106.16,11.054],[106.072,10.797],[105.879,10.828],[105.753,11.016],[105.474,10.941],[105.328,10.848],[105.029,10.914],[105.066,10.746],[104.819,10.517],[104.554,10.518],[104.451,10.42],[104.286,10.54],[103.946,10.588],[103.624,10.501],[103.507,10.635],[103.672,10.758],[103.722,10.895],[103.66,11.03],[103.474,11.134],[103.402,10.884],[103.096,10.934],[103.114,11.161],[103.071,11.262],[103.113,11.468],[102.914,11.646],[102.914,11.766],[102.7,12.139],[102.765,12.416],[102.502,12.65],[102.487,12.985],[102.328,13.275],[102.332,13.565],[102.513,13.567],[102.574,13.694],[102.699,13.762],[102.87,14.021],[102.934,14.201],[103.085,14.296],[103.55,14.422],[103.87,14.343],[104.247,14.401],[104.462,14.357],[104.772,14.44],[104.974,14.381],[105.101,14.231],[105.184,14.346],[105.348,14.106],[105.533,14.164],[105.744,14.087],[105.873,13.937],[106.049,13.915],[106.145,14.072],[106.012,14.226],[105.974,14.366],[106.154,14.368],[106.54,14.522],[106.836,14.307],[106.946,14.324],[107.211,14.493],[107.287,14.599],[107.415,14.543],[107.52,14.705]]]},"properties":{"id":"cambodia"}},{"type":"Feature","geometry":{"type":"Polygon","coordinates":[[[6.117,50.12],[6.223,49.887],[6.502,49.796],[6.345,49.455],[6.136,49.495],[5.961,49.441],[5.791,49.538],[5.885,49.644],[5.719,49.891],[5.962,50.166],[6.117,50.12]]]},"properties":{"id":"luxembourg"}},{"type":"Feature","geometry":{"type":"Polygon","coordinates":[[[56.279,25.627],[56.37,25.526],[56.383,24.978],[56.118,24.735],[56.032,24.754],[56.006,24.956],[55.789,24.855],[55.818,24.643],[55.76,24.559],[55.807,24.341],[55.998,24.081],[55.807,24.007],[55.647,24.025],[55.457,23.963],[55.538,23.77],[55.375,23.469],[55.191,22.995],[55.187,22.704],[55.105,22.621],[53.995,22.757],[52.583,22.931],[52.538,22.955],[51.594,24.078],[51.569,24.256],[51.772,24.176],[51.809,24.001],[52.224,23.974],[52.67,24.145],[53.254,24.099],[53.437,24.12],[53.581,24.049],[53.879,24.065],[54.383,24.255],[54.582,24.508],[54.643,24.749],[55.082,25.017],[55.525,25.543],[55.842,25.714],[56.014,25.879],[56.077,26.061],[56.183,26.015],[56.145,25.671],[56.279,25.627]]]},"properties":{"id":"united-arab-emirates"}},{"type":"Feature","geometry":{"type":"Polygon","coordinates":[[[2.522,51.088],[3.125,51.33],[3.349,51.375],[3.422,51.238],[3.635,51.288],[3.927,51.206],[4.221,51.368],[4.261,51.369],[4.525,51.476],[4.731,51.486],[5.068,51.375],[5.215,51.259],[5.472,51.288],[5.841,51.139],[5.622,50.853],[5.728,50.754],[5.995,50.75],[6.233,50.587],[6.338,50.368],[6.117,50.12],[5.962,50.166],[5.719,49.891],[5.885,49.644],[5.791,49.538],[5.478,49.495],[5.402,49.602],[4.989,49.791],[4.849,49.794],[4.788,49.974],[4.465,49.936],[4.21,50.06],[4.023,50.338],[3.755,50.346],[3.463,50.519],[3.271,50.527],[3.244,50.672],[3.103,50.784],[2.9,50.703],[2.59,50.842],[2.522,51.088]]]},"properties":{"id":"belgium"}},{"type":"Feature","geometry":{"type":"Polygon","coordinates":[[[41.551,42.406],[41.5,42.641],[41.383,42.757],[41.15,42.796],[41.023,42.99],[40.856,43.063],[40.335,43.141],[40.219,43.319],[39.986,43.389],[40.059,43.535],[40.233,43.576],[40.48,43.509],[40.652,43.539],[41.012,43.375],[41.181,43.375],[41.551,43.226],[42.011,43.182],[42.154,43.217],[42.423,43.229],[42.596,43.14],[42.83,43.169],[43.194,42.927],[43.517,42.86],[43.783,42.753],[43.751,42.599],[43.94,42.552],[44.211,42.64],[44.272,42.702],[44.859,42.76],[45.184,42.675],[45.356,42.52],[45.699,42.508],[45.736,42.448],[45.631,42.201],[45.934,42.028],[46.198,41.996],[46.431,41.89],[46.189,41.74],[46.297,41.51],[46.592,41.373],[46.695,41.27],[46.497,41.045],[46.211,41.2],[45.969,41.168],[45.821,41.209],[45.721,41.342],[45.25,41.445],[45.002,41.29],[44.552,41.177],[44.218,41.222],[43.73,41.107],[43.44,41.107],[43.231,41.173],[43.124,41.313],[42.803,41.534],[42.565,41.567],[42.438,41.431],[41.948,41.506],[41.801,41.426],[41.521,41.514],[41.774,41.822],[41.756,42.006],[41.664,42.114],[41.551,42.406]]]},"properties":{"id":"georgia"}},{"type":"Feature","geometry":{"type":"Polygon","coordinates":[[[20.567,41.873],[20.74,41.888],[20.811,42.093],[21.098,42.196],[21.238,42.097],[21.354,42.216],[21.564,42.246],[21.942,42.333],[22.345,42.313],[22.51,42.145],[22.844,42.014],[23.01,41.716],[22.932,41.598],[22.917,41.336],[22.59,41.125],[22.183,41.16],[22.029,41.139],[21.737,40.919],[21.582,40.866],[20.965,40.849],[20.741,40.898],[20.577,41.094],[20.483,41.289],[20.54,41.401],[20.5,41.734],[20.567,41.873]]]},"properties":{"id":"north-macedonia"}},{"type":"Feature","geometry":{"type":"Polygon","coordinates":[[[20.567,41.873],[20.5,41.734],[20.54,41.401],[20.483,41.289],[20.577,41.094],[20.741,40.898],[20.965,40.849],[21.019,40.559],[20.827,40.465],[20.648,40.094],[20.433,40.064],[20.318,39.918],[20.283,39.704],[20.2,39.64],[20,39.694],[20.01,39.866],[19.855,40.05],[19.476,40.214],[19.446,40.511],[19.31,40.644],[19.414,40.869],[19.469,41.188],[19.441,41.441],[19.605,41.632],[19.585,41.819],[19.365,41.852],[19.375,42.095],[19.272,42.181],[19.605,42.585],[19.738,42.624],[19.836,42.47],[20.065,42.547],[20.23,42.327],[20.457,42.25],[20.599,41.948],[20.567,41.873]]]},"properties":{"id":"albania"}},{"type":"Feature","geometry":{"type":"MultiPolygon","coordinates":[[[[45.002,41.29],[45.25,41.445],[45.721,41.342],[45.821,41.209],[45.969,41.168],[46.211,41.2],[46.497,41.045],[46.695,41.27],[46.592,41.373],[46.297,41.51],[46.189,41.74],[46.431,41.89],[46.55,41.798],[46.759,41.787],[47.027,41.557],[47.141,41.552],[47.268,41.303],[47.744,41.193],[47.899,41.229],[48.054,41.461],[48.37,41.58],[48.579,41.845],[49.028,41.431],[49.136,41.275],[49.195,41.057],[49.382,40.867],[49.539,40.788],[49.539,40.654],[49.817,40.565],[50.052,40.584],[50.238,40.496],[50.23,40.343],[49.893,40.369],[49.493,40.154],[49.48,39.999],[49.318,39.621],[49.238,39.17],[49.148,39.083],[48.968,39.184],[48.863,38.757],[48.874,38.434],[48.608,38.396],[48.434,38.57],[47.993,38.85],[48.059,38.948],[48.307,39.045],[48.142,39.181],[48.125,39.298],[48.339,39.379],[48.052,39.65],[47.847,39.685],[47.102,39.308],[47.02,39.19],[46.837,39.143],[46.514,38.882],[46.479,39.115],[46.585,39.236],[46.375,39.379],[46.527,39.538],[46.344,39.619],[46.206,39.588],[45.862,39.805],[45.64,40.025],[45.874,40.01],[45.979,40.224],[45.526,40.441],[45.374,40.675],[45.556,40.777],[45.416,40.961],[45.222,41.014],[45.187,41.157],[45.002,41.29]]],[[[46.136,38.864],[45.439,39.004],[45.348,39.164],[45.179,39.22],[44.957,39.434],[44.807,39.64],[44.775,39.703],[45.034,39.77],[45.313,39.534],[45.457,39.489],[45.788,39.549],[45.767,39.354],[45.959,39.272],[45.958,39.152],[46.136,38.864]]]]},"properties":{"id":"azerbaijan"}},{"type":"Feature","geometry":{"type":"Polygon","coordinates":[[[20.065,42.547],[20.076,42.773],[20.345,42.827],[20.337,42.907],[19.95,43.086],[19.619,43.168],[19.195,43.533],[19.363,43.602],[19.462,43.762],[19.229,43.958],[19.619,44.036],[19.177,44.287],[19.107,44.383],[19.328,44.734],[19.369,44.887],[19.174,44.925],[19.016,44.866],[19.132,44.953],[19.079,45.095],[19.29,45.236],[18.976,45.391],[19.018,45.567],[18.845,45.816],[18.901,45.931],[19.263,45.981],[19.55,46.164],[19.929,46.164],[20.243,46.108],[20.339,45.993],[20.786,45.753],[20.761,45.493],[20.981,45.333],[21.493,45.145],[21.369,44.865],[21.656,44.688],[22.004,44.652],[22.185,44.515],[22.32,44.685],[22.484,44.724],[22.621,44.637],[22.48,44.456],[22.692,44.228],[22.593,44.064],[22.412,44.007],[22.349,43.808],[22.519,43.474],[22.805,43.329],[22.956,43.108],[22.727,42.887],[22.506,42.87],[22.425,42.573],[22.509,42.405],[22.345,42.313],[21.942,42.333],[21.564,42.246],[21.354,42.216],[21.238,42.097],[21.098,42.196],[20.811,42.093],[20.74,41.888],[20.567,41.873],[20.599,41.948],[20.457,42.25],[20.23,42.327],[20.065,42.547]]]},"properties":{"id":"serbia"}},{"type":"Feature","geometry":{"type":"MultiPolygon","coordinates":[[[[43.44,41.107],[43.605,40.963],[43.711,40.782],[43.707,40.612],[43.564,40.465],[43.676,40.266],[43.665,40.11],[44.032,40.009],[44.326,40.035],[44.522,39.934],[44.775,39.703],[44.807,39.64],[44.566,39.766],[44.459,39.698],[44.388,39.414],[44.046,39.396],[44.078,39.2],[44.187,39.145],[44.139,38.994],[44.275,38.844],[44.29,38.382],[44.439,38.368],[44.361,38.148],[44.221,37.969],[44.45,37.767],[44.596,37.716],[44.566,37.447],[44.802,37.293],[44.766,37.142],[44.629,37.179],[44.234,36.984],[44.207,37.268],[43.99,37.313],[43.894,37.225],[43.48,37.243],[43.084,37.369],[42.937,37.32],[42.772,37.375],[42.561,37.147],[42.357,37.11],[42.353,37.227],[42.179,37.306],[42.009,37.176],[41.48,37.076],[41.201,37.065],[40.896,37.123],[40.394,36.994],[40.19,36.884],[39.765,36.742],[39.24,36.661],[38.664,36.72],[38.529,36.834],[38.19,36.906],[37.446,36.634],[37.015,36.642],[36.965,36.754],[36.66,36.827],[36.535,36.494],[36.588,36.325],[36.36,36.182],[36.337,35.988],[36.197,35.952],[36.138,35.82],[35.911,35.918],[35.975,36.019],[35.789,36.32],[35.919,36.448],[36.189,36.604],[36.189,36.802],[35.985,36.916],[35.805,36.775],[35.607,36.74],[35.513,36.613],[35.348,36.544],[34.771,36.816],[34.555,36.768],[34.077,36.414],[34.078,36.329],[33.544,36.144],[32.941,36.104],[32.804,36.027],[32.365,36.178],[32.026,36.543],[31.408,36.763],[31.341,36.809],[30.687,36.891],[30.57,36.781],[30.57,36.528],[30.4,36.248],[30.145,36.254],[29.668,36.144],[29.602,36.207],[29.322,36.247],[29.113,36.389],[29.117,36.634],[28.939,36.751],[28.805,36.655],[28.396,36.789],[28.09,36.644],[27.918,36.74],[27.736,36.761],[27.671,36.658],[27.438,36.747],[28.031,36.792],[27.987,37.035],[27.484,36.991],[27.616,37.275],[27.205,37.398],[27.25,37.744],[27.239,37.988],[26.842,38.118],[26.607,38.108],[26.265,38.287],[26.476,38.367],[26.356,38.662],[26.54,38.624],[26.767,38.364],[26.96,38.442],[26.753,38.618],[26.719,38.721],[27.013,38.871],[26.806,38.95],[26.883,39.072],[26.67,39.306],[26.926,39.486],[26.893,39.584],[26.153,39.459],[26.07,39.496],[26.164,39.704],[26.15,39.934],[26.311,40.019],[26.736,40.404],[27.013,40.392],[27.287,40.468],[27.452,40.322],[27.79,40.32],[27.97,40.503],[28.112,40.396],[28.638,40.365],[28.969,40.461],[28.793,40.553],[28.986,40.645],[29.282,40.666],[29.264,40.87],[29.028,40.982],[29.13,41.212],[29.232,41.241],[29.885,41.149],[30.137,41.144],[30.271,41.211],[30.833,41.08],[31.249,41.106],[31.393,41.188],[31.498,41.352],[32.039,41.576],[32.263,41.72],[32.613,41.84],[32.926,41.882],[33.324,42.019],[34.331,41.948],[34.694,41.946],[35.024,42.093],[35.225,41.762],[35.53,41.634],[35.978,41.73],[36.12,41.628],[36.134,41.462],[36.451,41.24],[36.62,41.375],[36.985,41.295],[37.04,41.182],[37.263,41.148],[37.525,41.037],[37.655,41.118],[37.896,40.982],[38.331,40.918],[38.718,40.955],[38.928,41.043],[39.273,41.05],[39.43,41.112],[39.592,41.025],[40.126,40.921],[40.698,41.098],[40.827,41.198],[41.043,41.232],[41.409,41.39],[41.521,41.514],[41.801,41.426],[41.948,41.506],[42.438,41.431],[42.565,41.567],[42.803,41.534],[43.124,41.313],[43.231,41.173],[43.44,41.107]]],[[[28.017,41.973],[27.972,41.822],[28.083,41.645],[28.384,41.447],[28.908,41.267],[29.109,41.235],[28.982,41.002],[28.625,40.968],[28.237,41.085],[27.941,40.971],[27.524,40.989],[27.425,40.831],[27.178,40.633],[26.683,40.455],[26.376,40.154],[26.21,40.322],[26.829,40.602],[26.79,40.661],[26.303,40.601],[26.077,40.612],[26.044,40.738],[26.359,40.965],[26.332,41.254],[26.637,41.378],[26.595,41.612],[26.333,41.713],[26.526,41.824],[26.624,41.969],[26.939,41.996],[27.023,42.074],[27.332,42.057],[27.533,41.908],[27.808,41.993],[28.017,41.973]]]]},"properties":{"id":"turkey"}},{"type":"Feature","geometry":{"type":"MultiPolygon","coordinates":[[[[-1.794,43.386],[-1.747,43.291],[-1.404,43.243],[-1.275,43.047],[-0.981,42.957],[-0.76,42.947],[-0.579,42.777],[-0.305,42.831],[-0.039,42.685],[0.608,42.688],[0.656,42.838],[1.319,42.713],[1.429,42.595],[1.448,42.435],[1.707,42.503],[2.052,42.352],[2.277,42.429],[2.525,42.326],[2.934,42.47],[3.181,42.431],[3.122,42.14],[3.236,41.966],[3.15,41.845],[2.933,41.712],[2.267,41.449],[2.06,41.275],[1.539,41.187],[0.99,41.04],[0.714,40.815],[0.848,40.675],[0.6,40.614],[0.351,40.285],[0.205,40.172],[-0.091,39.848],[-0.331,39.48],[-0.21,39.079],[-0.01,38.87],[0.235,38.742],[-0.09,38.535],[-0.345,38.462],[-0.51,38.338],[-0.504,38.207],[-0.645,38.116],[-0.925,37.556],[-1.324,37.562],[-1.68,37.354],[-1.813,37.207],[-1.899,36.95],[-2.071,36.775],[-2.204,36.737],[-2.362,36.837],[-2.577,36.811],[-2.757,36.68],[-2.933,36.752],[-3.228,36.755],[-3.415,36.696],[-3.601,36.743],[-4.057,36.748],[-4.433,36.711],[-4.68,36.501],[-4.912,36.504],[-5.187,36.411],[-5.339,36.141],[-5.358,36.141],[-5.612,36.006],[-5.917,36.184],[-6.037,36.19],[-6.218,36.402],[-6.235,36.576],[-6.38,36.624],[-6.416,36.838],[-6.5,36.96],[-6.745,37.101],[-7.029,37.206],[-7.414,37.193],[-7.53,37.567],[-7.269,37.949],[-7.024,38.023],[-6.948,38.197],[-7.127,38.191],[-7.359,38.446],[-7.27,38.738],[-7.056,38.855],[-6.973,39.014],[-7.244,39.196],[-7.314,39.457],[-7.557,39.68],[-7.036,39.689],[-6.88,40.009],[-7.043,40.181],[-6.794,40.356],[-6.857,40.442],[-6.837,40.84],[-6.942,41.016],[-6.804,41.064],[-6.647,41.268],[-6.496,41.295],[-6.206,41.57],[-6.366,41.664],[-6.555,41.675],[-6.524,41.867],[-6.657,41.933],[-7.145,41.987],[-7.251,41.864],[-7.588,41.824],[-7.722,41.899],[-8.049,41.816],[-8.232,41.886],[-8.108,42.011],[-8.222,42.154],[-8.627,42.051],[-8.751,41.969],[-8.899,42.102],[-8.796,42.258],[-8.868,42.415],[-8.823,42.57],[-9.071,42.596],[-9.028,42.798],[-9.236,42.935],[-9.218,43.155],[-8.213,43.425],[-8.308,43.546],[-7.953,43.73],[-7.49,43.725],[-7.157,43.559],[-6.649,43.579],[-6.51,43.547],[-6.223,43.596],[-5.424,43.561],[-5.178,43.489],[-4.735,43.417],[-4.189,43.405],[-3.827,43.497],[-3.554,43.517],[-3.392,43.425],[-3.112,43.354],[-2.769,43.453],[-2.367,43.316],[-2.099,43.304],[-1.794,43.386]]],[[[-15.392,28.03],[-15.378,27.852],[-15.578,27.734],[-15.782,27.838],[-15.821,27.984],[-15.706,28.167],[-15.459,28.134],[-15.392,28.03]]],[[[-17.31,28.207],[-17.098,28.101],[-17.233,28.019],[-17.31,28.207]]],[[[-16.428,28.15],[-16.676,27.997],[-16.916,28.355],[-16.507,28.424],[-16.3,28.567],[-16.231,28.488],[-16.366,28.362],[-16.428,28.15]]],[[[-13.973,28.736],[-13.836,28.715],[-13.844,28.414],[-13.967,28.228],[-14.212,28.161],[-14.141,28.435],[-13.973,28.736]]],[[[-17.756,28.819],[-17.721,28.731],[-17.831,28.455],[-18.002,28.75],[-17.911,28.856],[-17.756,28.819]]],[[[-13.483,29.24],[-13.482,28.999],[-13.86,28.859],[-13.751,29.081],[-13.526,29.15],[-13.483,29.24]]],[[[1.606,39.091],[1.51,38.93],[1.344,38.862],[1.293,39.033],[1.606,39.091]]],[[[3.355,39.784],[3.406,39.592],[3.221,39.36],[3.061,39.269],[2.95,39.366],[2.762,39.4],[2.655,39.565],[2.493,39.47],[2.358,39.612],[2.933,39.914],[3.125,39.811],[3.355,39.784]]],[[[4.303,39.926],[4.248,39.816],[3.822,40.048],[4.108,40.068],[4.303,39.926]]]]},"properties":{"id":"spain"}},{"type":"Feature","geometry":{"type":"Polygon","coordinates":[[[-5.399,35.925],[-5.341,35.847],[-5.249,35.585],[-5.066,35.417],[-4.77,35.241],[-4.376,35.152],[-3.961,35.25],[-3.765,35.218],[-3.674,35.288],[-3.413,35.198],[-2.948,35.33],[-2.913,35.277],[-2.905,35.174],[-2.563,35.096],[-2.417,35.149],[-2.223,35.089],[-2.212,35.023],[-1.788,34.757],[-1.871,34.597],[-1.751,34.494],[-1.81,34.372],[-1.675,34.106],[-1.719,33.898],[-1.613,33.521],[-1.674,33.238],[-1.5,33.06],[-1.559,32.934],[-1.423,32.742],[-1.048,32.517],[-1.218,32.393],[-1.25,32.082],[-2.516,32.132],[-2.939,32.049],[-2.828,31.795],[-3.66,31.648],[-3.673,31.389],[-3.819,31.319],[-3.555,30.956],[-3.66,30.837],[-3.646,30.711],[-3.834,30.627],[-4.156,30.586],[-4.372,30.509],[-4.624,30.285],[-4.876,30.18],[-5.274,29.887],[-5.54,29.523],[-5.721,29.523],[-5.756,29.614],[-6.273,29.579],[-6.7,29.516],[-6.784,29.446],[-7.147,29.509],[-7.35,29.383],[-7.619,29.389],[-8.07,29.079],[-8.383,28.906],[-8.682,28.666],[-8.682,27.661],[-9.876,27.662],[-11,27.662],[-11.773,27.662],[-13.178,27.662],[-13.061,27.743],[-12.968,27.915],[-12.839,27.97],[-12.514,27.995],[-12.061,28.089],[-11.486,28.326],[-11.326,28.515],[-11.048,28.762],[-10.574,28.99],[-10.142,29.429],[-10.053,29.6],[-9.82,29.839],[-9.655,30.127],[-9.607,30.378],[-9.7,30.543],[-9.887,30.687],[-9.82,30.792],[-9.848,31.402],[-9.667,31.731],[-9.366,32.026],[-9.27,32.227],[-9.26,32.577],[-8.868,32.882],[-8.629,33.128],[-8.243,33.405],[-8.107,33.431],[-7.497,33.65],[-7.099,33.84],[-6.822,34.04],[-6.558,34.418],[-6.292,34.881],[-6.024,35.501],[-5.927,35.781],[-5.599,35.822],[-5.399,35.925]]]},"properties":{"id":"morocco"}},{"type":"Feature","geometry":{"type":"Polygon","coordinates":[[[102.119,22.398],[102.226,22.228],[102.399,22.109],[102.478,21.958],[102.591,21.901],[102.643,21.668],[102.787,21.74],[102.948,21.737],[102.974,21.575],[102.863,21.294],[102.889,21.166],[103.136,20.85],[103.427,20.821],[103.665,20.658],[103.785,20.846],[104.194,20.93],[104.389,20.771],[104.601,20.661],[104.543,20.536],[104.681,20.341],[104.957,20.092],[104.936,19.984],[104.781,19.908],[104.805,19.791],[104.523,19.599],[104.229,19.706],[104.089,19.652],[104.09,19.484],[103.87,19.327],[103.973,19.225],[104.148,19.183],[104.481,18.978],[104.722,18.792],[105.113,18.698],[105.163,18.639],[105.08,18.454],[105.166,18.307],[105.368,18.15],[105.476,18.127],[105.735,17.664],[105.846,17.598],[106.185,17.257],[106.26,17.289],[106.411,16.996],[106.534,16.951],[106.535,16.684],[106.64,16.587],[106.671,16.444],[106.86,16.412],[107.154,16.166],[107.445,16.01],[107.361,15.912],[107.175,15.849],[107.16,15.759],[107.369,15.496],[107.578,15.4],[107.658,15.282],[107.578,15.047],[107.52,14.705],[107.415,14.543],[107.287,14.599],[107.211,14.493],[106.946,14.324],[106.836,14.307],[106.54,14.522],[106.154,14.368],[105.974,14.366],[106.012,14.226],[106.145,14.072],[106.049,13.915],[105.873,13.937],[105.744,14.087],[105.533,14.164],[105.348,14.106],[105.184,14.346],[105.416,14.428],[105.508,14.564],[105.489,14.786],[105.584,14.978],[105.444,15.134],[105.564,15.273],[105.651,15.635],[105.569,15.749],[105.448,15.765],[105.361,15.919],[105.405,16.019],[105.079,16.105],[105.026,16.258],[104.755,16.529],[104.778,16.694],[104.745,17.025],[104.81,17.172],[104.816,17.373],[104.715,17.515],[104.481,17.64],[104.27,17.874],[104.019,18.299],[103.881,18.284],[103.607,18.4],[103.397,18.441],[103.261,18.4],[103.073,18.036],[102.939,18.009],[102.687,17.874],[102.568,17.971],[102.307,18.051],[102.079,18.214],[101.904,18.037],[101.774,18.059],[101.636,17.895],[101.247,17.592],[101.129,17.461],[100.886,17.596],[101.008,17.895],[101.165,18.053],[101.146,18.336],[101.03,18.428],[101.235,18.658],[101.233,18.893],[101.318,19.05],[101.229,19.144],[101.172,19.376],[101.257,19.523],[100.875,19.613],[100.729,19.505],[100.462,19.537],[100.384,19.764],[100.474,19.865],[100.543,20.067],[100.364,20.369],[100.099,20.318],[100.211,20.697],[100.516,20.886],[100.638,21.07],[100.725,21.312],[101.003,21.406],[101.159,21.553],[101.209,21.246],[101.26,21.179],[101.495,21.243],[101.718,21.134],[101.824,21.234],[101.715,21.321],[101.752,21.806],[101.607,21.968],[101.518,22.228],[101.655,22.446],[101.818,22.406],[102.015,22.446],[102.119,22.398]]]},"properties":{"id":"laos"}},{"type":"Feature","geometry":{"type":"Polygon","coordinates":[[[80.21,42.19],[80.182,42.021],[79.931,42.023],[79.748,41.88],[79.304,41.788],[78.645,41.524],[78.36,41.378],[78.36,41.287],[78.075,41.04],[77.867,41.064],[77.475,40.982],[77.333,41.021],[76.861,41.013],[76.631,40.729],[76.624,40.628],[76.449,40.416],[76.244,40.441],[75.921,40.309],[75.665,40.306],[75.588,40.612],[75.482,40.614],[75.194,40.441],[74.835,40.512],[74.706,40.331],[74.37,40.106],[73.966,40.033],[73.823,39.806],[73.927,39.593],[73.821,39.468],[73.633,39.448],[73.477,39.465],[73.168,39.355],[72.65,39.394],[72.316,39.329],[72.203,39.241],[72.05,39.369],[71.844,39.285],[71.74,39.448],[71.513,39.459],[71.46,39.612],[71.009,39.408],[70.698,39.419],[70.622,39.564],[70.46,39.6],[70.241,39.522],[70.02,39.569],[69.669,39.578],[69.286,39.54],[69.226,39.751],[69.314,39.987],[69.575,40.104],[69.97,40.212],[70.627,39.994],[70.639,40.085],[70.959,40.238],[71.365,40.294],[71.673,40.148],[72.099,40.426],[72.394,40.389],[72.784,40.67],[73.118,40.783],[73.003,40.87],[72.619,40.88],[72.477,41.012],[72.186,41.041],[72.17,41.169],[71.872,41.194],[71.753,41.447],[71.633,41.411],[71.421,41.162],[71.19,41.127],[70.756,41.27],[70.634,41.467],[70.453,41.405],[70.169,41.578],[70.454,41.712],[70.55,41.824],[70.825,41.936],[71.218,42.206],[70.948,42.248],[71.003,42.564],[71.405,42.795],[71.584,42.76],[71.848,42.834],[72.105,42.75],[72.292,42.761],[72.726,42.653],[72.841,42.556],[73.115,42.551],[73.505,42.422],[73.41,42.59],[73.489,42.878],[73.634,43.062],[74.259,43.216],[74.558,43.115],[74.714,43],[75.179,42.85],[75.62,42.805],[75.771,42.926],[76.689,42.91],[76.957,42.989],[77.164,42.922],[77.907,42.891],[78.031,42.855],[78.43,42.881],[79.031,42.756],[79.476,42.454],[79.918,42.424],[80.21,42.19]]]},"properties":{"id":"kyrgyzstan"}},{"type":"Feature","geometry":{"type":"Polygon","coordinates":[[[45.002,41.29],[45.187,41.157],[45.222,41.014],[45.416,40.961],[45.556,40.777],[45.374,40.675],[45.526,40.441],[45.979,40.224],[45.874,40.01],[45.64,40.025],[45.862,39.805],[46.206,39.588],[46.344,39.619],[46.527,39.538],[46.375,39.379],[46.585,39.236],[46.479,39.115],[46.514,38.882],[46.392,38.922],[46.136,38.864],[45.958,39.152],[45.959,39.272],[45.767,39.354],[45.788,39.549],[45.457,39.489],[45.313,39.534],[45.034,39.77],[44.775,39.703],[44.522,39.934],[44.326,40.035],[44.032,40.009],[43.665,40.11],[43.676,40.266],[43.564,40.465],[43.707,40.612],[43.711,40.782],[43.605,40.963],[43.44,41.107],[43.73,41.107],[44.218,41.222],[44.552,41.177],[45.002,41.29]]]},"properties":{"id":"armenia"}},{"type":"Feature","geometry":{"type":"MultiPolygon","coordinates":[[[[8.661,54.896],[8.689,55.142],[8.618,55.438],[8.31,55.563],[8.094,55.564],[8.194,55.812],[8.387,55.927],[8.282,56.076],[8.106,56.119],[8.122,56.552],[8.246,56.61],[8.601,56.501],[8.877,56.764],[9.106,56.8],[9.289,56.997],[9.121,57.045],[8.68,56.953],[8.491,56.731],[8.27,56.843],[8.586,57.106],[8.98,57.161],[9.412,57.165],[9.573,57.243],[9.967,57.591],[10.43,57.571],[10.547,57.435],[10.539,57.237],[10.266,56.908],[10.361,56.562],[10.789,56.536],[10.964,56.448],[10.75,56.216],[10.377,56.203],[10.259,56.099],[10.245,55.915],[9.707,55.537],[9.601,55.366],[9.69,55.205],[9.494,55.161],[9.762,54.897],[9.546,54.879],[9.438,54.81],[8.824,54.906],[8.661,54.896]]],[[[11.845,54.732],[11.811,54.655],[11.452,54.628],[11.031,54.761],[11.019,54.903],[11.232,54.961],[11.369,54.881],[11.726,54.873],[11.845,54.732]]],[[[15.151,55.133],[15.073,54.992],[14.684,55.101],[14.752,55.299],[15.151,55.133]]],[[[10.666,55.064],[10.234,55.092],[9.884,55.253],[9.888,55.509],[10.294,55.616],[10.698,55.44],[10.828,55.307],[10.666,55.064]]],[[[12.04,54.893],[11.649,55.181],[11.245,55.215],[11.213,55.416],[11.088,55.627],[11.641,55.943],[11.866,55.973],[12.245,56.129],[12.622,56.044],[12.513,55.921],[12.602,55.709],[12.248,55.546],[12.392,55.255],[12.047,55.14],[12.149,54.994],[12.04,54.893]]]]},"properties":{"id":"denmark"}},{"type":"Feature","geometry":{"type":"Polygon","coordinates":[[[11.505,33.181],[11.847,33.083],[12.122,32.921],[12.348,32.833],[12.73,32.799],[13.352,32.904],[13.571,32.803],[13.787,32.8],[14.176,32.718],[14.449,32.525],[14.727,32.451],[15.196,32.39],[15.365,32.175],[15.37,31.929],[15.49,31.665],[15.761,31.388],[16.045,31.276],[16.359,31.227],[16.728,31.224],[17.366,31.087],[17.849,30.924],[18.175,30.786],[18.653,30.422],[19.057,30.266],[19.339,30.299],[19.749,30.511],[20.036,30.819],[20.147,31.046],[20.147,31.217],[20.022,31.397],[19.921,31.718],[19.94,31.958],[20.072,32.176],[20.563,32.558],[21.097,32.781],[21.415,32.793],[21.609,32.931],[22.096,32.923],[22.379,32.87],[22.514,32.791],[23.106,32.64],[23.149,32.478],[23.096,32.324],[23.244,32.221],[23.84,32.149],[24.091,32.006],[24.546,31.991],[24.67,32.032],[24.982,31.968],[25.151,31.656],[24.861,31.38],[24.883,31.039],[24.995,30.785],[24.908,30.499],[24.688,30.144],[24.812,29.891],[24.874,29.468],[24.981,29.181],[24.981,27.667],[24.981,26.665],[24.981,25.497],[24.981,24.622],[24.981,23.163],[24.981,21.995],[24.981,21.248],[24.972,19.995],[23.981,19.995],[23.981,19.496],[23.24,19.862],[22.252,20.35],[21.634,20.655],[20.646,21.143],[19.658,21.631],[18.917,21.997],[17.805,22.546],[16.817,23.034],[15.985,23.445],[14.98,22.996],[14.232,22.618],[14.202,22.623],[13.6,23.119],[13.482,23.18],[11.969,23.517],[11.567,24.267],[11.509,24.314],[10.721,24.552],[10.45,24.477],[10.26,24.577],[10.193,24.75],[10.032,24.856],[10.021,25.268],[9.97,25.395],[9.401,26.113],[9.483,26.353],[9.836,26.504],[9.911,26.843],[9.826,26.921],[9.721,27.292],[9.822,27.506],[9.936,27.867],[9.777,28.268],[9.851,28.786],[9.826,29.129],[9.668,29.608],[9.55,29.802],[9.287,30.117],[9.52,30.229],[9.871,30.355],[10.192,30.731],[10.27,30.916],[10.245,31.078],[10.108,31.412],[10.117,31.494],[10.315,31.716],[10.483,31.733],[10.606,31.954],[10.806,32.032],[10.873,32.137],[11.444,32.368],[11.564,32.465],[11.45,32.638],[11.505,33.181]]]},"properties":{"id":"libya"}},{"type":"Feature","geometry":{"type":"MultiPolygon","coordinates":[[[[11.505,33.181],[11.45,32.638],[11.564,32.465],[11.444,32.368],[10.873,32.137],[10.806,32.032],[10.606,31.954],[10.483,31.733],[10.315,31.716],[10.117,31.494],[10.108,31.412],[10.245,31.078],[10.27,30.916],[10.192,30.731],[9.871,30.355],[9.52,30.229],[9.264,31.219],[9.045,32.072],[8.483,32.435],[8.32,32.561],[8.283,32.836],[8.087,33.094],[7.751,33.208],[7.693,33.454],[7.553,33.659],[7.48,33.894],[7.517,34.095],[7.753,34.232],[7.871,34.438],[8.094,34.53],[8.236,34.648],[8.249,34.902],[8.314,35.103],[8.324,35.652],[8.241,35.828],[8.358,36.43],[8.17,36.526],[8.408,36.643],[8.444,36.796],[8.624,36.826],[8.603,36.94],[8.802,36.973],[9.211,37.234],[9.745,37.345],[9.862,37.271],[10.146,37.237],[10.182,37.027],[10.347,36.88],[10.32,36.749],[10.538,36.772],[11.013,37.085],[11.117,36.838],[11.022,36.788],[10.8,36.452],[10.519,36.337],[10.48,36.079],[10.609,35.856],[10.841,35.699],[11.055,35.614],[11.042,35.334],[11.112,35.206],[10.918,34.957],[10.916,34.874],[10.597,34.545],[10.127,34.326],[10.015,34.153],[10.071,33.946],[10.33,33.703],[10.489,33.647],[10.717,33.707],[10.717,33.484],[11.108,33.55],[11.09,33.454],[11.18,33.211],[11.505,33.181]]],[[[10.991,33.842],[10.894,33.658],[10.74,33.715],[10.736,33.885],[10.991,33.842]]]]},"properties":{"id":"tunisia"}},{"type":"Feature","geometry":{"type":"Polygon","coordinates":[[[22.878,47.947],[23.231,48.08],[23.36,47.993],[23.977,47.962],[24.231,47.897],[24.562,47.941],[24.897,47.71],[25.122,47.77],[25.262,47.899],[26.173,47.993],[26.303,48.212],[26.618,48.259],[26.805,48.258],[27.212,47.89],[27.272,47.715],[27.428,47.581],[27.807,47.145],[28.083,46.972],[28.234,46.662],[28.247,46.436],[28.086,46.001],[28.199,45.462],[28.33,45.323],[28.71,45.227],[29.322,45.444],[29.65,45.346],[29.659,45.216],[29.618,44.861],[29.156,44.784],[29.044,44.866],[28.789,44.706],[28.844,44.494],[28.631,44.264],[28.671,44.003],[28.578,43.741],[28.221,43.762],[27.981,43.849],[27.936,43.964],[27.656,44.024],[27.384,44.015],[27.253,44.122],[27.027,44.177],[26.116,43.999],[25.781,43.732],[25.36,43.654],[24.964,43.75],[24.753,43.739],[24.5,43.799],[24.159,43.753],[23.325,43.887],[22.92,43.834],[22.886,43.995],[23.023,44.032],[22.692,44.228],[22.48,44.456],[22.621,44.637],[22.484,44.724],[22.32,44.685],[22.185,44.515],[22.004,44.652],[21.656,44.688],[21.369,44.865],[21.493,45.145],[20.981,45.333],[20.761,45.493],[20.786,45.753],[20.339,45.993],[20.243,46.108],[20.608,46.129],[20.84,46.271],[21.051,46.236],[21.165,46.318],[21.301,46.604],[21.505,46.723],[21.516,46.822],[21.764,47.105],[21.989,47.493],[22.262,47.716],[22.746,47.825],[22.878,47.947]]]},"properties":{"id":"romania"}},{"type":"Feature","geometry":{"type":"Polygon","coordinates":[[[22.878,47.947],[22.746,47.825],[22.262,47.716],[21.989,47.493],[21.764,47.105],[21.516,46.822],[21.505,46.723],[21.301,46.604],[21.165,46.318],[21.051,46.236],[20.84,46.271],[20.608,46.129],[20.243,46.108],[19.929,46.164],[19.55,46.164],[19.263,45.981],[18.901,45.931],[18.674,45.91],[18.412,45.743],[18.211,45.785],[17.858,45.776],[17.591,45.936],[17.345,45.956],[17.197,46.121],[17.053,46.153],[16.838,46.382],[16.515,46.502],[16.368,46.643],[16.272,46.864],[16.094,46.863],[16.275,47.004],[16.437,47.032],[16.409,47.204],[16.482,47.392],[16.641,47.453],[16.61,47.751],[16.797,47.675],[17.055,47.702],[17.04,47.837],[17.148,48.005],[17.338,47.999],[17.472,47.889],[17.826,47.75],[18.693,47.778],[18.838,48.04],[19.482,48.111],[19.623,48.227],[19.884,48.13],[20.272,48.252],[20.482,48.526],[20.784,48.569],[21.109,48.489],[21.425,48.561],[21.728,48.341],[22.133,48.405],[22.272,48.403],[22.357,48.243],[22.6,48.101],[22.831,48.072],[22.878,47.947]]]},"properties":{"id":"hungary"}},{"type":"Feature","geometry":{"type":"Polygon","coordinates":[[[22.54,49.072],[22.31,48.682],[22.154,48.586],[22.133,48.405],[21.728,48.341],[21.425,48.561],[21.109,48.489],[20.784,48.569],[20.482,48.526],[20.272,48.252],[19.884,48.13],[19.623,48.227],[19.482,48.111],[18.838,48.04],[18.693,47.778],[17.826,47.75],[17.472,47.889],[17.338,47.999],[17.148,48.005],[16.844,48.366],[16.945,48.604],[17.167,48.86],[17.535,48.813],[17.86,48.922],[18.103,49.092],[18.19,49.277],[18.536,49.482],[18.833,49.51],[18.962,49.389],[19.173,49.402],[19.443,49.602],[19.752,49.219],[20.07,49.183],[20.307,49.387],[20.69,49.401],[20.919,49.29],[21.069,49.419],[21.274,49.447],[21.82,49.377],[22.012,49.211],[22.54,49.072]]]},"properties":{"id":"slovakia"}},{"type":"Feature","geometry":{"type":"Polygon","coordinates":[[[18.833,49.51],[18.773,49.676],[18.637,49.7],[18.559,49.907],[18.307,49.91],[18.092,50.017],[17.839,49.974],[17.718,50.191],[17.335,50.27],[17.176,50.381],[16.893,50.433],[16.96,50.232],[16.701,50.095],[16.334,50.372],[16.332,50.644],[15.848,50.675],[15.767,50.744],[15.35,50.784],[15.227,50.977],[14.997,51.008],[14.81,50.858],[14.955,51.064],[15.019,51.272],[14.945,51.449],[14.732,51.516],[14.72,51.676],[14.596,51.842],[14.761,52.077],[14.54,52.422],[14.645,52.577],[14.124,52.851],[14.144,52.96],[14.343,53.049],[14.409,53.272],[14.264,53.7],[14.545,53.704],[14.552,53.863],[14.201,53.878],[14.21,53.938],[14.367,53.917],[14.782,54.035],[15.86,54.25],[16.179,54.263],[16.57,54.557],[16.94,54.606],[17.337,54.749],[17.885,54.824],[18.317,54.838],[18.429,54.782],[18.588,54.434],[19.002,54.345],[19.377,54.378],[19.61,54.457],[19.68,54.437],[20.93,54.398],[22.698,54.343],[22.767,54.356],[22.963,54.382],[23.433,54.169],[23.486,53.939],[23.591,53.611],[23.894,53.152],[23.922,52.743],[23.869,52.67],[23.392,52.51],[23.166,52.289],[23.637,52.084],[23.676,51.994],[23.56,51.755],[23.606,51.517],[23.634,51.339],[23.875,51.136],[23.97,50.825],[24.108,50.63],[23.981,50.405],[23.696,50.377],[23.101,49.957],[22.641,49.529],[22.738,49.275],[22.54,49.072],[22.012,49.211],[21.82,49.377],[21.274,49.447],[21.069,49.419],[20.919,49.29],[20.69,49.401],[20.307,49.387],[20.07,49.183],[19.752,49.219],[19.443,49.602],[19.173,49.402],[18.962,49.389],[18.833,49.51]]]},"properties":{"id":"poland"}},{"type":"Feature","geometry":{"type":"Polygon","coordinates":[[[-7.247,55.069],[-7.405,55.004],[-7.556,54.738],[-7.907,54.661],[-8.156,54.439],[-7.837,54.204],[-7.31,54.115],[-7.049,54.412],[-6.635,54.15],[-6.616,54.037],[-6.27,54.098],[-6.379,53.917],[-6.243,53.865],[-6.223,53.646],[-6.075,53.54],[-6.215,53.358],[-6.03,53.111],[-5.997,52.965],[-6.215,52.666],[-6.209,52.546],[-6.448,52.356],[-6.377,52.178],[-6.716,52.217],[-6.897,52.152],[-7.435,52.126],[-7.586,51.998],[-7.829,51.953],[-8.021,51.824],[-8.246,51.803],[-8.539,51.648],[-9.108,51.549],[-9.425,51.558],[-9.807,51.446],[-9.77,51.592],[-10.111,51.746],[-10.288,51.952],[-10.172,52.287],[-9.914,52.233],[-9.848,52.428],[-9.538,52.645],[-9.449,52.958],[-9.272,53.147],[-10.026,53.385],[-10.128,53.509],[-9.931,53.6],[-9.908,53.762],[-9.566,53.796],[-9.615,53.899],[-9.931,53.885],[-9.908,54.118],[-10.073,54.269],[-9.844,54.329],[-9.385,54.297],[-9.09,54.227],[-8.47,54.277],[-8.613,54.375],[-8.287,54.479],[-8.287,54.637],[-8.597,54.619],[-8.796,54.698],[-8.491,54.852],[-8.457,54.995],[-8.16,55.139],[-7.761,55.25],[-7.195,55.339],[-6.94,55.239],[-7.247,55.069]]]},"properties":{"id":"ireland"}},{"type":"Feature","geometry":{"type":"MultiPolygon","coordinates":[[[[-7.247,55.069],[-7.017,55.071],[-6.476,55.249],[-6.037,55.168],[-5.821,54.875],[-5.748,54.68],[-5.537,54.657],[-5.433,54.466],[-5.64,54.235],[-5.862,54.231],[-6.041,54.036],[-6.27,54.098],[-6.616,54.037],[-6.635,54.15],[-7.049,54.412],[-7.31,54.115],[-7.837,54.204],[-8.156,54.439],[-7.907,54.661],[-7.556,54.738],[-7.405,55.004],[-7.247,55.069]]],[[[-2.665,51.617],[-3.106,51.497],[-3.185,51.398],[-3.539,51.399],[-3.975,51.563],[-4.272,51.555],[-4.294,51.672],[-4.645,51.732],[-4.941,51.597],[-5.289,51.917],[-5.081,52.021],[-4.832,52.019],[-4.197,52.279],[-4.053,52.542],[-4.13,52.889],[-4.358,53.028],[-4.152,53.228],[-3.769,53.319],[-3.562,53.294],[-3.058,53.435],[-3.088,53.588],[-2.952,53.708],[-3.041,53.924],[-2.796,54.125],[-2.851,54.185],[-3.241,54.112],[-3.634,54.513],[-3.388,54.883],[-3.844,54.866],[-3.964,54.772],[-4.344,54.795],[-4.506,54.705],[-4.859,54.866],[-5.128,54.849],[-5.171,55.009],[-4.618,55.496],[-4.921,55.709],[-4.983,55.871],[-5.314,56.012],[-5.325,55.769],[-5.594,55.313],[-5.755,55.297],[-5.722,55.565],[-5.581,55.758],[-5.696,55.916],[-5.523,56.166],[-5.598,56.259],[-5.411,56.552],[-5.667,56.498],[-6.003,56.619],[-5.791,57.059],[-5.62,57.252],[-5.871,57.481],[-5.763,57.634],[-5.811,57.833],[-5.487,57.856],[-5.293,57.981],[-5.393,58.245],[-5.173,58.354],[-4.988,58.628],[-4.612,58.525],[-3.81,58.573],[-3.204,58.661],[-3.086,58.414],[-3.221,58.306],[-3.991,57.96],[-3.915,57.808],[-4.202,57.675],[-3.837,57.593],[-3.492,57.713],[-3.079,57.669],[-2.916,57.703],[-2.433,57.668],[-1.998,57.703],[-1.759,57.474],[-1.98,57.319],[-2.22,56.873],[-2.441,56.735],[-2.53,56.581],[-2.822,56.376],[-2.577,56.284],[-2.964,56.206],[-3.303,55.978],[-2.94,55.969],[-2.635,56.058],[-2.138,55.915],[-1.822,55.636],[-1.631,55.585],[-1.522,55.167],[-1.275,54.748],[-1.121,54.633],[-0.563,54.477],[-0.398,54.269],[-0.111,54.132],[-0.219,54.023],[-0.151,53.899],[0.133,53.643],[0.152,53.476],[0.342,53.226],[0.33,53.086],[0.022,52.913],[0.379,52.791],[0.52,52.955],[0.685,52.986],[1.275,52.929],[1.644,52.776],[1.771,52.486],[1.582,52.081],[1.135,51.782],[0.989,51.83],[0.924,51.588],[0.555,51.412],[0.977,51.349],[1.424,51.392],[1.357,51.131],[1.087,51.073],[0.664,50.87],[0.271,50.747],[-0.173,50.829],[-0.569,50.802],[-0.813,50.735],[-1.317,50.8],[-1.949,50.713],[-1.984,50.597],[-2.436,50.638],[-2.865,50.734],[-3.26,50.675],[-3.467,50.586],[-3.539,50.344],[-3.646,50.226],[-3.826,50.234],[-4.166,50.376],[-4.752,50.33],[-4.8,50.23],[-5.053,50.196],[-5.057,50.061],[-5.288,50.068],[-5.438,50.194],[-5.05,50.429],[-5.025,50.524],[-4.792,50.595],[-4.55,50.81],[-4.526,51.015],[-4.338,50.997],[-4.152,51.212],[-3.769,51.248],[-3.385,51.186],[-3.001,51.22],[-3.011,51.311],[-2.665,51.617]]],[[[-1.083,50.713],[-1.316,50.589],[-1.506,50.708],[-1.296,50.773],[-1.083,50.713]]],[[[-4.098,53.31],[-4.344,53.132],[-4.571,53.275],[-4.553,53.401],[-4.277,53.401],[-4.098,53.31]]],[[[-5.071,55.509],[-5.346,55.483],[-5.393,55.647],[-5.16,55.676],[-5.071,55.509]]],[[[-6.03,55.729],[-6.321,55.733],[-6.409,55.864],[-6.12,55.929],[-6.03,55.729]]],[[[-5.688,56.435],[-5.72,56.353],[-6.328,56.277],[-6.127,56.474],[-5.952,56.524],[-5.688,56.435]]],[[[-6.564,57.347],[-6.784,57.456],[-6.655,57.552],[-6.373,57.532],[-6.154,57.59],[-6.107,57.323],[-5.691,57.19],[-5.919,57.05],[-6.024,57.196],[-6.318,57.161],[-6.564,57.347]]],[[[-6.852,57.911],[-7.113,57.99],[-7.126,58.124],[-6.819,58.285],[-6.346,58.463],[-6.189,58.341],[-6.4,58.21],[-6.401,58.007],[-6.852,57.911]]],[[[-2.728,58.971],[-3.203,58.916],[-3.35,59.098],[-3.085,59.128],[-3.012,59.017],[-2.728,58.971]]],[[[-1.097,60.416],[-1.144,60.188],[-1.263,60.115],[-1.67,60.24],[-1.639,60.311],[-1.097,60.416]]]]},"properties":{"id":"united-kingdom"}},{"type":"Feature","geometry":{"type":"MultiPolygon","coordinates":[[[[20.965,40.849],[21.582,40.866],[21.737,40.919],[22.029,41.139],[22.183,41.16],[22.59,41.125],[22.917,41.336],[23.115,41.313],[23.288,41.398],[23.612,41.371],[24.047,41.526],[24.531,41.548],[24.58,41.441],[24.886,41.401],[25.286,41.239],[25.551,41.316],[25.882,41.304],[26.121,41.358],[26.152,41.547],[26.048,41.689],[26.333,41.713],[26.595,41.612],[26.637,41.378],[26.332,41.254],[26.359,40.965],[26.044,40.738],[25.919,40.853],[25.538,40.87],[25.3,40.952],[24.99,40.942],[24.802,40.853],[24.416,40.946],[24.11,40.728],[23.809,40.78],[23.692,40.695],[23.878,40.56],[23.923,40.369],[23.7,40.326],[23.779,40.203],[23.98,40.131],[23.823,40.017],[23.675,40.218],[23.398,40.278],[23.299,40.235],[23.029,40.326],[22.831,40.486],[22.661,40.369],[22.553,40.167],[22.571,40.054],[22.85,39.791],[22.925,39.6],[23.271,39.323],[22.843,39.288],[22.826,39.221],[23.042,39.04],[22.748,38.799],[23.205,38.683],[23.418,38.504],[23.601,38.474],[23.625,38.414],[23.71,38.337],[23.951,38.291],[24.085,37.802],[23.764,37.816],[23.68,37.946],[23.45,38.021],[23.094,37.911],[23.182,37.809],[23.169,37.614],[23.526,37.46],[23.276,37.402],[23.156,37.303],[22.964,37.522],[22.73,37.494],[22.758,37.398],[23,37.033],[23.114,36.781],[23.081,36.579],[22.972,36.52],[22.737,36.809],[22.371,36.674],[22.153,37.021],[21.937,36.98],[21.945,36.79],[21.707,36.818],[21.703,36.957],[21.568,37.156],[21.682,37.284],[21.55,37.561],[21.308,37.666],[21.285,37.785],[21.122,37.837],[21.326,38.021],[21.376,38.204],[21.603,38.152],[21.849,38.341],[21.956,38.337],[22.219,38.188],[22.68,38.067],[22.883,37.938],[22.943,38.083],[23.11,38.21],[22.691,38.322],[22.546,38.303],[21.988,38.411],[21.6,38.351],[21.37,38.408],[21.156,38.304],[21.106,38.481],[20.764,38.892],[20.975,38.947],[20.894,39.077],[20.687,39.072],[20.293,39.333],[20.182,39.624],[20,39.694],[20.2,39.64],[20.283,39.704],[20.318,39.918],[20.433,40.064],[20.648,40.094],[20.827,40.465],[21.019,40.559],[20.965,40.849]]],[[[26.321,35.315],[26.241,35.039],[25.601,35.014],[25.208,34.951],[24.739,34.932],[24.708,35.096],[24.402,35.191],[24.05,35.191],[23.988,35.233],[23.587,35.239],[23.518,35.308],[23.624,35.521],[24.036,35.523],[24.34,35.348],[24.721,35.427],[24.971,35.425],[25.055,35.355],[25.376,35.343],[25.482,35.297],[25.766,35.336],[25.713,35.183],[25.795,35.115],[26.321,35.315]]],[[[28.24,36.433],[28.131,36.185],[27.78,35.89],[27.701,36.163],[27.9,36.34],[28.24,36.433]]],[[[25.526,37.196],[25.595,37.1],[25.448,36.925],[25.372,37.089],[25.526,37.196]]],[[[27.048,37.727],[26.787,37.647],[26.772,37.814],[27.048,37.727]]],[[[20.734,38.062],[20.473,38.182],[20.398,38.333],[20.694,38.265],[20.734,38.062]]],[[[26.164,38.543],[26.164,38.303],[25.992,38.344],[25.849,38.58],[26.164,38.543]]],[[[24.588,38.159],[24.567,37.988],[24.357,37.98],[24.049,38.395],[23.912,38.392],[23.639,38.416],[23.636,38.529],[23.036,38.926],[23.299,39.042],[23.48,38.838],[23.858,38.683],[24.136,38.662],[24.216,38.54],[24.185,38.408],[24.327,38.186],[24.588,38.159]]],[[[26.612,39.049],[26.424,38.967],[26.166,39.022],[25.889,39.145],[25.859,39.259],[26.343,39.383],[26.612,39.049]]],[[[20.092,39.434],[19.999,39.399],[19.69,39.674],[19.667,39.794],[19.852,39.825],[19.932,39.479],[20.092,39.434]]],[[[25.45,40.036],[25.257,39.856],[25.047,39.866],[25.033,39.995],[25.45,40.036]]],[[[24.786,40.735],[24.78,40.612],[24.517,40.639],[24.642,40.804],[24.786,40.735]]]]},"properties":{"id":"greece"}},{"type":"Feature","geometry":{"type":"Polygon","coordinates":[[[32.921,-9.408],[32.975,-9.601],[33.175,-9.602],[33.366,-9.899],[33.31,-10.013],[33.533,-10.231],[33.529,-10.319],[33.674,-10.577],[33.28,-10.913],[33.391,-11.165],[33.23,-11.417],[33.303,-11.61],[33.313,-11.899],[33.255,-12.073],[33.33,-12.298],[33.526,-12.335],[33.373,-12.519],[33.025,-12.613],[32.941,-12.77],[33.005,-12.893],[32.995,-13.191],[32.874,-13.443],[32.723,-13.573],[32.859,-13.808],[33.049,-13.997],[33.203,-14.014],[31.658,-14.52],[31.411,-14.634],[30.816,-14.768],[30.214,-14.981],[30.288,-15.279],[30.365,-15.354],[30.396,-15.636],[30.011,-15.646],[29.837,-15.615],[29.563,-15.662],[29.186,-15.813],[28.932,-15.964],[28.871,-16.087],[28.857,-16.388],[28.733,-16.558],[28.28,-16.707],[28.114,-16.828],[27.777,-17.001],[27.577,-17.363],[27.157,-17.769],[27.048,-17.944],[26.712,-18.066],[26.203,-17.887],[25.979,-17.999],[25.681,-17.811],[25.496,-17.855],[25.26,-17.794],[24.958,-17.552],[24.684,-17.492],[24.581,-17.533],[24.389,-17.471],[24.22,-17.479],[23.382,-17.641],[23.207,-17.541],[22.999,-17.294],[22.765,-17.17],[22.71,-17.055],[22.523,-16.915],[22.334,-16.674],[22.152,-16.598],[21.984,-16.166],[21.982,-15.413],[21.98,-13.906],[21.98,-13.001],[22.85,-13.001],[24.001,-13.001],[23.866,-12.79],[23.941,-12.533],[24.031,-12.385],[23.954,-12.152],[23.989,-11.834],[23.96,-11.617],[24.061,-11.395],[24.011,-11.273],[23.967,-10.872],[24.114,-10.919],[24.124,-11.043],[24.294,-11.05],[24.382,-11.121],[24.392,-11.279],[24.31,-11.407],[24.565,-11.445],[24.674,-11.342],[25.184,-11.247],[25.278,-11.372],[25.352,-11.646],[25.851,-11.794],[25.994,-11.905],[26.309,-11.937],[26.415,-11.912],[26.644,-11.986],[26.913,-11.943],[26.967,-11.87],[27.01,-11.61],[27.18,-11.57],[27.234,-11.809],[27.421,-11.922],[27.52,-12.18],[27.638,-12.294],[27.934,-12.303],[28.131,-12.429],[28.34,-12.451],[28.512,-12.694],[28.568,-12.896],[28.668,-12.849],[28.903,-13.162],[28.994,-13.396],[29.169,-13.434],[29.574,-13.225],[29.602,-13.374],[29.798,-13.424],[29.799,-12.154],[29.474,-12.243],[29.5,-12.453],[29.255,-12.366],[29.03,-12.376],[28.835,-12.092],[28.569,-11.914],[28.453,-11.781],[28.357,-11.447],[28.44,-11.348],[28.476,-11.088],[28.554,-10.835],[28.7,-10.643],[28.635,-10.519],[28.624,-9.951],[28.698,-9.792],[28.625,-9.696],[28.516,-9.378],[28.372,-9.235],[28.599,-9.096],[28.765,-8.934],[28.93,-8.68],[28.915,-8.473],[29.858,-8.33],[30.752,-8.194],[30.828,-8.388],[30.96,-8.55],[31.12,-8.617],[31.348,-8.592],[31.539,-8.704],[31.673,-8.913],[31.937,-8.933],[31.918,-9.022],[32.383,-9.134],[32.518,-9.258],[32.713,-9.286],[32.921,-9.408]]]},"properties":{"id":"zambia"}},{"type":"Feature","geometry":{"type":"MultiPolygon","coordinates":[[[[-10.282,8.485],[-10.365,8.148],[-10.529,8.124],[-10.618,8.011],[-10.615,7.769],[-10.731,7.705],[-10.875,7.531],[-11.126,7.368],[-11.373,7.139],[-11.476,6.919],[-11.84,7.149],[-12.507,7.39],[-12.428,7.534],[-12.531,7.687],[-12.711,7.712],[-12.876,7.829],[-12.895,8.08],[-12.999,8.24],[-13.162,8.187],[-13.144,8.431],[-13.237,8.661],[-13.301,9.041],[-13.029,9.096],[-12.958,9.272],[-12.836,9.282],[-12.702,9.42],[-12.508,9.86],[-12.277,9.929],[-12.141,9.875],[-11.922,9.922],[-11.91,9.993],[-11.273,9.996],[-11.01,9.743],[-10.855,9.455],[-10.675,9.306],[-10.746,9.084],[-10.606,9.064],[-10.586,8.804],[-10.482,8.672],[-10.585,8.597],[-10.669,8.399],[-10.583,8.307],[-10.39,8.489],[-10.282,8.485]]],[[[-12.493,7.568],[-12.606,7.479],[-12.849,7.541],[-12.845,7.623],[-12.621,7.64],[-12.493,7.568]]]]},"properties":{"id":"sierra-leone"}},{"type":"Feature","geometry":{"type":"Polygon","coordinates":[[[-13.301,9.041],[-13.325,9.311],[-13.561,9.509],[-13.624,9.72],[-13.945,9.967],[-14.153,10.056],[-14.463,10.33],[-14.629,10.617],[-14.793,10.745],[-14.809,10.94],[-15.021,10.967],[-14.828,11.335],[-14.687,11.511],[-14.521,11.513],[-14.279,11.665],[-14.015,11.637],[-13.725,11.723],[-13.724,12.003],[-13.965,12.148],[-13.84,12.277],[-13.712,12.268],[-13.663,12.476],[-13.728,12.673],[-13.076,12.636],[-13.083,12.516],[-12.913,12.536],[-12.773,12.435],[-12.406,12.356],[-12.361,12.306],[-12.079,12.408],[-11.758,12.383],[-11.515,12.432],[-11.388,12.404],[-11.508,12.192],[-11.275,11.996],[-11.191,12.014],[-11.052,12.203],[-10.91,12.2],[-10.805,12.096],[-10.711,11.89],[-10.381,12.18],[-10.267,12.218],[-9.871,12.052],[-9.723,12.025],[-9.628,12.17],[-9.422,12.257],[-9.309,12.358],[-9.322,12.497],[-8.994,12.388],[-8.914,12.17],[-8.922,12.045],[-8.797,11.913],[-8.847,11.658],[-8.713,11.64],[-8.657,11.496],[-8.428,11.4],[-8.697,10.996],[-8.506,11.053],[-8.305,10.978],[-8.296,10.537],[-8.229,10.423],[-7.965,10.259],[-7.99,10.162],[-8.174,9.942],[-8.124,9.845],[-8.16,9.585],[-8.054,9.389],[-7.865,9.41],[-7.93,9.184],[-7.959,8.782],[-7.765,8.706],[-7.692,8.606],[-7.69,8.439],[-7.771,8.387],[-7.971,8.497],[-8.2,8.492],[-8.266,8.246],[-8.016,8.088],[-8.129,7.883],[-8.127,7.713],[-8.229,7.544],[-8.415,7.613],[-8.485,7.558],[-8.567,7.688],[-8.687,7.694],[-8.73,7.509],[-8.861,7.358],[-8.858,7.273],[-9.12,7.238],[-9.234,7.381],[-9.466,7.433],[-9.354,7.622],[-9.439,7.866],[-9.422,8.016],[-9.579,8.387],[-9.757,8.533],[-9.961,8.48],[-10.282,8.485],[-10.39,8.489],[-10.583,8.307],[-10.669,8.399],[-10.585,8.597],[-10.482,8.672],[-10.586,8.804],[-10.606,9.064],[-10.746,9.084],[-10.675,9.306],[-10.855,9.455],[-11.01,9.743],[-11.273,9.996],[-11.91,9.993],[-11.922,9.922],[-12.141,9.875],[-12.277,9.929],[-12.508,9.86],[-12.702,9.42],[-12.836,9.282],[-12.958,9.272],[-13.029,9.096],[-13.301,9.041]]]},"properties":{"id":"guinea"}},{"type":"Feature","geometry":{"type":"Polygon","coordinates":[[[-11.476,6.919],[-11.373,7.139],[-11.126,7.368],[-10.875,7.531],[-10.731,7.705],[-10.615,7.769],[-10.618,8.011],[-10.529,8.124],[-10.365,8.148],[-10.282,8.485],[-9.961,8.48],[-9.757,8.533],[-9.579,8.387],[-9.422,8.016],[-9.439,7.866],[-9.354,7.622],[-9.466,7.433],[-9.234,7.381],[-9.12,7.238],[-8.858,7.273],[-8.861,7.358],[-8.73,7.509],[-8.687,7.694],[-8.567,7.688],[-8.485,7.558],[-8.305,7.147],[-8.284,7.018],[-8.352,6.755],[-8.566,6.551],[-8.286,6.31],[-8.033,6.302],[-7.844,6.184],[-7.8,5.974],[-7.442,5.811],[-7.394,5.524],[-7.446,5.405],[-7.555,4.948],[-7.605,4.897],[-7.541,4.353],[-7.713,4.362],[-7.833,4.452],[-8.257,4.58],[-8.848,4.914],[-9.015,4.978],[-9.279,5.146],[-9.508,5.4],[-9.697,5.546],[-10.227,6.044],[-10.457,6.177],[-10.788,6.293],[-10.896,6.499],[-11.353,6.701],[-11.476,6.919]]]},"properties":{"id":"liberia"}},{"type":"Feature","geometry":{"type":"Polygon","coordinates":[[[22.861,10.919],[23.006,10.687],[23.291,10.44],[23.624,9.908],[23.674,9.69],[23.606,9.537],[23.632,9.278],[23.458,9.146],[23.482,8.783],[23.596,8.734],[24.17,8.689],[24.244,8.57],[24.131,8.343],[24.332,8.246],[24.431,8.271],[24.832,8.166],[24.958,7.989],[25.217,7.864],[25.279,7.659],[25.19,7.501],[25.36,7.336],[25.786,7.143],[26.026,6.997],[26.081,6.842],[26.378,6.653],[26.29,6.387],[26.452,6.28],[26.544,6.031],[26.705,6.01],[26.819,5.895],[26.981,5.859],[27.17,5.72],[27.261,5.55],[27.22,5.441],[27.301,5.205],[27.441,5.071],[27.116,5.2],[26.962,5.151],[26.867,5.038],[26.761,5.088],[26.463,5.06],[26.13,5.259],[26.027,5.19],[25.623,5.31],[25.581,5.375],[25.364,5.311],[25.308,5.032],[24.664,4.924],[24.46,5.107],[24.163,4.908],[23.948,4.818],[23.817,4.821],[23.567,4.724],[23.388,4.587],[23.169,4.738],[22.898,4.824],[22.786,4.725],[22.54,4.227],[22.423,4.135],[22.207,4.15],[22.001,4.245],[21.723,4.295],[21.538,4.245],[21.299,4.33],[21.158,4.31],[21.084,4.388],[20.872,4.453],[20.603,4.41],[20.457,4.525],[20.339,4.772],[19.72,5.136],[19.409,5.13],[19.083,4.909],[19.012,4.765],[18.828,4.56],[18.721,4.377],[18.537,4.306],[18.647,4.046],[18.593,3.71],[18.626,3.477],[18.472,3.632],[18.249,3.575],[17.842,3.54],[17.793,3.618],[17.627,3.626],[17.459,3.708],[17.334,3.619],[16.969,3.533],[16.639,3.529],[16.568,3.464],[16.491,3.068],[16.479,2.836],[16.197,2.236],[16.113,2.41],[16.063,2.703],[16.092,2.863],[15.914,3.098],[15.786,3.108],[15.171,3.759],[15.085,3.886],[15.103,4.112],[15.001,4.403],[14.717,4.622],[14.652,5.188],[14.524,5.28],[14.597,5.411],[14.631,5.738],[14.585,5.923],[14.482,5.91],[14.389,6.031],[14.535,6.19],[14.719,6.258],[14.932,6.71],[15.035,6.777],[15.224,7.248],[15.433,7.39],[15.481,7.523],[15.794,7.458],[16.026,7.575],[16.371,7.673],[16.476,7.836],[16.769,7.55],[16.865,7.624],[17.096,7.678],[17.251,7.823],[17.68,7.985],[17.898,7.967],[18.07,8.019],[18.589,8.048],[18.673,8.208],[18.791,8.257],[19.124,8.675],[18.929,8.797],[18.893,8.898],[19.101,9.015],[19.352,9.002],[19.889,9.046],[20.069,9.138],[20.435,9.138],[20.496,9.271],[20.758,9.377],[21.271,9.987],[21.374,9.973],[21.485,10.164],[21.656,10.234],[21.751,10.412],[21.723,10.637],[22.176,10.816],[22.253,10.915],[22.46,11.001],[22.861,10.919]]]},"properties":{"id":"central-african-republic"}},{"type":"Feature","geometry":{"type":"Polygon","coordinates":[[[22.861,10.919],[22.956,11.209],[22.915,11.396],[22.782,11.399],[22.628,11.51],[22.537,11.681],[22.593,11.989],[22.481,12.044],[22.481,12.177],[22.373,12.463],[22.446,12.611],[22.205,12.743],[22.02,12.631],[21.88,12.676],[21.809,12.794],[21.935,13.059],[22.123,13.182],[22.276,13.376],[22.074,13.771],[22.244,13.975],[22.531,14.123],[22.441,14.25],[22.425,14.47],[22.465,14.629],[22.666,14.682],[22.659,14.857],[22.906,15.113],[22.966,15.224],[22.907,15.541],[23.068,15.687],[23.321,15.681],[23.593,15.749],[23.984,15.721],[23.983,16.941],[23.983,17.87],[23.981,19.496],[23.981,19.995],[24.972,19.995],[24.981,21.248],[24.981,21.995],[26.441,21.995],[27.706,21.995],[28.874,21.995],[29.75,21.995],[31.248,21.994],[31.36,22.188],[31.491,22.148],[31.435,21.995],[33.181,21.995],[33.558,21.711],[33.866,21.75],[33.999,21.767],[34.084,21.995],[35.719,21.996],[36.884,21.996],[36.897,21.678],[37.149,21.171],[37.086,21.041],[37.16,20.878],[37.228,20.565],[37.175,20.349],[37.225,20.12],[37.196,19.979],[37.259,19.821],[37.238,19.655],[37.334,19.16],[37.434,18.862],[37.551,18.71],[37.675,18.741],[37.926,18.585],[38.152,18.249],[38.543,18.118],[38.602,18.005],[38.459,17.891],[38.344,17.656],[38.039,17.548],[37.872,17.437],[37.507,17.318],[37.403,17.03],[37.134,17.016],[37,17.073],[36.985,16.766],[36.877,16.527],[36.944,16.253],[36.886,16.185],[36.76,15.837],[36.671,15.723],[36.525,15.248],[36.424,15.112],[36.526,14.264],[36.437,13.991],[36.458,13.82],[36.382,13.571],[36.234,13.362],[36.114,12.934],[36.124,12.721],[35.728,12.674],[35.617,12.575],[35.216,11.897],[35.041,11.748],[35.073,11.549],[34.947,11.275],[34.98,11.155],[34.914,10.964],[34.934,10.845],[34.839,10.729],[34.587,10.879],[34.437,10.796],[34.279,10.566],[34.325,10.269],[34.098,9.68],[34.071,9.455],[33.901,9.455],[33.905,9.711],[33.969,9.838],[33.967,10.047],[33.902,10.192],[33.469,10.544],[33.371,10.651],[33.151,10.731],[33.182,10.843],[33.083,11.585],[33.132,11.686],[33.145,11.935],[33.209,12.21],[32.732,12.216],[32.747,12.003],[32.082,12],[32.345,11.709],[32.364,11.24],[32.414,11.051],[31.943,10.656],[31.864,10.472],[31.665,10.214],[31.235,9.792],[30.749,9.736],[30.485,9.972],[30.013,10.27],[29.615,10.058],[29.614,9.914],[29.483,9.762],[29.252,9.711],[29.009,9.603],[28.849,9.466],[28.844,9.325],[28.045,9.331],[27.895,9.595],[27.08,9.607],[26.694,9.477],[26.557,9.52],[26.179,9.959],[25.901,10.191],[25.843,10.418],[25.327,10.317],[25.09,10.296],[24.976,9.967],[24.793,9.798],[24.794,9.532],[24.68,9.373],[24.661,9.182],[24.565,9.015],[24.558,8.887],[24.38,8.844],[24.17,8.689],[23.596,8.734],[23.482,8.783],[23.458,9.146],[23.632,9.278],[23.606,9.537],[23.674,9.69],[23.624,9.908],[23.291,10.44],[23.006,10.687],[22.861,10.919]]]},"properties":{"id":"sudan"}},{"type":"Feature","geometry":{"type":"Polygon","coordinates":[[[43.241,11.488],[42.924,10.999],[42.772,10.996],[42.616,11.09],[42.392,11.006],[41.799,10.971],[41.749,11.538],[41.808,11.736],[41.936,11.827],[42.379,12.466],[42.522,12.496],[42.678,12.36],[42.792,12.429],[42.852,12.612],[43.118,12.708],[43.329,12.454],[43.411,12.242],[43.35,11.988],[43.207,11.958],[43.056,11.804],[42.754,11.708],[42.694,11.546],[43.123,11.581],[43.241,11.488]]]},"properties":{"id":"djibouti"}},{"type":"Feature","geometry":{"type":"MultiPolygon","coordinates":[[[[43.118,12.708],[42.852,12.612],[42.792,12.429],[42.678,12.36],[42.522,12.496],[42.379,12.466],[42.137,12.773],[41.947,12.876],[41.712,13.248],[41.192,13.616],[41.044,13.872],[40.833,14.106],[40.422,14.274],[40.277,14.405],[40.105,14.466],[39.911,14.423],[39.767,14.505],[39.489,14.524],[39.208,14.44],[39.145,14.582],[39.011,14.648],[38.866,14.494],[38.427,14.417],[38.214,14.686],[38.007,14.724],[37.891,14.88],[37.565,14.117],[37.294,14.457],[37.15,14.442],[37.073,14.285],[36.748,14.332],[36.526,14.264],[36.424,15.112],[36.525,15.248],[36.671,15.723],[36.76,15.837],[36.886,16.185],[36.944,16.253],[36.877,16.527],[36.985,16.766],[37,17.073],[37.134,17.016],[37.403,17.03],[37.507,17.318],[37.872,17.437],[38.039,17.548],[38.344,17.656],[38.459,17.891],[38.602,18.005],[38.929,17.397],[39.056,17.034],[39.163,16.628],[39.197,16.299],[39.313,15.894],[39.423,15.768],[39.534,15.54],[39.611,15.5],[39.718,15.264],[39.8,15.449],[39.91,15.457],[40.083,15.33],[40.027,15.237],[40.159,14.982],[40.287,14.913],[40.423,14.999],[40.616,14.949],[40.766,14.715],[41.156,14.642],[41.621,14.064],[41.677,13.94],[41.981,13.838],[42.1,13.654],[42.288,13.575],[42.379,13.223],[42.507,13.207],[42.738,13.018],[42.77,12.878],[43.093,12.808],[43.118,12.708]]],[[[40.386,15.641],[40.287,15.573],[40.102,15.589],[39.975,15.815],[40.092,15.85],[40.164,15.644],[40.267,15.704],[40.386,15.641]]]]},"properties":{"id":"eritrea"}},{"type":"Feature","geometry":{"type":"Polygon","coordinates":[[[16.945,48.604],[16.844,48.366],[17.148,48.005],[17.04,47.837],[17.055,47.702],[16.797,47.675],[16.61,47.751],[16.641,47.453],[16.482,47.392],[16.409,47.204],[16.437,47.032],[16.275,47.004],[16.094,46.863],[15.982,46.719],[15.652,46.711],[15.463,46.615],[15.062,46.65],[14.502,46.418],[14.148,46.44],[13.701,46.52],[13.231,46.552],[12.405,46.69],[12.111,46.993],[11.9,47.028],[11.746,46.972],[11.462,47.006],[11.157,46.957],[10.997,46.769],[10.454,46.864],[10.368,46.996],[10.111,46.847],[9.581,47.057],[9.521,47.263],[9.65,47.41],[9.547,47.535],[9.949,47.524],[10.306,47.302],[10.608,47.562],[11.084,47.39],[11.259,47.401],[11.62,47.59],[12.166,47.604],[12.424,47.692],[12.745,47.665],[12.779,47.555],[13.037,47.493],[13.075,47.647],[12.892,47.724],[12.991,47.847],[12.745,48.121],[13.033,48.264],[13.406,48.377],[13.521,48.585],[13.717,48.522],[13.816,48.766],[14.041,48.601],[14.316,48.558],[14.444,48.637],[14.696,48.59],[14.8,48.777],[14.919,48.762],[14.982,49.008],[15.263,48.983],[15.681,48.858],[15.818,48.872],[16.085,48.743],[16.358,48.727],[16.436,48.795],[16.873,48.719],[16.945,48.604]]]},"properties":{"id":"austria"}},{"type":"Feature","geometry":{"type":"Polygon","coordinates":[[[44.766,37.142],[44.881,37.025],[44.831,36.792],[44.996,36.742],[45.072,36.423],[45.221,36.421],[45.348,36.088],[45.814,35.809],[46.06,35.857],[45.964,35.494],[46.12,35.319],[46.13,35.131],[45.857,35.021],[45.835,34.89],[45.667,34.807],[45.674,34.557],[45.501,34.592],[45.417,34.444],[45.561,34.265],[45.42,33.994],[45.728,33.59],[45.886,33.631],[46.036,33.368],[46.155,33.26],[46.097,32.954],[46.273,32.959],[46.716,32.756],[47.058,32.494],[47.343,32.459],[47.396,32.337],[47.831,31.762],[47.679,31.408],[47.673,30.995],[48.015,30.976],[48.014,30.464],[48.306,30.313],[48.453,30.001],[48.531,29.961],[48.335,29.961],[48.166,30.038],[47.948,29.994],[47.731,30.089],[47.358,30.092],[47.11,29.961],[46.839,29.425],[46.532,29.096],[46.357,29.063],[44.692,29.202],[43.775,29.848],[42.859,30.495],[42.075,31.08],[41.46,31.393],[40.424,31.921],[40.029,31.994],[39.146,32.118],[39.292,32.245],[39.236,32.353],[39.046,32.308],[39.057,32.497],[38.775,33.372],[39.549,33.759],[40.69,34.331],[40.988,34.429],[41.196,34.768],[41.192,35.182],[41.261,35.494],[41.364,35.655],[41.344,35.858],[41.241,36.043],[41.277,36.355],[41.415,36.527],[41.844,36.618],[42.282,36.994],[42.357,37.11],[42.561,37.147],[42.772,37.375],[42.937,37.32],[43.084,37.369],[43.48,37.243],[43.894,37.225],[43.99,37.313],[44.207,37.268],[44.234,36.984],[44.629,37.179],[44.766,37.142]]]},"properties":{"id":"iraq"}},{"type":"Feature","geometry":{"type":"MultiPolygon","coordinates":[[[[7.022,45.925],[7.184,45.88],[7.541,45.984],[7.831,45.914],[8.111,46.127],[8.073,46.254],[8.343,46.444],[8.427,46.251],[8.602,46.123],[9.002,46.039],[9.269,46.309],[9.452,46.37],[9.674,46.292],[10.026,46.446],[10.097,46.608],[10.295,46.551],[10.454,46.864],[10.997,46.769],[11.157,46.957],[11.462,47.006],[11.746,46.972],[11.9,47.028],[12.111,46.993],[12.405,46.69],[13.231,46.552],[13.701,46.52],[13.365,46.29],[13.623,45.966],[13.581,45.809],[13.779,45.743],[13.712,45.593],[13.629,45.773],[13.423,45.724],[13.131,45.769],[12.944,45.629],[12.488,45.457],[12.273,45.464],[12.169,45.262],[12.527,44.943],[12.445,44.821],[12.247,44.712],[12.369,44.251],[12.71,43.983],[12.947,43.898],[13.253,43.703],[13.617,43.531],[13.835,43.127],[13.945,42.798],[14.075,42.599],[14.741,42.085],[15.123,41.934],[15.446,41.907],[16.027,41.944],[16.193,41.791],[15.925,41.64],[16.022,41.428],[16.594,41.207],[17.203,41.021],[17.476,40.83],[18.007,40.651],[18.037,40.557],[18.238,40.458],[18.437,40.268],[18.516,40.104],[18.384,39.814],[18.211,39.839],[18.007,39.986],[17.997,40.12],[17.848,40.29],[17.512,40.304],[17.213,40.406],[17.05,40.519],[16.912,40.445],[16.605,40.084],[16.632,39.966],[16.492,39.805],[16.516,39.69],[16.75,39.62],[17.159,39.406],[17.122,39.338],[17.128,38.929],[16.839,38.918],[16.611,38.817],[16.539,38.723],[16.57,38.43],[16.34,38.301],[16.169,38.143],[16.09,37.949],[15.761,37.925],[15.624,38.092],[15.651,38.241],[15.786,38.278],[15.905,38.474],[15.844,38.66],[16.201,38.776],[16.215,38.919],[16.083,39.075],[15.995,39.439],[15.876,39.551],[15.782,39.869],[15.61,40.073],[15.41,39.994],[15.127,40.17],[14.911,40.242],[14.998,40.398],[14.752,40.677],[14.544,40.614],[14.294,40.839],[14.052,40.838],[13.852,41.147],[13.722,41.252],[13.514,41.23],[13.324,41.295],[13.045,41.228],[12.862,41.414],[12.619,41.459],[12.448,41.631],[12.239,41.736],[12.147,41.903],[11.84,42.036],[11.658,42.279],[11.187,42.521],[10.99,42.71],[10.731,42.804],[10.681,42.949],[10.5,42.94],[10.547,43.147],[10.437,43.389],[10.326,43.477],[10.264,43.809],[10.106,44.017],[9.772,44.079],[9.231,44.354],[8.737,44.429],[8.466,44.304],[8.145,43.953],[7.96,43.853],[7.502,43.792],[7.478,43.866],[7.692,44.085],[7.625,44.18],[7.381,44.123],[6.973,44.249],[6.839,44.503],[7.019,44.739],[6.983,44.847],[6.728,44.929],[6.603,45.103],[6.844,45.13],[7.062,45.219],[7.161,45.411],[6.983,45.511],[6.963,45.641],[6.796,45.718],[6.801,45.826],[7.022,45.925]],[[12.429,43.892],[12.49,43.939],[12.421,43.967],[12.386,43.925],[12.429,43.892]],[[12.453,41.903],[12.454,41.903],[12.454,41.904],[12.453,41.904],[12.453,41.903]]],[[[15.529,38.303],[15.652,38.275],[15.213,37.761],[15.09,37.459],[15.111,37.322],[15.329,37.028],[15.175,36.944],[15.094,36.655],[14.781,36.699],[14.487,36.793],[14.279,37.044],[14.089,37.118],[13.894,37.101],[13.422,37.314],[13.174,37.487],[12.943,37.569],[12.698,37.563],[12.506,37.666],[12.427,37.797],[12.504,38.011],[12.725,38.126],[12.901,38.028],[13.112,38.193],[13.323,38.218],[13.651,38.001],[13.791,37.974],[14.021,38.049],[14.331,38.018],[14.635,38.081],[14.907,38.188],[15.088,38.128],[15.529,38.303]]],[[[9.792,40.557],[9.809,40.471],[9.626,40.263],[9.732,40.084],[9.693,39.993],[9.645,39.484],[9.558,39.14],[9.252,39.225],[9.026,39.165],[9.018,38.995],[8.841,38.881],[8.643,38.89],[8.372,39.231],[8.374,39.379],[8.555,39.853],[8.398,39.905],[8.49,40.104],[8.463,40.315],[8.312,40.578],[8.166,40.586],[8.134,40.729],[8.31,40.851],[8.521,40.827],[8.764,40.914],[9.231,41.263],[9.546,41.121],[9.573,40.906],[9.792,40.557]]]]},"properties":{"id":"italy"}},{"type":"Feature","geometry":{"type":"Polygon","coordinates":[[[10.454,46.864],[10.295,46.551],[10.097,46.608],[10.026,46.446],[9.674,46.292],[9.452,46.37],[9.269,46.309],[9.002,46.039],[8.602,46.123],[8.427,46.251],[8.343,46.444],[8.073,46.254],[8.111,46.127],[7.831,45.914],[7.541,45.984],[7.184,45.88],[7.022,45.925],[6.854,46.123],[6.763,46.429],[6.483,46.449],[6.214,46.315],[6.054,46.419],[6.132,46.596],[6.418,46.751],[6.443,46.944],[6.665,47.021],[6.956,47.245],[6.973,47.489],[7.379,47.431],[7.586,47.585],[8.087,47.567],[8.558,47.801],[8.798,47.72],[9.273,47.65],[9.547,47.535],[9.65,47.41],[9.521,47.263],[9.485,47.176],[9.581,47.057],[10.111,46.847],[10.368,46.996],[10.454,46.864]]]},"properties":{"id":"switzerland"}},{"type":"Feature","geometry":{"type":"MultiPolygon","coordinates":[[[[44.807,39.64],[44.957,39.434],[45.179,39.22],[45.348,39.164],[45.439,39.004],[46.136,38.864],[46.392,38.922],[46.514,38.882],[46.837,39.143],[47.02,39.19],[47.102,39.308],[47.847,39.685],[48.052,39.65],[48.339,39.379],[48.125,39.298],[48.142,39.181],[48.307,39.045],[48.059,38.948],[47.993,38.85],[48.434,38.57],[48.608,38.396],[48.874,38.434],[48.908,38.083],[49.014,37.739],[49.132,37.623],[49.442,37.495],[49.935,37.454],[50.149,37.404],[50.322,37.153],[50.479,37.035],[51.089,36.737],[51.909,36.583],[52.779,36.74],[53.492,36.888],[53.701,36.817],[54.014,36.821],[54.034,36.949],[53.914,37.343],[54.187,37.324],[54.784,37.517],[54.857,37.761],[55.13,37.952],[55.423,38.076],[55.709,38.119],[55.978,38.066],[56.3,38.08],[56.436,38.255],[56.739,38.27],[57.038,38.187],[57.218,38.265],[57.352,37.968],[57.691,37.92],[58.174,37.782],[58.372,37.63],[58.549,37.702],[58.861,37.668],[59.352,37.494],[59.37,37.319],[59.501,37.19],[60.019,37.026],[60.342,36.637],[61.075,36.648],[61.186,36.578],[61.152,36.406],[61.223,36.118],[61.174,36.006],[61.247,35.876],[61.27,35.618],[61.29,35.548],[61.108,35.278],[61.116,35.06],[61.065,34.815],[60.948,34.638],[60.714,34.537],[60.89,34.319],[60.644,34.307],[60.487,34.094],[60.512,33.638],[60.656,33.56],[60.88,33.549],[60.819,33.405],[60.568,33.151],[60.578,32.994],[60.83,32.249],[60.775,32.027],[60.822,31.495],[61.661,31.382],[61.826,31.035],[61.785,30.831],[60.844,29.858],[61.279,29.407],[61.488,29.081],[61.653,28.756],[61.893,28.543],[62.363,28.419],[62.576,28.229],[62.766,28.211],[62.736,27.995],[62.815,27.495],[62.756,27.348],[62.892,27.213],[63.167,27.259],[63.265,26.89],[63.108,26.638],[62.754,26.644],[62.298,26.509],[62.243,26.351],[61.857,26.242],[61.81,26.167],[61.76,25.838],[61.66,25.769],[61.62,25.285],[61.588,25.202],[61.412,25.059],[61.031,25.21],[60.633,25.275],[60.55,25.447],[60.402,25.345],[60.209,25.32],[60.082,25.366],[59.904,25.33],[59.775,25.39],[59.538,25.4],[59.454,25.462],[59.117,25.394],[58.994,25.42],[58.814,25.564],[58.358,25.605],[58.17,25.544],[57.963,25.693],[57.756,25.743],[57.326,25.777],[57.165,26.095],[57.213,26.166],[57.08,26.415],[57.09,26.619],[56.973,26.969],[56.809,27.14],[56.353,27.202],[56.124,27.161],[55.939,27.027],[55.685,27.003],[55.569,26.831],[55.442,26.76],[55.271,26.793],[54.802,26.498],[54.62,26.508],[54.389,26.605],[54.308,26.715],[53.995,26.746],[53.716,26.709],[53.492,26.854],[53.412,26.994],[53.072,27.097],[52.601,27.353],[52.568,27.541],[52.423,27.647],[52.245,27.681],[52.011,27.833],[51.585,27.849],[51.38,27.991],[51.265,28.161],[51.265,28.27],[51.142,28.401],[51.059,28.736],[50.813,28.915],[50.922,28.999],[50.84,29.141],[50.644,29.143],[50.655,29.449],[50.397,29.655],[50.145,29.938],[50.073,30.196],[49.915,30.204],[49.601,30.03],[49.48,30.156],[49.245,30.156],[49.004,30.309],[49.167,30.509],[48.981,30.516],[48.862,30.346],[48.942,30.165],[48.877,30.024],[48.641,30.038],[48.531,29.961],[48.453,30.001],[48.306,30.313],[48.014,30.464],[48.015,30.976],[47.673,30.995],[47.679,31.408],[47.831,31.762],[47.396,32.337],[47.343,32.459],[47.058,32.494],[46.716,32.756],[46.273,32.959],[46.097,32.954],[46.155,33.26],[46.036,33.368],[45.886,33.631],[45.728,33.59],[45.42,33.994],[45.561,34.265],[45.417,34.444],[45.501,34.592],[45.674,34.557],[45.667,34.807],[45.835,34.89],[45.857,35.021],[46.13,35.131],[46.12,35.319],[45.964,35.494],[46.06,35.857],[45.814,35.809],[45.348,36.088],[45.221,36.421],[45.072,36.423],[44.996,36.742],[44.831,36.792],[44.881,37.025],[44.766,37.142],[44.802,37.293],[44.566,37.447],[44.596,37.716],[44.45,37.767],[44.221,37.969],[44.361,38.148],[44.439,38.368],[44.29,38.382],[44.275,38.844],[44.139,38.994],[44.187,39.145],[44.078,39.2],[44.046,39.396],[44.388,39.414],[44.459,39.698],[44.566,39.766],[44.807,39.64]]],[[[56.212,27.003],[56.081,26.785],[55.877,26.743],[55.503,26.595],[55.352,26.647],[55.737,26.782],[56.041,26.976],[56.212,27.003]]]]},"properties":{"id":"iran"}},{"type":"Feature","geometry":{"type":"MultiPolygon","coordinates":[[[[7.195,53.245],[7.184,52.966],[7.037,52.647],[6.702,52.619],[6.695,52.476],[7.048,52.365],[7.026,52.231],[6.675,52.035],[6.744,51.908],[6.382,51.828],[6.191,51.871],[5.928,51.807],[6.193,51.509],[6.184,51.336],[5.983,51.075],[6.064,50.908],[5.995,50.75],[5.728,50.754],[5.622,50.853],[5.841,51.139],[5.472,51.288],[5.215,51.259],[5.068,51.375],[4.731,51.486],[4.525,51.476],[4.261,51.369],[3.957,51.456],[3.827,51.391],[3.535,51.459],[3.56,51.595],[4.118,51.631],[4.01,51.98],[4.142,52.006],[4.508,52.336],[4.745,52.968],[4.874,52.904],[5.379,53.097],[5.592,53.303],[5.981,53.406],[6.73,53.461],[7.195,53.245]]],[[[3.349,51.375],[3.541,51.417],[3.858,51.345],[3.984,51.41],[4.221,51.368],[3.927,51.206],[3.635,51.288],[3.422,51.238],[3.349,51.375]]]]},"properties":{"id":"netherlands"}},{"type":"Feature","geometry":{"type":"Polygon","coordinates":[[[9.521,47.263],[9.581,47.057],[9.485,47.176],[9.521,47.263]]]},"properties":{"id":"liechtenstein"}},{"type":"Feature","geometry":{"type":"Polygon","coordinates":[[[-7.99,10.162],[-7.829,10.212],[-7.709,10.402],[-7.48,10.45],[-7.347,10.248],[-6.959,10.186],[-6.973,10.332],[-6.7,10.342],[-6.668,10.651],[-6.446,10.552],[-6.427,10.686],[-6.244,10.707],[-6.256,10.537],[-6.187,10.475],[-6.181,10.216],[-6.016,10.19],[-5.806,10.413],[-5.523,10.425],[-5.403,10.301],[-5.112,10.279],[-4.966,9.901],[-4.798,9.843],[-4.681,9.682],[-4.323,9.609],[-4.27,9.744],[-3.892,9.894],[-3.662,9.949],[-3.389,9.913],[-3.137,9.83],[-2.99,9.708],[-2.91,9.543],[-2.764,9.392],[-2.689,9.489],[-2.66,9.273],[-2.775,9.055],[-2.619,8.924],[-2.506,8.209],[-2.622,8.136],[-2.84,7.82],[-2.942,7.577],[-3.046,7.071],[-3.225,6.849],[-3.263,6.617],[-3.184,6.264],[-3.118,6.163],[-2.97,5.621],[-2.782,5.579],[-2.733,5.356],[-2.844,5.149],[-3.139,5.142],[-3.262,5.341],[-3.312,5.12],[-3.987,5.244],[-4.621,5.181],[-4.785,5.144],[-5.255,5.121],[-5.851,5.03],[-6.584,4.76],[-6.914,4.656],[-7.457,4.344],[-7.541,4.353],[-7.605,4.897],[-7.555,4.948],[-7.446,5.405],[-7.394,5.524],[-7.442,5.811],[-7.8,5.974],[-7.844,6.184],[-8.033,6.302],[-8.286,6.31],[-8.566,6.551],[-8.352,6.755],[-8.284,7.018],[-8.305,7.147],[-8.485,7.558],[-8.415,7.613],[-8.229,7.544],[-8.127,7.713],[-8.129,7.883],[-8.016,8.088],[-8.266,8.246],[-8.2,8.492],[-7.971,8.497],[-7.771,8.387],[-7.69,8.439],[-7.692,8.606],[-7.765,8.706],[-7.959,8.782],[-7.93,9.184],[-7.865,9.41],[-8.054,9.389],[-8.16,9.585],[-8.124,9.845],[-8.174,9.942],[-7.99,10.162]]]},"properties":{"id":"ivory-coast"}},{"type":"Feature","geometry":{"type":"Polygon","coordinates":[[[-12.264,14.775],[-11.974,14.78],[-11.837,14.893],[-11.846,15.179],[-11.727,15.541],[-11.41,15.602],[-11.298,15.451],[-11.045,15.27],[-10.915,15.103],[-10.736,15.423],[-10.309,15.435],[-10.132,15.373],[-9.836,15.371],[-9.672,15.431],[-9.424,15.441],[-9.349,15.496],[-8.327,15.495],[-6.837,15.495],[-5.511,15.496],[-5.353,16.312],[-5.623,16.528],[-5.756,17.741],[-5.908,19.125],[-6.007,19.996],[-6.163,21.34],[-6.318,22.668],[-6.483,24.072],[-6.593,24.994],[-4.822,24.995],[-3.688,24.262],[-2.956,23.784],[-1.917,23.104],[-1.224,22.651],[-0.184,21.971],[1.147,21.102],[1.169,20.733],[1.56,20.598],[1.649,20.412],[1.778,20.304],[2.071,20.213],[2.182,20.279],[2.4,20.057],[2.946,19.942],[3.217,19.794],[3.199,19.554],[3.258,19.41],[3.103,19.154],[3.308,18.982],[4.229,19.142],[4.232,18.277],[4.236,16.996],[4.182,16.81],[4.184,16.416],[4.061,16.298],[3.846,15.685],[3.692,15.631],[3.527,15.496],[3.507,15.354],[3.073,15.427],[3,15.339],[1.332,15.284],[0.974,14.991],[0.67,14.94],[0.515,14.994],[0.218,14.911],[-0.237,15.066],[-0.398,15.002],[-0.468,15.08],[-0.753,15.07],[-1.043,14.818],[-1.35,14.715],[-1.697,14.496],[-1.967,14.484],[-2.023,14.199],[-2.152,14.156],[-2.386,14.265],[-2.516,14.268],[-2.841,14.043],[-2.928,13.8],[-2.895,13.652],[-3.26,13.658],[-3.249,13.293],[-3.597,13.199],[-3.799,13.347],[-4.088,13.398],[-4.351,13.118],[-4.229,12.949],[-4.276,12.715],[-4.402,12.737],[-4.483,12.646],[-4.387,12.53],[-4.436,12.302],[-4.747,12.015],[-5.074,11.981],[-5.268,11.843],[-5.308,11.629],[-5.218,11.422],[-5.322,11.136],[-5.49,11.082],[-5.431,10.845],[-5.523,10.425],[-5.806,10.413],[-6.016,10.19],[-6.181,10.216],[-6.187,10.475],[-6.256,10.537],[-6.244,10.707],[-6.427,10.686],[-6.446,10.552],[-6.668,10.651],[-6.7,10.342],[-6.973,10.332],[-6.959,10.186],[-7.347,10.248],[-7.48,10.45],[-7.709,10.402],[-7.829,10.212],[-7.99,10.162],[-7.965,10.259],[-8.229,10.423],[-8.296,10.537],[-8.305,10.978],[-8.506,11.053],[-8.697,10.996],[-8.428,11.4],[-8.657,11.496],[-8.713,11.64],[-8.847,11.658],[-8.797,11.913],[-8.922,12.045],[-8.914,12.17],[-8.994,12.388],[-9.322,12.497],[-9.309,12.358],[-9.422,12.257],[-9.628,12.17],[-9.723,12.025],[-9.871,12.052],[-10.267,12.218],[-10.381,12.18],[-10.711,11.89],[-10.805,12.096],[-10.91,12.2],[-11.052,12.203],[-11.191,12.014],[-11.275,11.996],[-11.508,12.192],[-11.388,12.404],[-11.461,12.658],[-11.384,12.933],[-11.533,13.112],[-11.559,13.267],[-11.65,13.384],[-11.883,13.454],[-12.098,13.704],[-11.979,13.785],[-12.025,14.027],[-11.998,14.166],[-12.116,14.355],[-12.222,14.391],[-12.166,14.625],[-12.264,14.775]]]},"properties":{"id":"mali"}},{"type":"Feature","geometry":{"type":"Polygon","coordinates":[[[-12.264,14.775],[-12.166,14.625],[-12.222,14.391],[-12.116,14.355],[-11.998,14.166],[-12.025,14.027],[-11.979,13.785],[-12.098,13.704],[-11.883,13.454],[-11.65,13.384],[-11.559,13.267],[-11.533,13.112],[-11.384,12.933],[-11.461,12.658],[-11.388,12.404],[-11.515,12.432],[-11.758,12.383],[-12.079,12.408],[-12.361,12.306],[-12.406,12.356],[-12.773,12.435],[-12.913,12.536],[-13.083,12.516],[-13.076,12.636],[-13.728,12.673],[-15.195,12.679],[-15.677,12.439],[-16.233,12.453],[-16.382,12.374],[-16.728,12.333],[-16.799,12.431],[-16.761,12.713],[-16.795,12.839],[-16.754,13.065],[-16.674,13.164],[-15.833,13.157],[-15.823,13.319],[-15.52,13.387],[-15.31,13.368],[-15.138,13.59],[-14.732,13.359],[-14.592,13.353],[-14.342,13.234],[-14.231,13.229],[-13.851,13.336],[-13.819,13.429],[-13.967,13.576],[-14.347,13.452],[-14.586,13.66],[-14.729,13.619],[-14.879,13.781],[-15.098,13.82],[-15.267,13.742],[-15.394,13.772],[-15.518,13.583],[-16.561,13.587],[-16.737,13.82],[-16.803,14.108],[-16.94,14.356],[-17.059,14.454],[-17.178,14.653],[-17.371,14.8],[-17.139,14.928],[-16.878,15.233],[-16.539,15.774],[-16.542,15.809],[-16.466,16.174],[-16.381,16.247],[-16.314,16.493],[-16.132,16.555],[-16.054,16.495],[-15.703,16.484],[-15.464,16.581],[-15.125,16.583],[-14.974,16.691],[-14.882,16.648],[-14.343,16.637],[-13.972,16.331],[-13.964,16.23],[-13.819,16.119],[-13.485,16.155],[-13.322,15.938],[-13.287,15.778],[-13.09,15.497],[-12.964,15.509],[-12.78,15.146],[-12.476,15.008],[-12.4,14.86],[-12.264,14.775]]]},"properties":{"id":"senegal"}},{"type":"Feature","geometry":{"type":"Polygon","coordinates":[[[3.596,11.696],[3.654,11.987],[3.624,12.094],[3.646,12.529],[3.929,12.75],[4.089,12.996],[4.126,13.473],[4.248,13.494],[4.507,13.695],[4.825,13.771],[4.925,13.733],[5.274,13.753],[5.374,13.855],[5.554,13.873],[6.12,13.654],[6.369,13.626],[6.673,13.321],[6.779,13.13],[6.937,12.995],[7.09,13.006],[7.198,13.117],[7.392,13.113],[7.756,13.327],[8.078,13.31],[8.398,13.075],[8.534,13.065],[8.679,12.924],[8.943,12.847],[9.269,12.81],[9.641,12.823],[9.93,13.146],[10.162,13.267],[10.675,13.375],[11.44,13.364],[11.853,13.245],[12.038,13.126],[12.487,13.071],[12.561,13.243],[12.683,13.289],[12.884,13.496],[13.228,13.548],[13.36,13.714],[13.607,13.704],[14.065,13.078],[14.177,12.546],[14.189,12.37],[14.514,12.324],[14.67,12.167],[14.547,11.719],[14.594,11.496],[14.165,11.238],[13.982,11.276],[13.755,11.017],[13.744,10.93],[13.566,10.679],[13.435,10.153],[13.248,10.079],[13.213,9.87],[13.263,9.802],[13.195,9.542],[12.982,9.475],[12.862,9.383],[12.888,9.227],[12.822,9.097],[12.806,8.832],[12.66,8.659],[12.411,8.598],[12.404,8.497],[12.25,8.419],[12.198,7.975],[12.055,7.784],[12.025,7.597],[11.845,7.396],[11.78,7.241],[11.881,7.102],[11.623,6.932],[11.51,6.612],[11.319,6.437],[11.097,6.449],[11.056,6.7],[10.877,6.816],[10.832,6.945],[10.603,7.058],[10.496,6.875],[10.238,6.871],[10.119,6.994],[9.875,6.788],[9.77,6.774],[9.693,6.531],[9.588,6.503],[9.327,6.299],[9.273,6.203],[8.856,5.847],[8.819,5.703],[8.894,5.622],[8.799,5.16],[8.602,4.881],[8.595,4.815],[8.594,4.815],[8.595,4.815],[8.577,4.827],[8.549,4.804],[8.539,4.725],[8.469,4.712],[8.358,4.797],[8.356,4.626],[8.298,4.553],[8.032,4.559],[7.703,4.498],[7.17,4.606],[7.178,4.501],[7.016,4.379],[6.462,4.329],[6.189,4.281],[5.946,4.335],[5.595,4.636],[5.486,4.835],[5.364,5.172],[5.34,5.344],[5.198,5.501],[5.007,5.849],[4.717,6.164],[4.406,6.359],[4.126,6.41],[3.541,6.455],[3.385,6.398],[2.704,6.368],[2.731,6.642],[2.715,6.98],[2.774,7.051],[2.721,7.587],[2.727,7.793],[2.672,7.89],[2.735,8.212],[2.697,8.321],[2.745,8.498],[2.723,8.771],[2.769,9.057],[3.076,9.095],[3.151,9.289],[3.129,9.43],[3.339,9.678],[3.317,9.782],[3.513,9.847],[3.6,9.969],[3.656,10.175],[3.572,10.286],[3.652,10.436],[3.794,10.445],[3.837,10.655],[3.731,10.825],[3.754,10.907],[3.663,11.143],[3.483,11.392],[3.505,11.557],[3.596,11.696]]]},"properties":{"id":"nigeria"}},{"type":"Feature","geometry":{"type":"Polygon","coordinates":[[[3.596,11.696],[3.505,11.557],[3.483,11.392],[3.663,11.143],[3.754,10.907],[3.731,10.825],[3.837,10.655],[3.794,10.445],[3.652,10.436],[3.572,10.286],[3.656,10.175],[3.6,9.969],[3.513,9.847],[3.317,9.782],[3.339,9.678],[3.129,9.43],[3.151,9.289],[3.076,9.095],[2.769,9.057],[2.723,8.771],[2.745,8.498],[2.697,8.321],[2.735,8.212],[2.672,7.89],[2.727,7.793],[2.721,7.587],[2.774,7.051],[2.715,6.98],[2.731,6.642],[2.704,6.368],[1.885,6.275],[1.62,6.214],[1.782,6.277],[1.744,6.426],[1.566,6.678],[1.626,6.997],[1.621,7.997],[1.601,9.05],[1.425,9.284],[1.353,9.605],[1.331,9.996],[0.769,10.367],[0.781,10.693],[0.863,10.796],[0.901,10.993],[1.035,11.049],[1.131,11.248],[1.268,11.248],[1.434,11.459],[1.602,11.389],[1.88,11.445],[2.015,11.432],[2.274,11.652],[2.39,11.897],[2.361,12.219],[2.664,12.292],[2.844,12.399],[3.255,12.019],[3.293,11.919],[3.503,11.83],[3.596,11.696]]]},"properties":{"id":"benin"}},{"type":"Feature","geometry":{"type":"MultiPolygon","coordinates":[[[[13.074,-4.635],[12.833,-4.723],[12.679,-4.924],[12.444,-5.055],[12.531,-5.163],[12.509,-5.726],[12.211,-5.763],[12.147,-5.618],[12.232,-5.48],[12.125,-5.185],[12.01,-5.02],[12.131,-4.913],[12.188,-4.768],[12.332,-4.766],[12.378,-4.619],[12.608,-4.565],[12.762,-4.391],[13.074,-4.635]]],[[[23.967,-10.872],[24.011,-11.273],[24.061,-11.395],[23.96,-11.617],[23.989,-11.834],[23.954,-12.152],[24.031,-12.385],[23.941,-12.533],[23.866,-12.79],[24.001,-13.001],[22.85,-13.001],[21.98,-13.001],[21.98,-13.906],[21.982,-15.413],[21.984,-16.166],[22.152,-16.598],[22.334,-16.674],[22.523,-16.915],[22.71,-17.055],[22.765,-17.17],[22.999,-17.294],[23.207,-17.541],[23.382,-17.641],[22.231,-17.858],[21.381,-18.013],[21.217,-17.931],[20.806,-18.031],[20.565,-17.985],[20.336,-17.855],[20.034,-17.896],[19.952,-17.862],[19.421,-17.859],[19.172,-17.801],[19.021,-17.822],[18.762,-17.748],[18.446,-17.389],[17.109,-17.389],[16.083,-17.389],[15.314,-17.388],[14.207,-17.388],[13.943,-17.408],[13.694,-17.237],[13.48,-17.01],[13.166,-16.951],[12.887,-17.03],[12.555,-17.236],[12.243,-17.225],[12.088,-17.139],[11.766,-17.253],[11.759,-17.033],[11.82,-16.781],[11.822,-16.479],[11.737,-15.9],[11.992,-15.617],[12.056,-15.233],[12.205,-14.84],[12.273,-14.751],[12.331,-14.434],[12.329,-14.092],[12.407,-13.891],[12.502,-13.855],[12.515,-13.426],[12.634,-13.343],[12.945,-12.982],[12.939,-12.817],[13.179,-12.602],[13.364,-12.593],[13.506,-12.371],[13.64,-12.249],[13.795,-11.77],[13.794,-11.341],[13.847,-11.114],[13.829,-10.914],[13.739,-10.783],[13.753,-10.646],[13.523,-10.388],[13.509,-10.277],[13.317,-9.976],[13.327,-9.886],[13.199,-9.709],[13.171,-9.403],[12.996,-9.094],[13.212,-8.815],[13.38,-8.755],[13.411,-8.652],[13.342,-8.467],[13.369,-8.323],[13.277,-8.179],[12.85,-7.266],[12.815,-6.947],[12.62,-6.735],[12.279,-6.148],[12.646,-6.029],[12.928,-5.981],[12.986,-5.901],[13.184,-5.856],[13.642,-5.866],[13.944,-5.842],[14.021,-5.873],[14.577,-5.905],[14.704,-5.881],[16.316,-5.855],[16.597,-5.925],[16.604,-6.062],[16.727,-6.189],[16.731,-6.57],[16.833,-6.828],[16.927,-6.889],[16.927,-7.086],[16.996,-7.298],[17.177,-7.428],[17.218,-7.586],[17.537,-8.015],[17.544,-8.085],[17.901,-8.048],[18.098,-8.109],[18.177,-7.999],[18.508,-7.998],[18.739,-7.932],[18.774,-8.002],[19.356,-8.002],[19.334,-7.867],[19.425,-7.58],[19.513,-7.479],[19.476,-7.316],[19.522,-7.002],[20.294,-7.002],[20.331,-6.917],[20.611,-6.916],[20.524,-7.143],[20.521,-7.286],[21.785,-7.283],[21.842,-7.37],[21.854,-7.586],[21.77,-7.807],[21.758,-8.015],[21.851,-8.143],[21.936,-8.413],[21.86,-8.846],[21.841,-9.276],[21.793,-9.394],[21.854,-9.618],[21.998,-9.809],[22.16,-9.931],[22.203,-10.131],[22.313,-10.369],[22.274,-10.503],[22.322,-10.742],[22.165,-10.852],[22.282,-11.237],[22.538,-11.037],[22.728,-11.097],[22.829,-11.052],[23.014,-11.102],[23.197,-11.072],[23.495,-10.964],[23.834,-11.028],[23.967,-10.872]]]]},"properties":{"id":"angola"}},{"type":"Feature","geometry":{"type":"MultiPolygon","coordinates":[[[[16.515,46.502],[16.838,46.382],[17.053,46.153],[17.197,46.121],[17.345,45.956],[17.591,45.936],[17.858,45.776],[18.211,45.785],[18.412,45.743],[18.674,45.91],[18.901,45.931],[18.845,45.816],[19.018,45.567],[18.976,45.391],[19.29,45.236],[19.079,45.095],[19.132,44.953],[19.016,44.866],[18.617,45.098],[18.466,45.074],[18.238,45.157],[17.988,45.144],[17.836,45.064],[17.187,45.149],[16.924,45.285],[16.786,45.179],[16.482,45.2],[16.341,45.006],[16.213,45.031],[16.029,45.205],[15.78,45.16],[15.717,44.786],[15.896,44.719],[16.116,44.521],[16.216,44.208],[16.679,43.841],[16.713,43.772],[17.085,43.513],[17.239,43.478],[17.268,43.353],[17.442,43.152],[17.587,43.082],[17.581,42.942],[17.316,43.127],[17.073,43.239],[16.881,43.406],[16.337,43.551],[16.098,43.48],[15.918,43.579],[15.931,43.677],[15.455,43.928],[15.145,44.195],[15.308,44.354],[14.901,44.69],[14.922,44.959],[14.827,45.114],[14.511,45.3],[14.33,45.354],[14.233,45.149],[13.946,44.814],[13.86,44.826],[13.589,45.175],[13.59,45.489],[13.889,45.424],[14.219,45.497],[14.373,45.478],[14.556,45.657],[14.668,45.534],[14.923,45.515],[15.139,45.43],[15.325,45.453],[15.251,45.708],[15.451,45.815],[15.666,45.832],[15.698,46.036],[15.64,46.208],[16.039,46.308],[16.248,46.413],[16.344,46.547],[16.515,46.502]]],[[[18.437,42.559],[18.496,42.416],[17.653,42.891],[18.224,42.628],[18.437,42.559]]],[[[16.501,43.284],[16.494,43.382],[16.81,43.353],[16.813,43.268],[16.501,43.284]]],[[[14.723,44.943],[14.425,45.087],[14.665,45.162],[14.723,44.943]]]]},"properties":{"id":"croatia"}},{"type":"Feature","geometry":{"type":"Polygon","coordinates":[[[13.59,45.489],[13.712,45.593],[13.779,45.743],[13.581,45.809],[13.623,45.966],[13.365,46.29],[13.701,46.52],[14.148,46.44],[14.502,46.418],[15.062,46.65],[15.463,46.615],[15.652,46.711],[15.982,46.719],[16.094,46.863],[16.272,46.864],[16.368,46.643],[16.515,46.502],[16.344,46.547],[16.248,46.413],[16.039,46.308],[15.64,46.208],[15.698,46.036],[15.666,45.832],[15.451,45.815],[15.251,45.708],[15.325,45.453],[15.139,45.43],[14.923,45.515],[14.668,45.534],[14.556,45.657],[14.373,45.478],[14.219,45.497],[13.889,45.424],[13.59,45.489]]]},"properties":{"id":"slovenia"}},{"type":"Feature","geometry":{"type":"Polygon","coordinates":[[[50.808,24.747],[50.851,24.891],[50.776,25.092],[50.751,25.42],[50.889,25.667],[51.027,26.027],[51.251,26.16],[51.404,25.954],[51.577,25.881],[51.549,25.631],[51.472,25.521],[51.513,25.308],[51.617,25.137],[51.587,24.953],[51.444,24.68],[51.215,24.626],[50.979,24.568],[50.808,24.747]]]},"properties":{"id":"qatar"}},{"type":"Feature","geometry":{"type":"Polygon","coordinates":[[[50.808,24.747],[50.979,24.568],[51.215,24.626],[51.302,24.517],[51.282,24.303],[51.569,24.256],[51.594,24.078],[52.538,22.955],[52.583,22.931],[53.995,22.757],[55.105,22.621],[55.187,22.704],[55.627,22.024],[55.638,21.979],[55.196,20.649],[54.978,19.995],[53.63,19.546],[52.946,19.318],[51.979,18.996],[50.379,18.78],[49.129,18.612],[49.036,18.58],[48.162,18.149],[47.589,17.463],[47.428,17.092],[47.191,16.959],[46.97,16.957],[46.71,17.275],[46.323,17.224],[45.43,17.312],[45.165,17.428],[44.404,17.419],[44.104,17.352],[43.751,17.346],[43.62,17.459],[43.391,17.512],[43.165,17.326],[43.113,16.91],[43.209,16.773],[43.085,16.673],[43.036,16.536],[42.789,16.371],[42.706,16.741],[42.542,16.878],[42.549,16.987],[42.357,17.114],[42.302,17.454],[42.094,17.652],[41.719,17.909],[41.451,18.356],[41.438,18.464],[41.21,18.698],[41.249,18.834],[41.137,18.958],[40.956,19.343],[40.945,19.506],[40.785,19.596],[40.791,19.714],[40.629,19.792],[40.523,19.972],[40.068,20.287],[39.923,20.264],[39.646,20.462],[39.41,20.828],[39.297,20.928],[39.081,21.315],[39.159,21.508],[38.979,21.862],[39.04,22.236],[39.143,22.391],[38.958,22.775],[38.965,22.87],[38.814,22.983],[38.629,23.508],[38.495,23.645],[38.453,23.784],[38.079,24.07],[37.866,24.15],[37.676,24.291],[37.523,24.268],[37.457,24.441],[37.229,24.738],[37.28,24.964],[37.23,25.194],[37.105,25.322],[36.924,25.655],[36.702,25.78],[36.672,26.045],[36.537,26.082],[36.23,26.626],[35.832,27.093],[35.813,27.191],[35.521,27.518],[35.492,27.632],[35.323,27.876],[35.052,28.12],[34.771,28.093],[34.675,28.277],[34.804,28.527],[34.778,28.665],[34.853,29.045],[34.949,29.352],[36.016,29.19],[36.477,29.495],[36.756,29.866],[37.47,29.995],[37.635,30.313],[37.981,30.499],[37.48,31.007],[36.96,31.491],[37.95,31.744],[38.963,31.994],[39.146,32.118],[40.029,31.994],[40.424,31.921],[41.46,31.393],[42.075,31.08],[42.859,30.495],[43.775,29.848],[44.692,29.202],[46.357,29.063],[46.532,29.096],[47.434,28.995],[47.597,28.609],[47.668,28.534],[48.433,28.54],[48.495,28.5],[48.606,28.126],[48.878,27.837],[48.785,27.745],[48.873,27.612],[49.24,27.545],[49.338,27.19],[49.569,27.178],[49.699,26.958],[50.002,26.817],[50.031,26.495],[50.192,26.404],[50.216,26.215],[50.101,25.989],[50.234,25.615],[50.472,25.437],[50.562,25.055],[50.808,24.747]]]},"properties":{"id":"saudi-arabia"}},{"type":"Feature","geometry":{"type":"Polygon","coordinates":[[[25.26,-17.794],[25.226,-17.932],[25.388,-18.139],[25.508,-18.399],[25.762,-18.63],[25.815,-18.814],[25.941,-18.921],[25.957,-19.122],[26.13,-19.501],[26.731,-19.936],[27.027,-20.01],[27.215,-20.11],[27.306,-20.477],[27.698,-20.509],[27.71,-20.757],[27.675,-21.09],[27.885,-21.31],[28.033,-21.578],[28.285,-21.597],[28.465,-21.66],[28.63,-21.651],[29.039,-21.798],[29.022,-21.983],[29.239,-22.073],[29.35,-22.187],[29.048,-22.22],[28.913,-22.454],[28.624,-22.563],[28.339,-22.585],[28.196,-22.672],[27.896,-23.079],[27.608,-23.217],[27.564,-23.343],[27.35,-23.391],[27.004,-23.646],[26.85,-24.248],[26.506,-24.489],[26.404,-24.633],[26.279,-24.628],[25.868,-24.748],[25.877,-24.886],[25.587,-25.62],[25.386,-25.744],[25.052,-25.738],[24.799,-25.829],[24.339,-25.752],[24.228,-25.649],[23.925,-25.629],[23.445,-25.278],[23.266,-25.264],[23.007,-25.311],[22.845,-25.481],[22.746,-25.755],[22.719,-25.984],[22.545,-26.207],[22.257,-26.341],[22.058,-26.618],[21.781,-26.678],[21.687,-26.855],[21.381,-26.824],[21.122,-26.865],[20.852,-26.807],[20.686,-26.882],[20.625,-26.789],[20.623,-26.428],[20.841,-26.131],[20.794,-25.894],[20.365,-25.033],[20.108,-24.88],[19.981,-24.752],[19.98,-23.549],[19.978,-22.001],[20.972,-22.001],[20.985,-21.964],[20.981,-21.001],[20.978,-19.751],[20.975,-18.319],[21.476,-18.3],[22.981,-18.02],[23.306,-18.005],[23.502,-18.237],[23.579,-18.468],[23.716,-18.419],[23.855,-18.28],[24.183,-18.029],[24.422,-17.956],[24.578,-18.044],[24.725,-17.896],[24.958,-17.801],[25.26,-17.794]]]},"properties":{"id":"botswana"}},{"type":"Feature","geometry":{"type":"Polygon","coordinates":[[[25.26,-17.794],[25.496,-17.855],[25.681,-17.811],[25.979,-17.999],[26.203,-17.887],[26.712,-18.066],[27.048,-17.944],[27.157,-17.769],[27.577,-17.363],[27.777,-17.001],[28.114,-16.828],[28.28,-16.707],[28.733,-16.558],[28.857,-16.388],[28.871,-16.087],[28.932,-15.964],[29.186,-15.813],[29.563,-15.662],[29.837,-15.615],[30.011,-15.646],[30.396,-15.636],[30.403,-16.001],[30.857,-15.998],[30.973,-16.062],[31.114,-15.997],[31.279,-16.03],[31.405,-16.162],[31.686,-16.207],[31.91,-16.429],[32.29,-16.452],[32.672,-16.6],[32.699,-16.687],[32.91,-16.708],[32.933,-16.816],[32.83,-16.942],[32.954,-17.167],[33.016,-17.377],[32.947,-17.543],[33.025,-17.619],[32.957,-17.818],[32.937,-18.047],[32.979,-18.48],[32.868,-18.553],[32.885,-18.788],[32.691,-18.834],[32.691,-19.014],[32.862,-19.118],[32.769,-19.364],[32.816,-19.652],[33.033,-19.784],[32.998,-20.001],[32.885,-20.103],[32.845,-20.287],[32.646,-20.558],[32.513,-20.565],[32.469,-20.687],[32.497,-20.898],[32.34,-21.134],[32.409,-21.29],[31.434,-22.302],[31.289,-22.397],[30.838,-22.282],[30.632,-22.331],[30.301,-22.337],[29.779,-22.136],[29.35,-22.187],[29.239,-22.073],[29.022,-21.983],[29.039,-21.798],[28.63,-21.651],[28.465,-21.66],[28.285,-21.597],[28.033,-21.578],[27.885,-21.31],[27.675,-21.09],[27.71,-20.757],[27.698,-20.509],[27.306,-20.477],[27.215,-20.11],[27.027,-20.01],[26.731,-19.936],[26.13,-19.501],[25.957,-19.122],[25.941,-18.921],[25.815,-18.814],[25.762,-18.63],[25.508,-18.399],[25.388,-18.139],[25.226,-17.932],[25.26,-17.794]]]},"properties":{"id":"zimbabwe"}},{"type":"Feature","geometry":{"type":"Polygon","coordinates":[[[76.777,35.646],[77.049,35.11],[76.921,34.921],[76.553,34.726],[76.023,34.677],[75.796,34.508],[75.612,34.498],[75.348,34.557],[75.213,34.645],[75.018,34.63],[74.286,34.769],[73.962,34.668],[73.775,34.371],[73.998,34.197],[73.946,34.01],[74.228,34.013],[74.262,33.93],[74.035,33.829],[73.977,33.648],[74.142,33.549],[74.096,33.328],[74.002,33.178],[74.154,33.04],[74.322,32.972],[74.329,32.776],[74.657,32.745],[74.63,32.588],[74.725,32.461],[75.024,32.466],[75.327,32.312],[75.295,32.149],[74.956,32.032],[74.829,32.025],[74.566,31.841],[74.489,31.711],[74.612,31.44],[74.506,31.175],[74.632,31.108],[74.519,30.962],[74.33,30.9],[74.164,30.665],[73.852,30.373],[73.944,30.188],[73.74,30.048],[73.37,29.927],[73.233,29.537],[72.902,29.023],[72.382,28.784],[72.256,28.646],[72.15,28.354],[71.908,28.136],[71.861,27.95],[71.561,27.869],[71.311,27.862],[70.832,27.701],[70.71,27.741],[70.633,27.932],[70.456,28.04],[70.342,28.011],[70.091,27.794],[70.017,27.601],[69.848,27.41],[69.576,27.188],[69.465,26.808],[69.504,26.735],[69.816,26.58],[70.056,26.589],[70.158,26.53],[70.083,25.93],[70.265,25.697],[70.657,25.634],[70.647,25.431],[70.86,25.139],[70.893,25.002],[71.064,24.683],[70.955,24.585],[70.918,24.362],[70.755,24.231],[70.56,24.287],[70.521,24.425],[70.11,24.305],[69.972,24.165],[69.671,24.189],[69.563,24.277],[69.167,24.253],[68.904,24.321],[68.726,24.289],[68.724,23.965],[68.432,23.967],[68.183,23.842],[68.014,23.769],[67.865,23.866],[67.694,23.793],[67.521,23.907],[67.441,24.07],[67.3,24.186],[67.247,24.468],[67.15,24.635],[67.14,24.803],[66.882,24.851],[66.68,24.831],[66.718,25.231],[66.437,25.598],[66.252,25.473],[65.858,25.418],[65.672,25.347],[65.363,25.391],[65.143,25.296],[64.744,25.324],[64.663,25.229],[64.067,25.346],[63.573,25.365],[63.5,25.194],[63.178,25.258],[63.028,25.22],[62.771,25.262],[62.477,25.259],[62.366,25.179],[62.08,25.197],[61.881,25.103],[61.588,25.202],[61.62,25.285],[61.66,25.769],[61.76,25.838],[61.81,26.167],[61.857,26.242],[62.243,26.351],[62.298,26.509],[62.754,26.644],[63.108,26.638],[63.265,26.89],[63.167,27.259],[62.892,27.213],[62.756,27.348],[62.815,27.495],[62.736,27.995],[62.766,28.211],[62.576,28.229],[62.363,28.419],[61.893,28.543],[61.653,28.756],[61.488,29.081],[61.279,29.407],[60.844,29.858],[62.374,29.425],[62.478,29.408],[63.569,29.497],[64.086,29.387],[64.173,29.484],[64.478,29.57],[65.036,29.54],[66.196,29.835],[66.341,29.957],[66.219,30.058],[66.301,30.226],[66.322,30.437],[66.268,30.601],[66.366,30.923],[66.55,30.977],[66.697,31.196],[66.943,31.315],[67.023,31.239],[67.346,31.208],[67.749,31.328],[67.597,31.426],[67.871,31.635],[68.047,31.688],[68.126,31.811],[68.356,31.763],[68.527,31.823],[68.676,31.775],[68.777,31.619],[69.004,31.651],[69.299,31.938],[69.228,32.421],[69.429,32.667],[69.548,33.075],[69.881,33.089],[70.294,33.319],[70.151,33.526],[70.118,33.717],[69.958,33.753],[69.841,33.942],[70.003,34.044],[70.522,33.939],[70.862,33.965],[71.063,34.054],[71.122,34.357],[70.971,34.469],[71.081,34.673],[71.289,34.875],[71.46,34.943],[71.634,35.203],[71.53,35.301],[71.622,35.43],[71.593,35.549],[71.342,35.947],[71.171,36.027],[71.629,36.46],[71.859,36.494],[72.214,36.726],[72.565,36.821],[73.64,36.897],[74.094,36.831],[74.394,36.994],[74.542,37.022],[74.678,37.052],[74.942,36.977],[75.1,36.994],[75.351,36.916],[75.411,36.747],[75.571,36.767],[75.791,36.688],[75.977,36.463],[76.014,36.23],[75.901,36.114],[76.115,35.942],[76.166,35.806],[76.565,35.865],[76.571,35.751],[76.777,35.646]]]},"properties":{"id":"pakistan"}},{"type":"Feature","geometry":{"type":"Polygon","coordinates":[[[26.333,41.713],[26.048,41.689],[26.152,41.547],[26.121,41.358],[25.882,41.304],[25.551,41.316],[25.286,41.239],[24.886,41.401],[24.58,41.441],[24.531,41.548],[24.047,41.526],[23.612,41.371],[23.288,41.398],[23.115,41.313],[22.917,41.336],[22.932,41.598],[23.01,41.716],[22.844,42.014],[22.51,42.145],[22.345,42.313],[22.509,42.405],[22.425,42.573],[22.506,42.87],[22.727,42.887],[22.956,43.108],[22.805,43.329],[22.519,43.474],[22.349,43.808],[22.412,44.007],[22.593,44.064],[22.692,44.228],[23.023,44.032],[22.886,43.995],[22.92,43.834],[23.325,43.887],[24.159,43.753],[24.5,43.799],[24.753,43.739],[24.964,43.75],[25.36,43.654],[25.781,43.732],[26.116,43.999],[27.027,44.177],[27.253,44.122],[27.384,44.015],[27.656,44.024],[27.936,43.964],[27.981,43.849],[28.221,43.762],[28.578,43.741],[28.603,43.553],[28.459,43.381],[28.157,43.408],[27.944,43.157],[27.885,43.009],[27.892,42.711],[27.733,42.715],[27.511,42.553],[27.692,42.428],[27.751,42.277],[27.987,42.072],[28.017,41.973],[27.808,41.993],[27.533,41.908],[27.332,42.057],[27.023,42.074],[26.939,41.996],[26.624,41.969],[26.526,41.824],[26.333,41.713]]]},"properties":{"id":"bulgaria"}},{"type":"Feature","geometry":{"type":"MultiPolygon","coordinates":[[[[102.914,11.646],[102.907,11.741],[102.777,11.903],[102.75,12.04],[102.29,12.194],[102.072,12.489],[101.83,12.673],[101.443,12.625],[101.088,12.681],[100.926,12.619],[100.837,12.708],[100.918,12.826],[100.934,13.003],[100.878,13.098],[100.981,13.359],[100.951,13.468],[100.68,13.509],[100.29,13.505],[100.039,13.403],[99.967,13.259],[100.104,13.057],[99.974,12.751],[99.961,12.625],[100.014,12.231],[99.955,12.072],[99.642,11.523],[99.515,11.173],[99.494,10.967],[99.377,10.685],[99.161,10.368],[99.148,9.767],[99.291,9.39],[99.255,9.232],[99.475,9.201],[99.689,9.316],[99.854,9.295],[99.916,9.102],[99.959,8.638],[100.098,8.426],[100.271,8.317],[100.44,7.477],[100.323,7.616],[100.307,7.758],[100.143,7.7],[100.185,7.514],[100.37,7.333],[100.424,7.171],[100.611,7.193],[100.765,6.983],[100.998,6.857],[101.385,6.905],[101.566,6.832],[101.772,6.501],[102.073,6.258],[102.06,6.095],[101.959,6.012],[101.913,5.859],[101.8,5.74],[101.65,5.783],[101.535,5.906],[101.249,5.787],[101.105,5.638],[100.967,5.781],[101.071,5.92],[101.082,6.246],[100.822,6.26],[100.806,6.415],[100.349,6.541],[100.281,6.689],[100.164,6.684],[100.127,6.442],[99.957,6.664],[99.686,6.877],[99.693,7.116],[99.584,7.156],[99.525,7.311],[99.392,7.312],[99.293,7.621],[99.138,7.744],[98.905,8.048],[98.747,8.068],[98.744,8.215],[98.599,8.375],[98.446,8.325],[98.391,8.137],[98.281,8.226],[98.199,8.534],[98.224,8.735],[98.382,9.072],[98.327,9.204],[98.463,9.604],[98.544,9.706],[98.513,9.837],[98.72,10.228],[98.747,10.351],[98.791,10.52],[98.767,10.689],[98.98,10.918],[99.213,11.108],[99.243,11.198],[99.63,11.816],[99.561,11.873],[99.387,12.466],[99.394,12.59],[99.224,12.717],[99.102,13.171],[99.173,13.2],[99.188,13.427],[99.153,13.715],[98.945,14.069],[98.548,14.378],[98.418,14.608],[98.243,14.805],[98.16,15.106],[98.283,15.29],[98.403,15.36],[98.56,15.355],[98.543,15.735],[98.584,15.977],[98.659,16.116],[98.798,16.104],[98.884,16.259],[98.843,16.438],[98.682,16.273],[98.632,16.463],[98.457,16.723],[98.509,16.893],[98.313,17.052],[98.101,17.303],[97.992,17.496],[97.769,17.679],[97.686,17.881],[97.752,17.981],[97.562,18.331],[97.438,18.488],[97.76,18.623],[97.719,18.865],[97.658,18.926],[97.811,19.112],[97.767,19.398],[97.84,19.555],[98.008,19.639],[98.018,19.789],[98.307,19.69],[98.533,19.676],[98.808,19.807],[98.988,19.799],[99.017,20.041],[99.117,20.118],[99.296,20.062],[99.526,20.196],[99.475,20.304],[99.804,20.349],[99.942,20.444],[100.099,20.318],[100.364,20.369],[100.543,20.067],[100.474,19.865],[100.384,19.764],[100.462,19.537],[100.729,19.505],[100.875,19.613],[101.257,19.523],[101.172,19.376],[101.229,19.144],[101.318,19.05],[101.233,18.893],[101.235,18.658],[101.03,18.428],[101.146,18.336],[101.165,18.053],[101.008,17.895],[100.886,17.596],[101.129,17.461],[101.247,17.592],[101.636,17.895],[101.774,18.059],[101.904,18.037],[102.079,18.214],[102.307,18.051],[102.568,17.971],[102.687,17.874],[102.939,18.009],[103.073,18.036],[103.261,18.4],[103.397,18.441],[103.607,18.4],[103.881,18.284],[104.019,18.299],[104.27,17.874],[104.481,17.64],[104.715,17.515],[104.816,17.373],[104.81,17.172],[104.745,17.025],[104.778,16.694],[104.755,16.529],[105.026,16.258],[105.079,16.105],[105.405,16.019],[105.361,15.919],[105.448,15.765],[105.569,15.749],[105.651,15.635],[105.564,15.273],[105.444,15.134],[105.584,14.978],[105.489,14.786],[105.508,14.564],[105.416,14.428],[105.184,14.346],[105.101,14.231],[104.974,14.381],[104.772,14.44],[104.462,14.357],[104.247,14.401],[103.87,14.343],[103.55,14.422],[103.085,14.296],[102.934,14.201],[102.87,14.021],[102.699,13.762],[102.574,13.694],[102.513,13.567],[102.332,13.565],[102.328,13.275],[102.487,12.985],[102.502,12.65],[102.765,12.416],[102.7,12.139],[102.914,11.766],[102.914,11.646]]],[[[98.419,7.904],[98.254,7.928],[98.288,8.109],[98.438,8.066],[98.419,7.904]]]]},"properties":{"id":"thailand"}},{"type":"Feature","geometry":{"type":"Polygon","coordinates":[[[12.429,43.892],[12.386,43.925],[12.421,43.967],[12.49,43.939],[12.429,43.892]]]},"properties":{"id":"san-marino"}},{"type":"Feature","geometry":{"type":"MultiPolygon","coordinates":[[[[-71.757,19.71],[-71.704,19.415],[-71.777,19.328],[-71.639,19.212],[-71.784,18.996],[-71.72,18.765],[-71.842,18.618],[-72.001,18.582],[-71.912,18.431],[-71.709,18.313],[-71.776,18.039],[-71.928,18.184],[-72.072,18.238],[-72.44,18.224],[-72.886,18.141],[-73.377,18.258],[-73.654,18.253],[-73.809,18.159],[-73.873,18.026],[-74.008,18.18],[-74.183,18.293],[-74.331,18.286],[-74.489,18.429],[-74.426,18.608],[-74.279,18.667],[-73.605,18.498],[-73.527,18.524],[-72.755,18.429],[-72.628,18.554],[-72.354,18.53],[-72.325,18.671],[-72.55,18.786],[-72.814,19.053],[-72.769,19.389],[-72.815,19.505],[-73.002,19.603],[-73.38,19.63],[-73.432,19.779],[-73.167,19.938],[-73.06,19.91],[-72.776,19.944],[-72.31,19.752],[-72.205,19.776],[-72.019,19.697],[-71.757,19.71]]],[[[-73.259,18.878],[-73.201,18.969],[-72.846,18.827],[-73.037,18.76],[-73.259,18.878]]]]},"properties":{"id":"haiti"}},{"type":"Feature","geometry":{"type":"Polygon","coordinates":[[[-71.757,19.71],[-71.744,19.817],[-71.505,19.91],[-71.212,19.837],[-71.001,19.938],[-70.831,19.903],[-70.624,19.767],[-70.434,19.775],[-70.336,19.678],[-70.131,19.622],[-69.898,19.636],[-69.868,19.425],[-69.603,19.229],[-69.608,19.093],[-69.061,18.988],[-68.979,19.033],[-68.74,18.964],[-68.356,18.657],[-68.334,18.577],[-68.472,18.35],[-68.575,18.378],[-68.658,18.211],[-68.743,18.205],[-68.85,18.375],[-69.236,18.451],[-69.525,18.408],[-69.602,18.456],[-69.884,18.471],[-70.017,18.411],[-70.172,18.231],[-70.553,18.204],[-70.579,18.386],[-70.704,18.43],[-71.061,18.142],[-71.306,17.821],[-71.417,17.605],[-71.631,17.817],[-71.666,17.971],[-71.776,18.039],[-71.709,18.313],[-71.912,18.431],[-72.001,18.582],[-71.842,18.618],[-71.72,18.765],[-71.784,18.996],[-71.639,19.212],[-71.777,19.328],[-71.704,19.415],[-71.757,19.71]]]},"properties":{"id":"dominican-republic"}},{"type":"Feature","geometry":{"type":"Polygon","coordinates":[[[14.065,13.078],[13.607,13.704],[13.449,14.38],[13.482,14.484],[13.624,14.521],[13.648,14.649],[13.764,14.719],[13.755,14.847],[13.834,15.02],[14.369,15.75],[15.138,16.549],[15.472,16.917],[15.535,17.626],[15.623,18.63],[15.736,19.904],[15.963,20.319],[15.93,20.399],[15.544,20.799],[15.609,20.951],[15.301,21.401],[15.18,21.507],[15.172,21.993],[14.98,22.996],[15.985,23.445],[16.817,23.034],[17.805,22.546],[18.917,21.997],[19.658,21.631],[20.646,21.143],[21.634,20.655],[22.252,20.35],[23.24,19.862],[23.981,19.496],[23.983,17.87],[23.983,16.941],[23.984,15.721],[23.593,15.749],[23.321,15.681],[23.068,15.687],[22.907,15.541],[22.966,15.224],[22.906,15.113],[22.659,14.857],[22.666,14.682],[22.465,14.629],[22.425,14.47],[22.441,14.25],[22.531,14.123],[22.244,13.975],[22.074,13.771],[22.276,13.376],[22.123,13.182],[21.935,13.059],[21.809,12.794],[21.88,12.676],[22.02,12.631],[22.205,12.743],[22.446,12.611],[22.373,12.463],[22.481,12.177],[22.481,12.044],[22.593,11.989],[22.537,11.681],[22.628,11.51],[22.782,11.399],[22.915,11.396],[22.956,11.209],[22.861,10.919],[22.46,11.001],[22.253,10.915],[22.176,10.816],[21.723,10.637],[21.751,10.412],[21.656,10.234],[21.485,10.164],[21.374,9.973],[21.271,9.987],[20.758,9.377],[20.496,9.271],[20.435,9.138],[20.069,9.138],[19.889,9.046],[19.352,9.002],[19.101,9.015],[18.893,8.898],[18.929,8.797],[19.124,8.675],[18.791,8.257],[18.673,8.208],[18.589,8.048],[18.07,8.019],[17.898,7.967],[17.68,7.985],[17.251,7.823],[17.096,7.678],[16.865,7.624],[16.769,7.55],[16.476,7.836],[16.371,7.673],[16.026,7.575],[15.794,7.458],[15.481,7.523],[15.563,7.792],[15.441,7.839],[15.345,8.136],[15.184,8.479],[15.031,8.659],[14.794,8.814],[14.35,9.168],[14.321,9.243],[13.948,9.638],[14.182,9.978],[14.44,9.995],[14.732,9.924],[15.215,9.984],[15.383,9.93],[15.681,9.991],[15.536,10.081],[15.301,10.312],[15.066,10.793],[15.021,11.183],[15.076,11.453],[15.136,11.531],[15.068,11.7],[15.049,12.085],[14.903,12.146],[14.908,12.327],[14.819,12.639],[14.549,12.78],[14.505,12.969],[14.418,13.081],[14.065,13.078]]]},"properties":{"id":"chad"}},{"type":"Feature","geometry":{"type":"MultiPolygon","coordinates":[[[[47.948,29.994],[48.022,29.78],[48.181,29.562],[47.966,29.576],[47.727,29.362],[48.1,29.35],[48.158,29.017],[48.433,28.54],[47.668,28.534],[47.597,28.609],[47.434,28.995],[46.532,29.096],[46.839,29.425],[47.11,29.961],[47.358,30.092],[47.731,30.089],[47.948,29.994]]],[[[48.353,29.71],[48.229,29.6],[48.046,29.8],[48.159,29.879],[48.353,29.71]]]]},"properties":{"id":"kuwait"}},{"type":"Feature","geometry":{"type":"Polygon","coordinates":[[[-90.098,13.731],[-90.107,13.844],[-89.88,14.043],[-89.531,14.226],[-89.591,14.386],[-89.362,14.415],[-89.033,14.324],[-88.966,14.191],[-88.747,14.052],[-88.495,13.975],[-88.488,13.865],[-88.088,13.981],[-88.024,13.891],[-87.808,13.909],[-87.713,13.8],[-87.817,13.407],[-87.798,13.266],[-87.928,13.159],[-88.208,13.16],[-88.786,13.245],[-89.251,13.472],[-89.808,13.527],[-89.837,13.597],[-90.098,13.731]]]},"properties":{"id":"el-salvador"}},{"type":"Feature","geometry":{"type":"Polygon","coordinates":[[[-89.362,14.415],[-89.591,14.386],[-89.531,14.226],[-89.88,14.043],[-90.107,13.844],[-90.098,13.731],[-90.5,13.895],[-90.91,13.911],[-91.316,13.956],[-91.763,14.18],[-92.246,14.546],[-92.162,14.702],[-92.154,14.996],[-92.074,15.074],[-92.205,15.29],[-91.724,16.069],[-90.486,16.071],[-90.391,16.386],[-90.544,16.49],[-90.735,16.747],[-91.067,16.918],[-91.29,17.189],[-90.992,17.252],[-90.991,17.802],[-90.26,17.815],[-89.16,17.814],[-89.149,17.036],[-89.237,15.894],[-88.914,15.894],[-88.6,15.745],[-88.512,15.868],[-88.221,15.726],[-88.399,15.573],[-88.973,15.14],[-89.141,15.076],[-89.228,14.835],[-89.145,14.708],[-89.362,14.415]]]},"properties":{"id":"guatemala"}},{"type":"Feature","geometry":{"type":"MultiPolygon","coordinates":[[[[124.451,-9.18],[124.432,-9.291],[124.258,-9.501],[124.03,-9.342],[124.191,-9.255],[124.451,-9.18]]],[[[124.92,-8.962],[125.1,-8.778],[125.144,-8.631],[125.851,-8.484],[126.069,-8.522],[126.412,-8.419],[126.549,-8.487],[126.842,-8.391],[126.967,-8.309],[127.186,-8.332],[127.303,-8.432],[127.009,-8.677],[126.846,-8.753],[126.583,-8.806],[126.43,-8.955],[126.166,-8.988],[125.947,-9.126],[125.609,-9.186],[125.379,-9.281],[125.062,-9.486],[124.974,-9.192],[125.143,-9.189],[125.095,-8.995],[124.92,-8.962]]]]},"properties":{"id":"east-timor"}},{"type":"Feature","geometry":{"type":"MultiPolygon","coordinates":[[[[115.146,4.909],[115.273,4.637],[115.324,4.315],[115.092,4.405],[115.03,4.821],[115.146,4.909]]],[[[114.982,4.889],[114.752,4.739],[114.836,4.357],[114.767,4.132],[114.628,4.017],[114.42,4.26],[114.297,4.317],[114.246,4.481],[113.999,4.601],[114.252,4.593],[114.529,4.694],[114.723,4.876],[114.928,5.001],[114.982,4.889]]]]},"properties":{"id":"brunei"}},{"type":"Feature","geometry":{"type":"Polygon","coordinates":[[[7.437,43.743],[7.366,43.723],[7.407,43.764],[7.437,43.743]]]},"properties":{"id":"monaco"}},{"type":"Feature","geometry":{"type":"Polygon","coordinates":[[[-4.822,24.995],[-6.14,25.79],[-7.099,26.354],[-7.693,26.703],[-8.682,27.285],[-8.682,27.661],[-8.682,28.666],[-8.383,28.906],[-8.07,29.079],[-7.619,29.389],[-7.35,29.383],[-7.147,29.509],[-6.784,29.446],[-6.7,29.516],[-6.273,29.579],[-5.756,29.614],[-5.721,29.523],[-5.54,29.523],[-5.274,29.887],[-4.876,30.18],[-4.624,30.285],[-4.372,30.509],[-4.156,30.586],[-3.834,30.627],[-3.646,30.711],[-3.66,30.837],[-3.555,30.956],[-3.819,31.319],[-3.673,31.389],[-3.66,31.648],[-2.828,31.795],[-2.939,32.049],[-2.516,32.132],[-1.25,32.082],[-1.218,32.393],[-1.048,32.517],[-1.423,32.742],[-1.559,32.934],[-1.5,33.06],[-1.674,33.238],[-1.613,33.521],[-1.719,33.898],[-1.675,34.106],[-1.81,34.372],[-1.751,34.494],[-1.871,34.597],[-1.788,34.757],[-2.212,35.023],[-2.223,35.089],[-2.052,35.075],[-1.746,35.139],[-1.51,35.295],[-1.268,35.39],[-1.19,35.566],[-0.825,35.769],[-0.683,35.717],[-0.349,35.907],[-0.124,35.787],[0.035,35.863],[0.127,36.051],[0.663,36.333],[0.865,36.377],[1.045,36.487],[2.06,36.57],[2.33,36.637],[2.601,36.596],[2.933,36.809],[3.179,36.743],[3.238,36.813],[3.461,36.775],[3.827,36.913],[4.105,36.884],[4.441,36.912],[4.787,36.895],[5.105,36.781],[5.304,36.643],[5.465,36.665],[5.594,36.774],[6.197,36.902],[6.339,37.069],[6.503,37.083],[6.583,36.99],[6.909,36.893],[7.157,36.915],[7.275,37.069],[7.383,37.083],[7.713,36.963],[7.908,36.85],[8.233,36.958],[8.498,36.904],[8.603,36.94],[8.624,36.826],[8.444,36.796],[8.408,36.643],[8.17,36.526],[8.358,36.43],[8.241,35.828],[8.324,35.652],[8.314,35.103],[8.249,34.902],[8.236,34.648],[8.094,34.53],[7.871,34.438],[7.753,34.232],[7.517,34.095],[7.48,33.894],[7.553,33.659],[7.693,33.454],[7.751,33.208],[8.087,33.094],[8.283,32.836],[8.32,32.561],[8.483,32.435],[9.045,32.072],[9.264,31.219],[9.52,30.229],[9.287,30.117],[9.55,29.802],[9.668,29.608],[9.826,29.129],[9.851,28.786],[9.777,28.268],[9.936,27.867],[9.822,27.506],[9.721,27.292],[9.826,26.921],[9.911,26.843],[9.836,26.504],[9.483,26.353],[9.401,26.113],[9.97,25.395],[10.021,25.268],[10.032,24.856],[10.193,24.75],[10.26,24.577],[10.45,24.477],[10.721,24.552],[11.509,24.314],[11.567,24.267],[11.969,23.517],[10.88,22.875],[9.723,22.193],[8.771,21.632],[7.483,20.873],[6.983,20.464],[5.838,19.479],[5.749,19.434],[4.229,19.142],[3.308,18.982],[3.103,19.154],[3.258,19.41],[3.199,19.554],[3.217,19.794],[2.946,19.942],[2.4,20.057],[2.182,20.279],[2.071,20.213],[1.778,20.304],[1.649,20.412],[1.56,20.598],[1.169,20.733],[1.147,21.102],[-0.184,21.971],[-1.224,22.651],[-1.917,23.104],[-2.956,23.784],[-3.688,24.262],[-4.822,24.995]]]},"properties":{"id":"algeria"}},{"type":"Feature","geometry":{"type":"Polygon","coordinates":[[[32.114,-26.84],[32.107,-26.5],[32.04,-26.284],[32.057,-26.041],[31.949,-25.958],[31.912,-25.785],[31.996,-25.615],[31.987,-24.423],[31.869,-24.164],[31.839,-23.918],[31.741,-23.837],[31.642,-23.588],[31.521,-23.416],[31.536,-23.157],[31.289,-22.397],[31.434,-22.302],[32.409,-21.29],[32.34,-21.134],[32.497,-20.898],[32.469,-20.687],[32.513,-20.565],[32.646,-20.558],[32.845,-20.287],[32.885,-20.103],[32.998,-20.001],[33.033,-19.784],[32.816,-19.652],[32.769,-19.364],[32.862,-19.118],[32.691,-19.014],[32.691,-18.834],[32.885,-18.788],[32.868,-18.553],[32.979,-18.48],[32.937,-18.047],[32.957,-17.818],[33.025,-17.619],[32.947,-17.543],[33.016,-17.377],[32.954,-17.167],[32.83,-16.942],[32.933,-16.816],[32.91,-16.708],[32.699,-16.687],[32.672,-16.6],[32.29,-16.452],[31.91,-16.429],[31.686,-16.207],[31.405,-16.162],[31.279,-16.03],[31.114,-15.997],[30.973,-16.062],[30.857,-15.998],[30.403,-16.001],[30.396,-15.636],[30.365,-15.354],[30.288,-15.279],[30.214,-14.981],[30.816,-14.768],[31.411,-14.634],[31.658,-14.52],[33.203,-14.014],[33.439,-14.381],[33.596,-14.511],[33.774,-14.53],[34.051,-14.495],[34.344,-14.387],[34.502,-14.576],[34.584,-14.984],[34.569,-15.271],[34.41,-15.481],[34.404,-15.647],[34.236,-15.819],[34.244,-15.918],[34.388,-16.037],[34.385,-16.186],[34.525,-16.301],[35.005,-16.815],[35.096,-16.817],[35.081,-17.124],[35.292,-17.129],[35.278,-16.701],[35.132,-16.538],[35.214,-16.484],[35.259,-16.272],[35.375,-16.141],[35.687,-16.113],[35.796,-16.005],[35.841,-15.417],[35.785,-15.195],[35.904,-14.887],[35.853,-14.667],[35.523,-14.263],[35.456,-14.137],[35.084,-13.704],[34.894,-13.535],[34.638,-13.488],[34.545,-13.326],[34.549,-13.159],[34.494,-12.687],[34.354,-12.199],[34.564,-11.831],[34.651,-11.57],[34.965,-11.574],[35.655,-11.578],[35.826,-11.413],[35.94,-11.434],[36.168,-11.579],[36.2,-11.702],[36.495,-11.681],[36.563,-11.731],[36.747,-11.666],[36.82,-11.574],[37.044,-11.596],[37.106,-11.658],[37.428,-11.723],[37.784,-11.559],[37.875,-11.319],[38.071,-11.256],[38.257,-11.277],[38.492,-11.413],[38.654,-11.276],[38.896,-11.168],[39.287,-11.154],[39.483,-10.999],[39.786,-10.933],[40.008,-10.811],[40.437,-10.475],[40.532,-10.509],[40.602,-10.82],[40.496,-10.956],[40.552,-11.074],[40.398,-11.347],[40.471,-11.417],[40.429,-11.642],[40.537,-11.997],[40.499,-12.127],[40.578,-12.706],[40.647,-12.755],[40.418,-12.927],[40.589,-12.958],[40.539,-13.636],[40.732,-14.34],[40.843,-14.464],[40.835,-14.802],[40.533,-15.121],[40.667,-15.299],[40.582,-15.492],[40.426,-15.615],[40.165,-15.916],[39.992,-16.222],[39.813,-16.277],[39.808,-16.389],[39.698,-16.532],[39.204,-16.817],[39.091,-16.984],[38.595,-17.094],[37.909,-17.355],[37.212,-17.745],[37.086,-17.869],[36.887,-18.189],[36.552,-18.486],[36.269,-18.877],[36.031,-18.906],[35.723,-19.082],[35.442,-19.418],[35.127,-19.705],[34.88,-19.863],[34.758,-19.869],[34.778,-20.144],[34.656,-20.419],[34.742,-20.55],[34.993,-20.73],[35.12,-20.966],[35.054,-21.133],[35.152,-21.454],[35.271,-21.644],[35.336,-22.089],[35.497,-22.142],[35.542,-22.41],[35.493,-22.565],[35.521,-22.908],[35.601,-22.944],[35.479,-23.177],[35.424,-23.481],[35.395,-23.842],[35.543,-23.863],[35.494,-24.111],[35.106,-24.598],[34.649,-24.813],[34.483,-24.851],[33.729,-25.105],[33.153,-25.366],[32.873,-25.544],[32.687,-25.886],[32.559,-26.003],[32.681,-26.188],[32.929,-26.266],[32.893,-26.846],[32.352,-26.86],[32.114,-26.84]]]},"properties":{"id":"mozambique"}},{"type":"Feature","geometry":{"type":"Polygon","coordinates":[[[31.949,-25.958],[32.057,-26.041],[32.04,-26.284],[32.107,-26.5],[32.114,-26.84],[31.992,-26.838],[31.942,-27.101],[31.968,-27.316],[31.527,-27.311],[31.157,-27.206],[30.976,-27.035],[30.955,-26.891],[30.786,-26.717],[30.805,-26.397],[30.97,-26.209],[31.12,-25.91],[31.309,-25.757],[31.427,-25.744],[31.835,-25.982],[31.949,-25.958]]]},"properties":{"id":"eswatini"}},{"type":"Feature","geometry":{"type":"Polygon","coordinates":[[[30.555,-2.401],[30.424,-2.633],[30.416,-2.852],[30.651,-2.977],[30.802,-2.978],[30.8,-3.275],[30.663,-3.319],[30.613,-3.445],[30.432,-3.552],[30.209,-3.93],[30.15,-4.087],[30.003,-4.272],[29.8,-4.364],[29.733,-4.463],[29.404,-4.45],[29.339,-4.093],[29.215,-3.9],[29.207,-3.335],[29.235,-3.047],[29.09,-2.926],[29.015,-2.721],[29.13,-2.597],[29.307,-2.66],[29.34,-2.826],[29.698,-2.808],[29.824,-2.763],[29.904,-2.638],[29.932,-2.317],[30.139,-2.431],[30.207,-2.339],[30.363,-2.308],[30.555,-2.401]]]},"properties":{"id":"burundi"}},{"type":"Feature","geometry":{"type":"Polygon","coordinates":[[[29.015,-2.721],[28.891,-2.653],[28.859,-2.418],[29.151,-2.15],[29.149,-1.799],[29.358,-1.51],[29.578,-1.388],[29.807,-1.325],[29.898,-1.47],[30.147,-1.345],[30.353,-1.061],[30.472,-1.067],[30.555,-1.318],[30.738,-1.407],[30.831,-1.594],[30.83,-1.961],[30.888,-2.083],[30.834,-2.345],[30.555,-2.401],[30.363,-2.308],[30.207,-2.339],[30.139,-2.431],[29.932,-2.317],[29.904,-2.638],[29.824,-2.763],[29.698,-2.808],[29.34,-2.826],[29.307,-2.66],[29.13,-2.597],[29.015,-2.721]]]},"properties":{"id":"rwanda"}},{"type":"Feature","geometry":{"type":"MultiPolygon","coordinates":[[[[92.576,21.978],[92.708,22.148],[92.854,22.024],[93.025,22.113],[93.174,22.269],[93.099,22.512],[93.08,22.773],[93.375,23.13],[93.432,23.647],[93.303,24.041],[93.457,23.96],[93.612,24.009],[93.998,23.917],[94.1,23.843],[94.19,23.995],[94.295,24.333],[94.516,24.705],[94.59,24.747],[94.709,25.026],[94.689,25.139],[94.55,25.245],[94.659,25.456],[94.851,25.563],[95.009,25.737],[95.001,25.922],[95.14,26.03],[95.042,26.288],[95.041,26.476],[95.119,26.604],[95.393,26.692],[95.778,26.995],[95.889,27.027],[96.013,27.191],[96.143,27.258],[96.759,27.342],[96.865,27.172],[97.135,27.127],[96.905,27.408],[96.87,27.619],[97.036,27.743],[97.355,28.023],[97.334,28.235],[97.448,28.298],[97.528,28.53],[97.7,28.488],[97.74,28.383],[97.898,28.355],[98.119,28.141],[98.107,27.973],[98.295,27.537],[98.4,27.676],[98.682,27.556],[98.673,27.176],[98.75,26.792],[98.706,26.175],[98.547,26.088],[98.692,25.879],[98.461,25.795],[98.333,25.567],[98.15,25.613],[98.108,25.389],[97.738,25.091],[97.664,24.83],[97.536,24.745],[97.52,24.431],[97.64,24.439],[97.718,24.278],[97.708,24.125],[97.516,23.943],[97.637,23.864],[97.89,24.023],[98.182,24.119],[98.503,24.121],[98.663,23.97],[98.676,23.787],[98.778,23.769],[98.857,23.604],[98.911,23.298],[99.026,23.16],[99.217,23.057],[99.351,23.119],[99.535,22.949],[99.308,22.72],[99.358,22.495],[99.166,22.205],[99.166,22.132],[99.439,22.124],[99.867,22.058],[99.966,21.963],[99.95,21.721],[100.143,21.655],[100.097,21.508],[100.187,21.428],[100.384,21.528],[100.457,21.455],[100.622,21.469],[100.797,21.626],[101.083,21.767],[101.159,21.553],[101.003,21.406],[100.725,21.312],[100.638,21.07],[100.516,20.886],[100.211,20.697],[100.099,20.318],[99.942,20.444],[99.804,20.349],[99.475,20.304],[99.526,20.196],[99.296,20.062],[99.117,20.118],[99.017,20.041],[98.988,19.799],[98.808,19.807],[98.533,19.676],[98.307,19.69],[98.018,19.789],[98.008,19.639],[97.84,19.555],[97.767,19.398],[97.811,19.112],[97.658,18.926],[97.719,18.865],[97.76,18.623],[97.438,18.488],[97.562,18.331],[97.752,17.981],[97.686,17.881],[97.769,17.679],[97.992,17.496],[98.101,17.303],[98.313,17.052],[98.509,16.893],[98.457,16.723],[98.632,16.463],[98.682,16.273],[98.843,16.438],[98.884,16.259],[98.798,16.104],[98.659,16.116],[98.584,15.977],[98.543,15.735],[98.56,15.355],[98.403,15.36],[98.283,15.29],[98.16,15.106],[98.243,14.805],[98.418,14.608],[98.548,14.378],[98.945,14.069],[99.153,13.715],[99.188,13.427],[99.173,13.2],[99.102,13.171],[99.224,12.717],[99.394,12.59],[99.387,12.466],[99.561,11.873],[99.63,11.816],[99.243,11.198],[99.213,11.108],[98.98,10.918],[98.767,10.689],[98.791,10.52],[98.747,10.351],[98.59,10.042],[98.491,10.204],[98.528,10.364],[98.459,10.715],[98.704,10.916],[98.759,11.269],[98.698,11.388],[98.684,11.683],[98.61,11.731],[98.72,11.964],[98.54,12.261],[98.668,12.675],[98.59,12.92],[98.578,13.187],[98.5,13.249],[98.394,13.543],[98.245,13.714],[98.103,13.701],[98.062,14.01],[98.109,14.133],[97.994,14.331],[97.925,14.613],[97.795,14.88],[97.807,15.175],[97.743,15.267],[97.787,15.419],[97.712,15.888],[97.576,16.022],[97.651,16.271],[97.674,16.533],[97.403,16.517],[97.255,16.698],[97.199,16.997],[97.069,17.251],[96.849,17.213],[96.91,17.067],[96.801,16.737],[96.616,16.518],[96.336,16.439],[96.285,16.366],[96.068,16.31],[95.98,16.223],[95.756,16.145],[95.665,15.949],[95.416,15.723],[95.174,15.778],[95.115,15.894],[94.976,15.764],[94.859,15.783],[94.835,15.949],[94.659,15.854],[94.562,15.962],[94.684,16.209],[94.507,16.19],[94.34,15.996],[94.215,16.158],[94.273,16.538],[94.403,16.788],[94.379,16.887],[94.573,17.311],[94.595,17.615],[94.447,17.973],[94.491,18.072],[94.417,18.314],[94.28,18.48],[94.183,18.786],[93.866,18.895],[93.679,19.02],[93.665,19.306],[93.797,19.235],[93.981,19.372],[93.74,19.617],[93.566,19.917],[93.414,19.978],[93.375,20.089],[93.148,19.994],[92.772,20.201],[92.901,20.308],[92.832,20.479],[92.633,20.447],[92.381,20.7],[92.265,21.061],[92.175,21.176],[92.184,21.317],[92.323,21.462],[92.423,21.364],[92.643,21.298],[92.59,21.496],[92.576,21.978]]],[[[98.535,11.804],[98.528,11.58],[98.442,11.564],[98.382,11.776],[98.535,11.804]]],[[[98.466,12.584],[98.456,12.458],[98.302,12.338],[98.333,12.671],[98.466,12.584]]],[[[93.745,18.8],[93.645,18.679],[93.498,18.841],[93.622,18.91],[93.745,18.8]]]]},"properties":{"id":"myanmar"}},{"type":"Feature","geometry":{"type":"MultiPolygon","coordinates":[[[[92.576,21.978],[92.59,21.496],[92.643,21.298],[92.423,21.364],[92.323,21.462],[92.184,21.317],[92.175,21.176],[92.265,21.061],[92.193,20.996],[92.053,21.155],[91.96,21.424],[92.022,21.599],[91.911,21.835],[91.855,22.109],[91.676,22.535],[91.456,22.785],[91.242,22.575],[91.127,22.527],[90.955,22.576],[90.774,22.778],[90.627,23.087],[90.466,23.077],[90.507,22.942],[90.424,22.782],[90.607,22.466],[90.613,22.315],[90.46,22.092],[90.332,22.038],[90.273,21.857],[90.185,21.801],[89.887,21.9],[89.668,21.751],[89.366,21.829],[89.105,21.816],[89.06,22.13],[88.908,22.741],[88.945,22.848],[88.843,22.965],[88.946,23.174],[88.686,23.293],[88.719,23.468],[88.54,23.65],[88.594,23.867],[88.714,23.925],[88.674,24.083],[88.738,24.287],[88.475,24.315],[88.139,24.495],[88.022,24.646],[88.219,24.935],[88.314,24.868],[88.426,25.051],[88.431,25.173],[88.899,25.169],[88.772,25.502],[88.53,25.5],[88.419,25.654],[88.074,25.908],[88.164,26.14],[88.309,26.206],[88.449,26.353],[88.656,26.415],[88.808,26.233],[89.044,26.381],[89.132,26.134],[89.351,25.997],[89.549,25.969],[89.573,26.161],[89.658,26.208],[89.814,25.996],[89.783,25.814],[89.834,25.635],[89.795,25.374],[89.908,25.297],[90.365,25.15],[90.822,25.142],[91.236,25.202],[91.471,25.134],[92.034,25.182],[92.304,25.074],[92.458,24.953],[92.381,24.837],[92.252,24.903],[92.108,24.406],[91.95,24.375],[91.906,24.261],[91.597,24.105],[91.363,24.1],[91.216,23.908],[91.141,23.612],[91.221,23.478],[91.301,23.142],[91.464,23.184],[91.537,22.982],[91.695,22.988],[91.796,23.089],[91.744,23.272],[91.941,23.495],[91.916,23.65],[92.151,23.732],[92.253,23.609],[92.357,23.289],[92.352,22.96],[92.496,22.696],[92.577,22.169],[92.576,21.978]]],[[[90.791,22.495],[90.855,22.435],[90.836,22.178],[90.604,22.044],[90.688,22.378],[90.647,22.548],[90.559,22.603],[90.651,22.787],[90.791,22.495]]]]},"properties":{"id":"bangladesh"}},{"type":"Feature","geometry":{"type":"Polygon","coordinates":[[[1.707,42.503],[1.448,42.435],[1.429,42.595],[1.722,42.61],[1.707,42.503]]]},"properties":{"id":"andorra"}},{"type":"Feature","geometry":{"type":"Polygon","coordinates":[[[74.542,37.022],[74.394,36.994],[74.094,36.831],[73.64,36.897],[72.565,36.821],[72.214,36.726],[71.859,36.494],[71.629,36.46],[71.171,36.027],[71.342,35.947],[71.593,35.549],[71.622,35.43],[71.53,35.301],[71.634,35.203],[71.46,34.943],[71.289,34.875],[71.081,34.673],[70.971,34.469],[71.122,34.357],[71.063,34.054],[70.862,33.965],[70.522,33.939],[70.003,34.044],[69.841,33.942],[69.958,33.753],[70.118,33.717],[70.151,33.526],[70.294,33.319],[69.881,33.089],[69.548,33.075],[69.429,32.667],[69.228,32.421],[69.299,31.938],[69.004,31.651],[68.777,31.619],[68.676,31.775],[68.527,31.823],[68.356,31.763],[68.126,31.811],[68.047,31.688],[67.871,31.635],[67.597,31.426],[67.749,31.328],[67.346,31.208],[67.023,31.239],[66.943,31.315],[66.697,31.196],[66.55,30.977],[66.366,30.923],[66.268,30.601],[66.322,30.437],[66.301,30.226],[66.219,30.058],[66.341,29.957],[66.196,29.835],[65.036,29.54],[64.478,29.57],[64.173,29.484],[64.086,29.387],[63.569,29.497],[62.478,29.408],[62.374,29.425],[60.844,29.858],[61.785,30.831],[61.826,31.035],[61.661,31.382],[60.822,31.495],[60.775,32.027],[60.83,32.249],[60.578,32.994],[60.568,33.151],[60.819,33.405],[60.88,33.549],[60.656,33.56],[60.512,33.638],[60.487,34.094],[60.644,34.307],[60.89,34.319],[60.714,34.537],[60.948,34.638],[61.065,34.815],[61.116,35.06],[61.108,35.278],[61.29,35.548],[61.27,35.618],[61.539,35.452],[62.034,35.424],[62.219,35.306],[62.302,35.148],[62.459,35.282],[62.694,35.248],[63.08,35.437],[63.125,35.86],[63.343,35.856],[63.602,35.963],[63.766,35.977],[64.266,36.152],[64.445,36.25],[64.606,36.461],[64.592,36.621],[64.779,36.938],[64.76,37.093],[65.063,37.233],[65.501,37.242],[65.624,37.345],[65.669,37.521],[66.08,37.441],[66.294,37.331],[66.52,37.364],[67.006,37.384],[67.237,37.192],[67.645,37.251],[67.781,37.189],[68.011,36.931],[68.307,37.114],[69.005,37.306],[69.124,37.169],[69.324,37.121],[69.445,37.236],[69.384,37.453],[69.529,37.586],[69.895,37.618],[70.129,37.532],[70.283,37.705],[70.165,37.89],[70.483,38.137],[70.596,38.338],[70.761,38.444],[70.987,38.471],[71.365,38.207],[71.256,37.95],[71.598,37.898],[71.497,37.567],[71.487,37.267],[71.431,37.067],[71.611,36.705],[71.837,36.699],[72.26,36.967],[72.658,37.029],[72.831,37.24],[73.088,37.326],[73.296,37.465],[73.485,37.481],[73.753,37.428],[73.798,37.229],[74.163,37.33],[74.224,37.403],[74.66,37.394],[74.892,37.231],[74.487,37.226],[74.414,37.108],[74.542,37.022]]]},"properties":{"id":"afghanistan"}},{"type":"Feature","geometry":{"type":"Polygon","coordinates":[[[18.496,42.416],[18.437,42.559],[18.538,42.618],[18.453,42.993],[18.639,43.02],[18.68,43.249],[18.899,43.352],[18.911,43.507],[19.195,43.533],[19.619,43.168],[19.95,43.086],[20.337,42.907],[20.345,42.827],[20.076,42.773],[20.065,42.547],[19.836,42.47],[19.738,42.624],[19.605,42.585],[19.272,42.181],[19.375,42.095],[19.365,41.852],[19.17,41.938],[19.139,42.042],[18.715,42.325],[18.684,42.459],[18.496,42.416]]]},"properties":{"id":"montenegro"}},{"type":"Feature","geometry":{"type":"Polygon","coordinates":[[[17.653,42.891],[17.581,42.942],[17.587,43.082],[17.442,43.152],[17.268,43.353],[17.239,43.478],[17.085,43.513],[16.713,43.772],[16.679,43.841],[16.216,44.208],[16.116,44.521],[15.896,44.719],[15.717,44.786],[15.78,45.16],[16.029,45.205],[16.213,45.031],[16.341,45.006],[16.482,45.2],[16.786,45.179],[16.924,45.285],[17.187,45.149],[17.836,45.064],[17.988,45.144],[18.238,45.157],[18.466,45.074],[18.617,45.098],[19.016,44.866],[19.174,44.925],[19.369,44.887],[19.328,44.734],[19.107,44.383],[19.177,44.287],[19.619,44.036],[19.229,43.958],[19.462,43.762],[19.363,43.602],[19.195,43.533],[18.911,43.507],[18.899,43.352],[18.68,43.249],[18.639,43.02],[18.453,42.993],[18.538,42.618],[18.437,42.559],[18.224,42.628],[17.653,42.891]]]},"properties":{"id":"bosnia-and-herzegovina"}},{"type":"Feature","geometry":{"type":"Polygon","coordinates":[[[30.472,-1.067],[30.353,-1.061],[30.147,-1.345],[29.898,-1.47],[29.807,-1.325],[29.578,-1.388],[29.556,-0.919],[29.65,-0.504],[29.629,-0.442],[29.712,0.1],[29.801,0.172],[29.833,0.337],[29.94,0.498],[29.928,0.785],[30.145,0.903],[30.269,1.167],[30.478,1.239],[30.682,1.5],[31.026,1.778],[31.243,2.051],[31.267,2.173],[31.178,2.303],[30.872,2.332],[30.725,2.441],[30.739,2.603],[30.855,2.893],[30.745,3.036],[30.804,3.246],[30.91,3.393],[30.84,3.49],[30.944,3.679],[31.141,3.785],[31.295,3.774],[31.505,3.66],[31.669,3.705],[31.781,3.816],[31.944,3.591],[32.175,3.521],[32.188,3.619],[32.372,3.731],[32.756,3.769],[33.017,3.877],[33.195,3.757],[33.533,3.774],[33.977,4.22],[34.107,3.96],[34.279,3.71],[34.44,3.668],[34.382,3.466],[34.445,3.159],[34.546,3.097],[34.575,2.946],[34.73,2.853],[34.819,2.598],[34.924,2.477],[34.866,2.348],[34.968,2.102],[34.979,1.676],[34.779,1.389],[34.798,1.232],[34.684,1.209],[34.477,1.065],[34.431,0.894],[34.252,0.655],[34.15,0.604],[34.088,0.367],[33.894,0.11],[33.954,-0.154],[33.895,-0.663],[33.904,-1.003],[32.358,-1.003],[30.828,-1.003],[30.639,-1.073],[30.472,-1.067]]]},"properties":{"id":"uganda"}},{"type":"Feature","geometry":{"type":"MultiPolygon","coordinates":[[[[-75.095,19.897],[-75.605,19.892],[-75.722,19.958],[-75.98,19.952],[-76.248,19.991],[-76.524,19.944],[-76.866,19.938],[-76.959,19.891],[-77.324,19.9],[-77.673,19.829],[-77.716,19.917],[-77.401,20.198],[-77.113,20.368],[-77.113,20.512],[-77.315,20.709],[-77.493,20.677],[-78.066,20.712],[-78.272,20.901],[-78.495,21.048],[-78.608,21.494],[-78.745,21.637],[-79.209,21.548],[-79.472,21.602],[-79.639,21.688],[-80.039,21.747],[-80.514,22.056],[-80.905,22.046],[-81.275,22.11],[-81.88,22.26],[-82.138,22.372],[-82.119,22.432],[-81.684,22.464],[-81.643,22.573],[-81.878,22.68],[-82.633,22.68],[-82.801,22.623],[-83.26,22.342],[-83.415,22.186],[-83.561,22.205],[-83.925,22.172],[-84.042,21.918],[-84.305,21.885],[-84.466,21.77],[-84.508,22.049],[-84.391,22.353],[-84.021,22.679],[-83.369,22.894],[-83.208,23.003],[-82.576,23.054],[-82.219,23.194],[-81.581,23.158],[-81.481,23.1],[-81.272,23.142],[-81.185,23.052],[-80.622,23.09],[-80.557,23.007],[-80.28,22.912],[-80.025,22.947],[-79.988,22.884],[-79.695,22.749],[-79.512,22.535],[-79.342,22.413],[-79.149,22.378],[-78.782,22.391],[-78.381,22.247],[-78.301,22.164],[-78.065,22.087],[-77.895,21.877],[-77.665,21.781],[-77.519,21.812],[-77.33,21.766],[-77.171,21.479],[-77.107,21.603],[-76.963,21.473],[-76.571,21.282],[-76.388,21.284],[-76.058,21.11],[-75.684,21.103],[-75.578,21.013],[-75.77,20.836],[-75.448,20.691],[-75.394,20.739],[-74.998,20.701],[-74.605,20.486],[-74.401,20.307],[-74.214,20.311],[-74.142,20.183],[-74.267,20.068],[-74.813,20.037],[-75.095,19.897]]],[[[-82.568,21.637],[-82.595,21.542],[-82.906,21.437],[-83.073,21.761],[-82.989,21.948],[-82.69,21.882],[-82.568,21.637]]]]},"properties":{"id":"cuba"}},{"type":"Feature","geometry":{"type":"Polygon","coordinates":[[[-89.362,14.415],[-89.145,14.708],[-89.228,14.835],[-89.141,15.076],[-88.973,15.14],[-88.399,15.573],[-88.221,15.726],[-88.119,15.696],[-87.909,15.868],[-87.722,15.923],[-87.51,15.799],[-87.345,15.85],[-86.879,15.764],[-86.471,15.804],[-86.338,15.781],[-86.207,15.874],[-85.995,15.901],[-85.813,16.005],[-85.489,15.87],[-85.254,15.884],[-85,15.988],[-84.662,15.866],[-84.295,15.811],[-84.025,15.535],[-84.083,15.36],[-83.905,15.384],[-83.769,15.219],[-83.574,15.16],[-83.408,15.266],[-83.254,15.045],[-83.13,14.997],[-83.39,15.031],[-83.869,14.777],[-84.024,14.758],[-84.483,14.619],[-84.699,14.675],[-84.77,14.805],[-84.904,14.817],[-85.138,14.578],[-85.158,14.338],[-85.363,14.25],[-85.432,14.133],[-85.824,13.848],[-86.097,14.044],[-86.41,13.749],[-86.727,13.768],[-86.774,13.655],[-86.704,13.299],[-86.911,13.24],[-87.03,12.996],[-87.314,12.982],[-87.362,13.113],[-87.622,13.423],[-87.817,13.407],[-87.713,13.8],[-87.808,13.909],[-88.024,13.891],[-88.088,13.981],[-88.488,13.865],[-88.495,13.975],[-88.747,14.052],[-88.966,14.191],[-89.033,14.324],[-89.362,14.415]]]},"properties":{"id":"honduras"}},{"type":"Feature","geometry":{"type":"MultiPolygon","coordinates":[[[[-78.829,1.434],[-78.57,1.196],[-78.12,0.921],[-77.893,0.823],[-77.673,0.82],[-77.646,0.716],[-77.468,0.651],[-77.424,0.408],[-77.207,0.334],[-77.117,0.358],[-76.897,0.245],[-76.737,0.273],[-76.565,0.216],[-76.408,0.255],[-76.416,0.402],[-76.312,0.459],[-76.053,0.364],[-75.927,0.181],[-75.79,0.084],[-75.647,0.085],[-75.283,-0.107],[-75.455,-0.161],[-75.485,-0.248],[-75.406,-0.442],[-75.272,-0.526],[-75.297,-0.747],[-75.227,-0.97],[-75.413,-0.924],[-75.56,-1.503],[-76.091,-2.129],[-76.685,-2.574],[-77.868,-2.99],[-78.196,-3.364],[-78.355,-3.446],[-78.502,-3.954],[-78.682,-4.327],[-78.673,-4.551],[-78.853,-4.652],[-78.9,-4.844],[-79.009,-4.96],[-79.303,-4.961],[-79.451,-4.81],[-79.507,-4.532],[-79.658,-4.439],[-79.796,-4.485],[-80.08,-4.309],[-80.205,-4.298],[-80.408,-4.478],[-80.489,-4.396],[-80.481,-3.999],[-80.305,-4.005],[-80.181,-3.908],[-80.266,-3.426],[-80.341,-3.393],[-80.136,-3.328],[-80.06,-3.204],[-79.943,-3.177],[-79.835,-2.807],[-79.725,-2.57],[-79.879,-2.492],[-80.232,-2.629],[-80.278,-2.727],[-80.468,-2.618],[-80.657,-2.416],[-80.914,-2.319],[-80.951,-2.238],[-80.745,-2.103],[-80.733,-1.904],[-80.85,-1.616],[-80.744,-1.344],[-80.916,-1.066],[-80.816,-0.946],[-80.616,-0.941],[-80.422,-0.6],[-80.496,-0.381],[-80.371,-0.223],[-80.232,-0.14],[-80.066,0.052],[-80.044,0.459],[-80.076,0.816],[-79.862,0.876],[-79.766,0.955],[-79.572,0.984],[-79.457,1.072],[-79.147,1.11],[-79.072,1.21],[-78.893,1.245],[-78.829,1.434]]],[[[-80.06,-2.663],[-79.946,-2.707],[-80.131,-3.021],[-80.272,-2.996],[-80.211,-2.725],[-80.06,-2.663]]],[[[-89.308,-0.686],[-89.273,-0.76],[-89.435,-0.929],[-89.605,-0.883],[-89.413,-0.713],[-89.308,-0.686]]],[[[-90.192,-0.538],[-90.199,-0.682],[-90.337,-0.777],[-90.545,-0.682],[-90.488,-0.525],[-90.286,-0.494],[-90.192,-0.538]]],[[[-91.401,-0.453],[-91.517,-0.487],[-91.644,-0.404],[-91.669,-0.285],[-91.474,-0.249],[-91.401,-0.453]]],[[[-90.565,-0.285],[-90.74,-0.354],[-90.849,-0.276],[-90.81,-0.151],[-90.632,-0.201],[-90.565,-0.285]]],[[[-90.811,-0.731],[-90.929,-0.97],[-91.16,-1.03],[-91.4,-1.018],[-91.502,-0.896],[-91.436,-0.778],[-91.094,-0.569],[-91.236,-0.386],[-91.375,-0.282],[-91.423,-0.029],[-91.381,0.147],[-91.202,-0.028],[-91.185,-0.211],[-90.962,-0.442],[-90.956,-0.607],[-90.811,-0.731]]]]},"properties":{"id":"ecuador"}},{"type":"Feature","geometry":{"type":"Polygon","coordinates":[[[-78.829,1.434],[-79.022,1.638],[-78.846,1.822],[-78.571,1.782],[-78.586,2],[-78.703,2.19],[-78.574,2.433],[-78.334,2.647],[-78.278,2.543],[-78.087,2.511],[-78.096,2.651],[-77.95,2.675],[-77.904,2.58],[-77.752,2.627],[-77.812,2.748],[-77.621,2.928],[-77.648,3.074],[-77.509,3.195],[-77.457,3.356],[-77.205,3.621],[-77.151,3.8],[-77.425,4.005],[-77.433,4.169],[-77.32,4.547],[-77.367,4.999],[-77.359,5.297],[-77.491,5.595],[-77.327,5.621],[-77.246,5.787],[-77.353,6.026],[-77.484,6.189],[-77.378,6.319],[-77.343,6.544],[-77.411,6.694],[-77.532,6.712],[-77.701,6.918],[-77.713,7.071],[-77.896,7.235],[-77.82,7.477],[-77.58,7.528],[-77.34,7.707],[-77.377,7.787],[-77.201,7.982],[-77.48,8.526],[-77.374,8.665],[-77.275,8.496],[-77.134,8.408],[-77.053,8.276],[-76.832,8.137],[-76.907,7.93],[-76.75,7.932],[-76.732,8.079],[-76.77,8.398],[-76.894,8.62],[-76.673,8.68],[-76.256,9.007],[-76.168,9.247],[-75.91,9.428],[-75.673,9.41],[-75.576,9.621],[-75.658,9.705],[-75.574,10.074],[-75.615,10.27],[-75.516,10.319],[-75.51,10.586],[-75.307,10.71],[-75.267,10.795],[-75.036,10.917],[-74.844,11.11],[-74.503,10.974],[-74.523,10.803],[-74.362,10.776],[-74.218,11.079],[-74.187,11.317],[-74.03,11.358],[-73.826,11.277],[-73.292,11.294],[-73.055,11.494],[-72.76,11.697],[-72.433,11.796],[-72.263,11.886],[-72.145,12.093],[-72.145,12.201],[-72.005,12.263],[-71.905,12.208],[-71.669,12.434],[-71.532,12.447],[-71.242,12.328],[-71.114,12.094],[-71.328,11.85],[-71.476,11.789],[-71.971,11.662],[-72.257,11.168],[-72.481,11.133],[-72.683,10.856],[-72.754,10.675],[-72.908,10.452],[-72.988,9.999],[-72.978,9.838],[-73.097,9.596],[-73.178,9.523],[-73.378,9.165],[-73.212,9.173],[-73.01,9.295],[-72.936,9.099],[-72.783,9.06],[-72.675,8.652],[-72.384,8.322],[-72.336,8.104],[-72.488,7.949],[-72.451,7.44],[-72.206,7.382],[-72.098,7.087],[-71.833,6.986],[-71.62,7.052],[-71.284,7.019],[-71.166,6.968],[-70.896,7.069],[-70.579,7.086],[-70.319,6.938],[-70.129,6.973],[-69.444,6.122],[-69.246,6.081],[-69.061,6.218],[-68.635,6.136],[-68.449,6.195],[-68.304,6.177],[-67.924,6.235],[-67.839,6.308],[-67.574,6.266],[-67.49,6.202],[-67.421,6.018],[-67.601,5.821],[-67.649,5.702],[-67.647,5.483],[-67.844,5.297],[-67.793,5.063],[-67.855,4.566],[-67.805,4.268],[-67.632,3.762],[-67.471,3.68],[-67.404,3.504],[-67.305,3.426],[-67.452,3.244],[-67.839,2.886],[-67.627,2.813],[-67.325,2.475],[-67.198,2.402],[-67.218,2.285],[-67.135,2.003],[-66.981,1.666],[-66.875,1.223],[-67.065,1.173],[-67.098,1.253],[-67.074,1.541],[-67.117,1.71],[-67.366,2.115],[-67.593,2.055],[-67.79,1.813],[-67.929,1.741],[-68.059,1.816],[-68.201,2.008],[-68.261,1.858],[-68.163,1.721],[-69.352,1.72],[-69.58,1.77],[-69.849,1.669],[-69.852,1.059],[-69.75,1.091],[-69.274,1.028],[-69.152,0.868],[-69.226,0.615],[-69.504,0.73],[-69.619,0.651],[-70.054,0.588],[-70.074,-0.125],[-69.944,-0.305],[-69.632,-0.507],[-69.628,-0.733],[-69.45,-0.997],[-69.399,-1.183],[-69.654,-2.589],[-69.8,-3.395],[-69.965,-4.236],[-70.188,-4.029],[-70.311,-3.829],[-70.464,-3.879],[-70.734,-3.782],[-70.051,-2.715],[-70.236,-2.625],[-70.358,-2.487],[-70.553,-2.428],[-70.993,-2.197],[-71.22,-2.342],[-71.387,-2.369],[-71.456,-2.255],[-71.768,-2.142],[-71.966,-2.328],[-72.161,-2.406],[-72.397,-2.447],[-72.644,-2.334],[-72.943,-2.419],[-73.199,-2.194],[-73.111,-2.073],[-73.186,-1.8],[-73.387,-1.761],[-73.531,-1.674],[-73.497,-1.478],[-73.637,-1.255],[-73.881,-1.191],[-73.914,-1.123],[-74.289,-0.943],[-74.413,-0.573],[-74.825,-0.17],[-74.968,-0.19],[-75.142,-0.043],[-75.283,-0.107],[-75.647,0.085],[-75.79,0.084],[-75.927,0.181],[-76.053,0.364],[-76.312,0.459],[-76.416,0.402],[-76.408,0.255],[-76.565,0.216],[-76.737,0.273],[-76.897,0.245],[-77.117,0.358],[-77.207,0.334],[-77.424,0.408],[-77.468,0.651],[-77.646,0.716],[-77.673,0.82],[-77.893,0.823],[-78.12,0.921],[-78.57,1.196],[-78.829,1.434]]]},"properties":{"id":"colombia"}},{"type":"Feature","geometry":{"type":"Polygon","coordinates":[[[-62.65,-22.234],[-62.276,-21.067],[-62.269,-20.553],[-61.944,-20.104],[-61.761,-19.658],[-60.006,-19.298],[-59.09,-19.287],[-58.175,-19.821],[-58.159,-20.165],[-58.083,-20.376],[-57.989,-20.433],[-57.991,-20.621],[-57.86,-20.73],[-57.909,-20.882],[-57.825,-20.999],[-57.856,-21.331],[-57.93,-21.453],[-57.896,-21.688],[-57.987,-22.035],[-57.844,-22.144],[-57.227,-22.191],[-56.843,-22.289],[-56.655,-22.237],[-56.422,-22.074],[-56.197,-22.279],[-55.893,-22.307],[-55.752,-22.416],[-55.724,-22.57],[-55.631,-22.627],[-55.638,-23.001],[-55.535,-23.229],[-55.531,-23.603],[-55.445,-23.735],[-55.43,-23.929],[-55.201,-24.02],[-54.944,-23.969],[-54.613,-23.811],[-54.245,-24.051],[-54.335,-24.149],[-54.261,-24.329],[-54.321,-24.628],[-54.462,-25.037],[-54.43,-25.131],[-54.61,-25.433],[-54.6,-25.575],[-54.588,-25.811],[-54.662,-25.98],[-54.638,-26.197],[-54.706,-26.442],[-54.975,-26.788],[-55.431,-26.996],[-55.599,-27.183],[-55.607,-27.346],[-55.755,-27.444],[-55.913,-27.328],[-56.125,-27.299],[-56.28,-27.39],[-56.368,-27.581],[-56.546,-27.455],[-56.772,-27.507],[-56.904,-27.419],[-57.18,-27.487],[-57.387,-27.403],[-57.536,-27.407],[-57.709,-27.33],[-58.054,-27.259],[-58.511,-27.278],[-58.565,-27.116],[-58.46,-26.928],[-58.329,-26.884],[-58.248,-26.758],[-58.206,-26.403],[-58.087,-26.127],[-57.873,-26.01],[-57.754,-25.673],[-57.616,-25.609],[-57.565,-25.43],[-57.754,-25.181],[-58.224,-24.941],[-58.312,-24.994],[-58.473,-24.851],[-58.809,-24.777],[-59.001,-24.644],[-59.341,-24.488],[-59.54,-24.309],[-60.034,-24.007],[-60.328,-24.018],[-60.632,-23.892],[-60.838,-23.872],[-61.016,-23.797],[-61.11,-23.607],[-61.297,-23.481],[-61.492,-23.413],[-61.605,-23.289],[-61.956,-23.034],[-62.171,-22.717],[-62.287,-22.484],[-62.368,-22.464],[-62.65,-22.234]]]},"properties":{"id":"paraguay"}},{"type":"Feature","geometry":{"type":"Polygon","coordinates":[[[-57.642,-30.193],[-57.612,-30.183],[-57.603,-30.191],[-57.642,-30.193]]]},"properties":{"id":"brazilian-island"}},{"type":"Feature","geometry":{"type":"MultiPolygon","coordinates":[[[[-7.414,37.193],[-7.787,37.023],[-7.981,37.002],[-8.179,37.088],[-8.627,37.121],[-8.879,37.047],[-8.881,37.232],[-8.798,37.49],[-8.797,37.845],[-8.868,37.974],[-8.774,38.187],[-8.795,38.359],[-8.906,38.512],[-9.2,38.412],[-9.253,38.665],[-9.492,38.708],[-9.437,39.029],[-9.351,39.197],[-9.353,39.368],[-9.09,39.579],[-8.868,40.125],[-8.907,40.179],[-8.714,40.709],[-8.655,40.994],[-8.775,41.468],[-8.88,41.737],[-8.751,41.969],[-8.627,42.051],[-8.222,42.154],[-8.108,42.011],[-8.232,41.886],[-8.049,41.816],[-7.722,41.899],[-7.588,41.824],[-7.251,41.864],[-7.145,41.987],[-6.657,41.933],[-6.524,41.867],[-6.555,41.675],[-6.366,41.664],[-6.206,41.57],[-6.496,41.295],[-6.647,41.268],[-6.804,41.064],[-6.942,41.016],[-6.837,40.84],[-6.857,40.442],[-6.794,40.356],[-7.043,40.181],[-6.88,40.009],[-7.036,39.689],[-7.557,39.68],[-7.314,39.457],[-7.244,39.196],[-6.973,39.014],[-7.056,38.855],[-7.27,38.738],[-7.359,38.446],[-7.127,38.191],[-6.948,38.197],[-7.024,38.023],[-7.269,37.949],[-7.53,37.567],[-7.414,37.193]]],[[[-16.789,32.687],[-16.977,32.647],[-17.241,32.779],[-16.92,32.841],[-16.789,32.687]]],[[[-25.198,37.864],[-25.195,37.741],[-25.506,37.707],[-25.681,37.843],[-25.198,37.864]]],[[[-28.109,38.447],[-28.242,38.378],[-28.46,38.406],[-28.375,38.55],[-28.109,38.447]]]]},"properties":{"id":"portugal"}},{"type":"Feature","geometry":{"type":"Polygon","coordinates":[[[26.618,48.259],[26.843,48.394],[27.176,48.362],[27.504,48.472],[27.752,48.452],[27.926,48.339],[28.294,48.236],[28.501,48.113],[28.799,48.112],[28.981,47.926],[29.187,47.818],[29.117,47.533],[29.368,47.308],[29.579,47.284],[29.559,46.946],[29.931,46.803],[29.899,46.553],[30.081,46.374],[29.848,46.341],[29.481,46.425],[29.201,46.357],[29.163,46.538],[28.946,46.455],[28.933,46.273],[29.015,46.183],[28.932,45.993],[28.758,45.961],[28.67,45.777],[28.474,45.658],[28.481,45.502],[28.199,45.462],[28.086,46.001],[28.247,46.436],[28.234,46.662],[28.083,46.972],[27.807,47.145],[27.428,47.581],[27.272,47.715],[27.212,47.89],[26.805,48.258],[26.618,48.259]]]},"properties":{"id":"moldova"}},{"type":"Feature","geometry":{"type":"Polygon","coordinates":[[[61.27,35.618],[61.247,35.876],[61.174,36.006],[61.223,36.118],[61.152,36.406],[61.186,36.578],[61.075,36.648],[60.342,36.637],[60.019,37.026],[59.501,37.19],[59.37,37.319],[59.352,37.494],[58.861,37.668],[58.549,37.702],[58.372,37.63],[58.174,37.782],[57.691,37.92],[57.352,37.968],[57.218,38.265],[57.038,38.187],[56.739,38.27],[56.436,38.255],[56.3,38.08],[55.978,38.066],[55.709,38.119],[55.423,38.076],[55.13,37.952],[54.857,37.761],[54.784,37.517],[54.187,37.324],[53.914,37.343],[53.825,37.745],[53.807,38.032],[53.859,38.206],[53.836,38.606],[53.971,38.934],[53.564,39.217],[53.581,39.33],[53.089,39.383],[53.254,39.521],[53.447,39.531],[53.533,39.632],[53.43,39.763],[53.567,39.95],[53.437,40.003],[52.884,39.945],[52.738,40.054],[52.699,40.274],[52.737,40.485],[52.931,40.976],[53.107,40.774],[53.542,40.762],[53.721,40.626],[54.311,40.731],[54.248,40.875],[54.64,40.839],[54.76,40.965],[54.6,41.192],[54.312,41.338],[54.041,41.535],[54.02,41.732],[53.897,42.079],[53.682,42.144],[53.122,42.09],[52.96,41.984],[52.782,41.726],[52.917,41.674],[52.813,41.379],[52.562,41.519],[52.593,41.646],[52.438,41.749],[52.979,42.127],[53.412,42.258],[54.047,42.345],[54.195,42.318],[54.738,42.048],[54.907,41.932],[54.951,41.796],[55.228,41.473],[55.43,41.291],[55.635,41.264],[55.978,41.322],[56.793,41.288],[57.01,41.254],[57.033,41.438],[56.96,41.647],[56.95,41.866],[57.382,42.164],[57.85,42.191],[57.998,42.493],[58.283,42.689],[58.493,42.645],[58.612,42.781],[58.894,42.548],[59.122,42.538],[59.245,42.365],[59.478,42.286],[59.866,42.304],[60.028,42.2],[59.984,41.949],[60.229,41.82],[60.049,41.753],[60.156,41.603],[60.094,41.39],[60.415,41.235],[60.86,41.253],[61.316,41.17],[61.411,41.292],[61.654,41.249],[61.971,41.015],[62.045,40.715],[62.192,40.499],[62.344,40.439],[62.453,40.009],[62.593,39.89],[63.478,39.403],[63.709,39.191],[64.121,38.962],[64.337,38.971],[64.635,38.744],[64.978,38.612],[65.205,38.45],[65.604,38.237],[65.877,38.273],[66.554,38.027],[66.646,37.946],[66.519,37.783],[66.52,37.364],[66.294,37.331],[66.08,37.441],[65.669,37.521],[65.624,37.345],[65.501,37.242],[65.063,37.233],[64.76,37.093],[64.779,36.938],[64.592,36.621],[64.606,36.461],[64.445,36.25],[64.266,36.152],[63.766,35.977],[63.602,35.963],[63.343,35.856],[63.125,35.86],[63.08,35.437],[62.694,35.248],[62.459,35.282],[62.302,35.148],[62.219,35.306],[62.034,35.424],[61.539,35.452],[61.27,35.618]]]},"properties":{"id":"turkmenistan"}},{"type":"Feature","geometry":{"type":"Polygon","coordinates":[[[35.612,32.682],[35.896,32.713],[36.066,32.517],[36.188,32.522],[36.373,32.386],[36.819,32.317],[37.587,32.74],[38.775,33.372],[39.057,32.497],[39.046,32.308],[39.236,32.353],[39.292,32.245],[39.146,32.118],[38.963,31.994],[37.95,31.744],[36.96,31.491],[37.48,31.007],[37.981,30.499],[37.635,30.313],[37.47,29.995],[36.756,29.866],[36.477,29.495],[36.016,29.19],[34.949,29.352],[34.956,29.559],[35.145,30.155],[35.14,30.43],[35.438,31.104],[35.396,31.258],[35.459,31.492],[35.458,31.492],[35.459,31.492],[35.559,31.765],[35.525,31.919],[35.561,32.385],[35.612,32.682]]]},"properties":{"id":"jordan"}},{"type":"Feature","geometry":{"type":"Polygon","coordinates":[[[88.118,27.861],[88.16,27.774],[88.023,27.495],[88.029,27.298],[87.969,27.111],[88.155,26.846],[88.168,26.725],[88.007,26.37],[87.871,26.461],[87.587,26.378],[87.384,26.419],[87.326,26.353],[87.083,26.432],[87.041,26.58],[86.822,26.438],[86.695,26.418],[86.284,26.612],[86.011,26.654],[85.822,26.572],[85.713,26.653],[85.599,26.854],[85.287,26.737],[85.162,26.851],[85.044,26.844],[84.802,27.014],[84.64,27.028],[84.658,27.203],[84.577,27.329],[84.289,27.376],[84.117,27.513],[83.834,27.434],[83.361,27.462],[83.305,27.332],[83.133,27.444],[82.752,27.495],[82.652,27.704],[82.402,27.677],[82.05,27.906],[81.856,27.851],[81.282,28.192],[81.146,28.372],[81,28.397],[80.498,28.67],[80.35,28.62],[80.036,28.837],[80.133,29.11],[80.279,29.268],[80.214,29.417],[80.385,29.605],[80.369,29.758],[80.476,29.806],[80.83,30.117],[80.996,30.197],[81.098,30.017],[81.195,30.004],[81.483,30.332],[81.636,30.411],[81.779,30.358],[82.089,30.33],[82.128,30.124],[82.542,29.923],[82.837,29.66],[83.174,29.621],[83.328,29.485],[83.517,29.192],[83.946,29.292],[84.099,29.247],[84.231,29.026],[84.235,28.9],[84.451,28.734],[84.616,28.694],[84.799,28.547],[84.928,28.538],[85.055,28.639],[85.168,28.583],[85.08,28.319],[85.345,28.261],[85.432,28.297],[85.848,28.159],[85.98,27.885],[86.218,27.995],[86.439,27.911],[86.544,28.093],[86.662,28.107],[86.893,27.954],[87.031,27.938],[87.156,27.826],[87.727,27.808],[87.826,27.907],[88.118,27.861]]]},"properties":{"id":"nepal"}},{"type":"Feature","geometry":{"type":"Polygon","coordinates":[[[28.981,-28.909],[29.312,-29.09],[29.436,-29.342],[29.304,-29.467],[29.279,-29.614],[29.161,-29.667],[29.151,-29.911],[28.86,-30.066],[28.364,-30.159],[28.216,-30.267],[28.218,-30.387],[28.055,-30.65],[27.714,-30.584],[27.459,-30.317],[27.368,-30.295],[27.015,-29.626],[27.242,-29.549],[27.418,-29.397],[27.453,-29.292],[27.665,-29.066],[27.747,-28.909],[28.019,-28.857],[28.155,-28.702],[28.403,-28.619],[28.667,-28.597],[28.981,-28.909]]]},"properties":{"id":"lesotho"}},{"type":"Feature","geometry":{"type":"Polygon","coordinates":[[[11.322,2.166],[9.991,2.166],[9.811,2.265],[9.8,2.342],[9.878,2.881],[9.958,3.082],[9.92,3.228],[9.781,3.437],[9.642,3.539],[9.579,4.013],[9.448,3.906],[8.983,4.092],[8.919,4.318],[8.894,4.595],[8.702,4.501],[8.505,4.551],[8.521,4.656],[8.568,4.696],[8.58,4.745],[8.578,4.805],[8.594,4.815],[8.595,4.815],[8.602,4.881],[8.799,5.16],[8.894,5.622],[8.819,5.703],[8.856,5.847],[9.273,6.203],[9.327,6.299],[9.588,6.503],[9.693,6.531],[9.77,6.774],[9.875,6.788],[10.119,6.994],[10.238,6.871],[10.496,6.875],[10.603,7.058],[10.832,6.945],[10.877,6.816],[11.056,6.7],[11.097,6.449],[11.319,6.437],[11.51,6.612],[11.623,6.932],[11.881,7.102],[11.78,7.241],[11.845,7.396],[12.025,7.597],[12.055,7.784],[12.198,7.975],[12.25,8.419],[12.404,8.497],[12.411,8.598],[12.66,8.659],[12.806,8.832],[12.822,9.097],[12.888,9.227],[12.862,9.383],[12.982,9.475],[13.195,9.542],[13.263,9.802],[13.213,9.87],[13.248,10.079],[13.435,10.153],[13.566,10.679],[13.744,10.93],[13.755,11.017],[13.982,11.276],[14.165,11.238],[14.594,11.496],[14.547,11.719],[14.67,12.167],[14.514,12.324],[14.189,12.37],[14.177,12.546],[14.065,13.078],[14.418,13.081],[14.505,12.969],[14.549,12.78],[14.819,12.639],[14.908,12.327],[14.903,12.146],[15.049,12.085],[15.068,11.7],[15.136,11.531],[15.076,11.453],[15.021,11.183],[15.066,10.793],[15.301,10.312],[15.536,10.081],[15.681,9.991],[15.383,9.93],[15.215,9.984],[14.732,9.924],[14.44,9.995],[14.182,9.978],[13.948,9.638],[14.321,9.243],[14.35,9.168],[14.794,8.814],[15.031,8.659],[15.184,8.479],[15.345,8.136],[15.441,7.839],[15.563,7.792],[15.481,7.523],[15.433,7.39],[15.224,7.248],[15.035,6.777],[14.932,6.71],[14.719,6.258],[14.535,6.19],[14.389,6.031],[14.482,5.91],[14.585,5.923],[14.631,5.738],[14.597,5.411],[14.524,5.28],[14.652,5.188],[14.717,4.622],[15.001,4.403],[15.103,4.112],[15.085,3.886],[15.171,3.759],[15.786,3.108],[15.914,3.098],[16.092,2.863],[16.063,2.703],[16.113,2.41],[16.197,2.236],[16.083,2.138],[16.065,1.979],[16.159,1.735],[15.89,1.793],[15.765,1.909],[15.483,1.976],[15.349,1.923],[15.213,2.04],[15.092,1.984],[14.871,2.102],[14.706,2.106],[14.562,2.209],[14.419,2.135],[14.267,2.152],[13.295,2.161],[13.243,2.271],[12.75,2.237],[12.334,2.31],[12.203,2.28],[11.753,2.282],[11.671,2.321],[11.352,2.301],[11.322,2.166]]]},"properties":{"id":"cameroon"}},{"type":"Feature","geometry":{"type":"Polygon","coordinates":[[[13.295,2.161],[13.207,1.994],[13.13,1.592],[13.239,1.428],[13.25,1.222],[13.399,1.297],[13.543,1.283],[13.795,1.434],[14.184,1.381],[14.275,1.156],[14.468,0.913],[14.448,0.816],[14.245,0.548],[14.076,0.539],[13.871,0.196],[13.921,-0.053],[13.831,-0.205],[14.121,-0.302],[14.16,-0.455],[14.293,-0.436],[14.499,-0.631],[14.392,-1.023],[14.482,-1.389],[14.374,-1.604],[14.369,-1.922],[14.252,-1.968],[14.238,-2.12],[14.151,-2.259],[14.081,-2.5],[13.846,-2.467],[13.864,-2.321],[13.771,-2.119],[13.593,-2.327],[13.445,-2.427],[13.012,-2.342],[12.907,-2.195],[12.805,-1.919],[12.632,-1.825],[12.423,-1.898],[12.5,-2.096],[12.459,-2.33],[12.062,-2.415],[11.938,-2.329],[11.756,-2.415],[11.558,-2.349],[11.624,-2.612],[11.537,-2.798],[11.764,-2.983],[11.688,-3.171],[11.944,-3.303],[11.828,-3.548],[11.838,-3.711],[11.649,-3.673],[11.57,-3.545],[11.213,-3.697],[11.114,-3.937],[10.985,-3.715],[10.646,-3.452],[10.635,-3.314],[10.453,-3.133],[9.902,-2.7],[9.87,-2.409],[9.597,-2.352],[9.566,-2.193],[9.368,-1.995],[9.244,-1.786],[9.257,-1.471],[9.03,-1.299],[9.016,-1.17],[8.877,-0.974],[8.8,-0.734],[9.101,-0.6],[9.267,-0.412],[9.355,0.016],[9.498,0.291],[9.309,0.614],[9.52,0.684],[9.618,0.807],[9.566,0.983],[9.669,1.058],[9.804,0.998],[9.909,0.935],[10.029,1.004],[11.336,0.999],[11.322,2.166],[11.352,2.301],[11.671,2.321],[11.753,2.282],[12.203,2.28],[12.334,2.31],[12.75,2.237],[13.243,2.271],[13.295,2.161]]]},"properties":{"id":"gabon"}},{"type":"Feature","geometry":{"type":"Polygon","coordinates":[[[3.596,11.696],[3.503,11.83],[3.293,11.919],[3.255,12.019],[2.844,12.399],[2.664,12.292],[2.361,12.219],[2.39,11.897],[2.071,12.307],[2.238,12.413],[2.2,12.596],[2.109,12.706],[1.972,12.724],[1.826,12.604],[1.536,12.647],[1.114,12.996],[0.972,13.067],[0.984,13.368],[1.048,13.442],[0.951,13.583],[0.753,13.684],[0.621,13.68],[0.339,14.126],[0.389,14.252],[0.189,14.448],[0.153,14.547],[0.22,14.731],[0.218,14.911],[0.515,14.994],[0.67,14.94],[0.974,14.991],[1.332,15.284],[3,15.339],[3.073,15.427],[3.507,15.354],[3.527,15.496],[3.692,15.631],[3.846,15.685],[4.061,16.298],[4.184,16.416],[4.182,16.81],[4.236,16.996],[4.232,18.277],[4.229,19.142],[5.749,19.434],[5.838,19.479],[6.983,20.464],[7.483,20.873],[8.771,21.632],[9.723,22.193],[10.88,22.875],[11.969,23.517],[13.482,23.18],[13.6,23.119],[14.202,22.623],[14.232,22.618],[14.98,22.996],[15.172,21.993],[15.18,21.507],[15.301,21.401],[15.609,20.951],[15.544,20.799],[15.93,20.399],[15.963,20.319],[15.736,19.904],[15.623,18.63],[15.535,17.626],[15.472,16.917],[15.138,16.549],[14.369,15.75],[13.834,15.02],[13.755,14.847],[13.764,14.719],[13.648,14.649],[13.624,14.521],[13.482,14.484],[13.449,14.38],[13.607,13.704],[13.36,13.714],[13.228,13.548],[12.884,13.496],[12.683,13.289],[12.561,13.243],[12.487,13.071],[12.038,13.126],[11.853,13.245],[11.44,13.364],[10.675,13.375],[10.162,13.267],[9.93,13.146],[9.641,12.823],[9.269,12.81],[8.943,12.847],[8.679,12.924],[8.534,13.065],[8.398,13.075],[8.078,13.31],[7.756,13.327],[7.392,13.113],[7.198,13.117],[7.09,13.006],[6.937,12.995],[6.779,13.13],[6.673,13.321],[6.369,13.626],[6.12,13.654],[5.554,13.873],[5.374,13.855],[5.274,13.753],[4.925,13.733],[4.825,13.771],[4.507,13.695],[4.248,13.494],[4.126,13.473],[4.089,12.996],[3.929,12.75],[3.646,12.529],[3.624,12.094],[3.654,11.987],[3.596,11.696]]]},"properties":{"id":"niger"}},{"type":"Feature","geometry":{"type":"Polygon","coordinates":[[[2.39,11.897],[2.274,11.652],[2.015,11.432],[1.88,11.445],[1.602,11.389],[1.434,11.459],[1.268,11.248],[1.131,11.248],[1.035,11.049],[0.901,10.993],[0.487,11.003],[-0.166,11.135],[-0.406,11.101],[-0.516,10.989],[-1.07,11.014],[-1.355,10.997],[-2.751,10.986],[-2.864,10.864],[-2.933,10.634],[-2.815,10.394],[-2.765,9.896],[-2.795,9.72],[-2.689,9.489],[-2.764,9.392],[-2.91,9.543],[-2.99,9.708],[-3.137,9.83],[-3.389,9.913],[-3.662,9.949],[-3.892,9.894],[-4.27,9.744],[-4.323,9.609],[-4.681,9.682],[-4.798,9.843],[-4.966,9.901],[-5.112,10.279],[-5.403,10.301],[-5.523,10.425],[-5.431,10.845],[-5.49,11.082],[-5.322,11.136],[-5.218,11.422],[-5.308,11.629],[-5.268,11.843],[-5.074,11.981],[-4.747,12.015],[-4.436,12.302],[-4.387,12.53],[-4.483,12.646],[-4.402,12.737],[-4.276,12.715],[-4.229,12.949],[-4.351,13.118],[-4.088,13.398],[-3.799,13.347],[-3.597,13.199],[-3.249,13.293],[-3.26,13.658],[-2.895,13.652],[-2.928,13.8],[-2.841,14.043],[-2.516,14.268],[-2.386,14.265],[-2.152,14.156],[-2.023,14.199],[-1.967,14.484],[-1.697,14.496],[-1.35,14.715],[-1.043,14.818],[-0.753,15.07],[-0.468,15.08],[-0.398,15.002],[-0.237,15.066],[0.218,14.911],[0.22,14.731],[0.153,14.547],[0.189,14.448],[0.389,14.252],[0.339,14.126],[0.621,13.68],[0.753,13.684],[0.951,13.583],[1.048,13.442],[0.984,13.368],[0.972,13.067],[1.114,12.996],[1.536,12.647],[1.826,12.604],[1.972,12.724],[2.109,12.706],[2.2,12.596],[2.238,12.413],[2.071,12.307],[2.39,11.897]]]},"properties":{"id":"burkina-faso"}},{"type":"Feature","geometry":{"type":"Polygon","coordinates":[[[-0.166,11.135],[0.487,11.003],[0.901,10.993],[0.863,10.796],[0.781,10.693],[0.769,10.367],[1.331,9.996],[1.353,9.605],[1.425,9.284],[1.601,9.05],[1.621,7.997],[1.626,6.997],[1.566,6.678],[1.744,6.426],[1.782,6.277],[1.62,6.214],[1.185,6.1],[0.767,6.419],[0.715,6.584],[0.519,6.832],[0.495,6.973],[0.598,7.031],[0.646,7.324],[0.501,7.455],[0.612,7.771],[0.574,8.204],[0.705,8.283],[0.616,8.489],[0.444,8.607],[0.366,8.774],[0.506,8.866],[0.431,9.028],[0.538,9.378],[0.484,9.47],[0.223,9.535],[0.337,9.651],[0.37,9.939],[0.367,10.304],[0.177,10.398],[0.02,10.588],[-0.088,10.633],[0.016,11.063],[-0.166,11.135]]]},"properties":{"id":"togo"}},{"type":"Feature","geometry":{"type":"Polygon","coordinates":[[[-0.166,11.135],[0.016,11.063],[-0.088,10.633],[0.02,10.588],[0.177,10.398],[0.367,10.304],[0.37,9.939],[0.337,9.651],[0.223,9.535],[0.484,9.47],[0.538,9.378],[0.431,9.028],[0.506,8.866],[0.366,8.774],[0.444,8.607],[0.616,8.489],[0.705,8.283],[0.574,8.204],[0.612,7.771],[0.501,7.455],[0.646,7.324],[0.598,7.031],[0.495,6.973],[0.519,6.832],[0.715,6.584],[0.767,6.419],[1.185,6.1],[1.048,5.993],[0.914,5.777],[0.723,5.755],[0.365,5.781],[0.157,5.725],[0.035,5.628],[-0.372,5.493],[-0.507,5.369],[-0.638,5.341],[-0.8,5.215],[-0.997,5.217],[-1.234,5.101],[-1.569,5.019],[-1.749,4.877],[-2.091,4.737],[-2.357,4.92],[-2.69,5.01],[-3.12,5.091],[-3.115,5.108],[-2.844,5.149],[-2.733,5.356],[-2.782,5.579],[-2.97,5.621],[-3.118,6.163],[-3.184,6.264],[-3.263,6.617],[-3.225,6.849],[-3.046,7.071],[-2.942,7.577],[-2.84,7.82],[-2.622,8.136],[-2.506,8.209],[-2.619,8.924],[-2.775,9.055],[-2.66,9.273],[-2.689,9.489],[-2.795,9.72],[-2.765,9.896],[-2.815,10.394],[-2.933,10.634],[-2.864,10.864],[-2.751,10.986],[-1.355,10.997],[-1.07,11.014],[-0.516,10.989],[-0.406,11.101],[-0.166,11.135]]]},"properties":{"id":"ghana"}},{"type":"Feature","geometry":{"type":"Polygon","coordinates":[[[-13.728,12.673],[-13.663,12.476],[-13.712,12.268],[-13.84,12.277],[-13.965,12.148],[-13.724,12.003],[-13.725,11.723],[-14.015,11.637],[-14.279,11.665],[-14.521,11.513],[-14.687,11.511],[-14.828,11.335],[-15.021,10.967],[-15.117,10.984],[-15.207,11.125],[-15.41,11.19],[-15.507,11.358],[-15.343,11.605],[-15.469,11.606],[-15.585,11.851],[-15.83,11.748],[-15.97,11.768],[-15.982,11.921],[-16.125,11.885],[-16.323,11.995],[-16.357,12.101],[-16.576,12.283],[-16.728,12.333],[-16.382,12.374],[-16.233,12.453],[-15.677,12.439],[-15.195,12.679],[-13.728,12.673]]]},"properties":{"id":"guinea-bissau"}},{"type":"Feature","geometry":{"type":"Polygon","coordinates":[[[-5.358,36.141],[-5.339,36.141],[-5.339,36.124],[-5.35,36.119],[-5.358,36.141]]]},"properties":{"id":"gibraltar"}},{"type":"Feature","geometry":{"type":"MultiPolygon","coordinates":[[[[-122.753,48.993],[-121.115,48.993],[-119.356,48.993],[-118.037,48.993],[-116.279,48.993],[-115.18,48.993],[-113.861,48.993],[-111.663,48.993],[-109.685,48.993],[-108.585,48.993],[-106.827,48.993],[-105.728,48.993],[-104.189,48.993],[-102.87,48.993],[-101.112,48.993],[-98.914,48.993],[-96.716,48.993],[-95.177,48.993],[-95.161,49.369],[-94.839,49.309],[-94.711,48.915],[-94.593,48.726],[-94.232,48.652],[-93.875,48.636],[-93.757,48.517],[-93.492,48.542],[-93.258,48.63],[-92.98,48.618],[-92.649,48.536],[-92.303,48.311],[-92.043,48.335],[-91.957,48.228],[-91.693,48.098],[-91.428,48.036],[-90.923,48.227],[-90.786,48.1],[-90.179,48.116],[-89.98,48.01],[-89.34,47.984],[-88.643,48.257],[-88.347,48.299],[-87.784,48.077],[-86.113,47.413],[-84.879,46.898],[-84.773,46.633],[-84.589,46.475],[-84.11,46.526],[-84.159,46.433],[-84.087,46.201],[-83.965,46.063],[-83.614,46.116],[-83.466,45.993],[-83.484,45.772],[-82.589,45.372],[-82.532,45.294],[-82.34,44.452],[-82.148,43.611],[-82.411,43.051],[-82.511,42.647],[-82.8,42.418],[-83.129,42.24],[-83.157,42],[-83.068,41.848],[-82.711,41.68],[-82.425,41.677],[-81.277,42.209],[-80.247,42.365],[-79.019,42.803],[-78.915,42.948],[-79.032,43.013],[-79.058,43.278],[-79.174,43.465],[-78.688,43.632],[-76.842,43.626],[-76.455,44.084],[-76.067,44.348],[-75.87,44.409],[-75.7,44.582],[-75.27,44.864],[-74.868,45.01],[-74.713,44.999],[-73,45.006],[-71.504,45.014],[-71.395,45.242],[-71.142,45.252],[-70.723,45.471],[-70.59,45.652],[-70.419,45.717],[-70.283,45.89],[-70.313,46.08],[-70.188,46.358],[-70.074,46.42],[-70.008,46.704],[-69.268,47.44],[-69.07,47.432],[-69.04,47.249],[-68.906,47.19],[-68.54,47.3],[-68.197,47.341],[-67.962,47.198],[-67.805,47.036],[-67.785,45.96],[-67.8,45.7],[-67.45,45.611],[-67.471,45.266],[-67.356,45.166],[-67.176,45.179],[-66.977,44.816],[-67.224,44.644],[-67.573,44.618],[-68.112,44.48],[-68.46,44.462],[-68.756,44.334],[-68.965,44.432],[-69.119,44.041],[-69.263,43.93],[-69.858,43.754],[-70.012,43.856],[-70.239,43.7],[-70.205,43.561],[-70.356,43.527],[-70.376,43.397],[-70.52,43.34],[-70.812,42.893],[-70.861,42.547],[-71.038,42.308],[-70.716,42.212],[-70.545,41.941],[-70.533,41.816],[-70.275,41.715],[-70.07,41.773],[-69.978,41.682],[-70.428,41.632],[-70.504,41.564],[-70.774,41.646],[-71.186,41.469],[-71.211,41.602],[-71.356,41.746],[-71.498,41.366],[-71.898,41.347],[-72.288,41.283],[-72.779,41.27],[-73.635,41.007],[-73.82,40.839],[-73.927,40.805],[-74.096,40.655],[-74.21,40.634],[-74.283,40.497],[-73.988,40.408],[-74.04,40.028],[-74.104,40.014],[-74.168,39.699],[-74.359,39.55],[-74.836,38.963],[-74.887,39.147],[-75.129,39.188],[-75.359,39.338],[-75.394,39.056],[-75.166,38.794],[-75.084,38.796],[-75.044,38.454],[-75.104,38.316],[-75.243,38.227],[-75.471,37.851],[-75.887,37.357],[-75.922,37.611],[-75.695,37.802],[-75.907,38.271],[-76.029,38.242],[-76.221,38.344],[-76.319,38.474],[-76.182,38.618],[-76.344,38.714],[-76.154,38.895],[-76.131,39.118],[-76.273,39.152],[-76.105,39.372],[-76.424,39.324],[-76.41,39.038],[-76.552,38.776],[-76.512,38.528],[-76.321,38.139],[-76.615,38.15],[-76.531,38.025],[-76.262,37.914],[-76.286,37.711],[-76.393,37.542],[-76.245,37.45],[-76.403,37.35],[-76.468,37.214],[-76.298,37.145],[-76.269,36.961],[-75.989,36.912],[-75.928,36.706],[-76.029,36.48],[-75.88,36.301],[-75.903,36.214],[-76.244,36.104],[-76.349,36.142],[-76.524,36.013],[-76.387,35.938],[-76.195,35.994],[-75.853,35.98],[-75.722,35.811],[-75.741,35.643],[-75.897,35.579],[-76.15,35.347],[-76.442,35.404],[-76.575,35.497],[-76.694,35.354],[-76.497,35.312],[-76.561,35.124],[-76.484,34.987],[-76.305,34.938],[-76.545,34.732],[-76.616,34.816],[-77.202,34.651],[-77.536,34.469],[-77.833,34.207],[-77.911,33.958],[-78.032,33.892],[-78.253,33.925],[-78.559,33.869],[-78.938,33.642],[-79.133,33.417],[-79.223,33.158],[-79.607,32.916],[-80.005,32.612],[-80.409,32.481],[-80.441,32.366],[-80.888,32.069],[-80.854,31.982],[-81.091,31.754],[-81.196,31.718],[-81.365,31.438],[-81.27,31.275],[-81.386,31.142],[-81.519,30.842],[-81.429,30.682],[-81.448,30.508],[-81.239,29.737],[-80.922,29.068],[-80.609,28.61],[-80.78,28.627],[-80.738,28.373],[-80.381,27.666],[-80.345,27.515],[-80.076,26.973],[-80.032,26.587],[-80.141,25.901],[-80.342,25.494],[-80.314,25.371],[-80.427,25.222],[-80.855,25.186],[-81.087,25.121],[-81.177,25.228],[-81.149,25.395],[-81.322,25.783],[-81.58,25.91],[-81.801,26.099],[-81.856,26.449],[-82.009,26.485],[-82.169,26.814],[-82.314,26.849],[-82.562,27.276],[-82.661,27.52],[-82.398,27.796],[-82.596,27.983],[-82.638,27.701],[-82.836,27.886],[-82.787,28.194],[-82.664,28.448],[-82.644,28.9],[-82.755,29.01],[-82.801,29.175],[-83.041,29.18],[-83.253,29.442],[-83.405,29.532],[-83.409,29.667],[-83.528,29.716],[-83.681,29.921],[-84.024,30.107],[-84.27,30.093],[-84.508,29.922],[-84.887,29.73],[-85.241,29.689],[-85.405,29.935],[-85.864,30.216],[-86.242,30.395],[-86.286,30.497],[-86.68,30.422],[-87.005,30.41],[-87.157,30.475],[-87.329,30.32],[-87.786,30.237],[-87.917,30.423],[-87.943,30.66],[-88.053,30.654],[-88.12,30.338],[-88.355,30.404],[-88.471,30.324],[-88.742,30.354],[-88.928,30.442],[-89.013,30.377],[-89.33,30.303],[-89.565,30.163],[-89.969,30.265],[-90.222,30.388],[-90.405,30.22],[-90.339,30.066],[-89.996,30.052],[-89.687,29.883],[-89.427,30.059],[-89.469,29.833],[-89.668,29.522],[-89.516,29.393],[-89.19,29.346],[-89.023,29.147],[-89.188,29.03],[-89.384,29.088],[-89.496,29.229],[-89.758,29.343],[-89.908,29.477],[-90.037,29.374],[-90.08,29.175],[-90.586,29.305],[-90.706,29.12],[-91.229,29.239],[-91.22,29.404],[-91.685,29.753],[-91.858,29.719],[-91.967,29.833],[-92.134,29.757],[-92.107,29.62],[-92.276,29.534],[-92.683,29.604],[-93.094,29.752],[-93.497,29.769],[-94.038,29.684],[-94.654,29.452],[-94.876,29.666],[-95.024,29.542],[-94.889,29.376],[-95.159,29.152],[-95.159,29.046],[-95.602,28.764],[-95.817,28.732],[-96.205,28.587],[-96.559,28.654],[-96.582,28.579],[-96.404,28.435],[-96.654,28.319],[-97.123,28.028],[-97.184,27.837],[-97.411,27.335],[-97.606,27.3],[-97.446,27.133],[-97.55,27.009],[-97.425,26.535],[-97.448,26.42],[-97.316,26.265],[-97.236,25.984],[-97.139,25.966],[-97.266,25.961],[-97.425,25.855],[-97.66,26.031],[-97.802,26.064],[-98.223,26.075],[-98.369,26.194],[-98.641,26.242],[-98.801,26.372],[-99.085,26.408],[-99.165,26.54],[-99.248,26.827],[-99.462,27.057],[-99.432,27.208],[-99.498,27.339],[-99.507,27.574],[-99.7,27.659],[-100.075,28.154],[-100.275,28.277],[-100.397,28.593],[-100.624,28.925],[-100.669,29.116],[-100.796,29.258],[-101.164,29.501],[-101.409,29.766],[-101.972,29.818],[-102.109,29.802],[-102.321,29.894],[-102.406,29.777],[-102.683,29.744],[-102.883,29.344],[-103.148,28.985],[-103.302,29.002],[-103.673,29.174],[-103.794,29.278],[-104.019,29.32],[-104.267,29.527],[-104.531,29.668],[-104.677,29.937],[-104.682,30.193],[-104.855,30.417],[-104.887,30.552],[-105.134,30.758],[-105.364,30.85],[-105.591,31.071],[-105.768,31.18],[-106.005,31.397],[-106.209,31.477],[-106.358,31.718],[-106.517,31.774],[-108.215,31.778],[-108.215,31.327],[-109.966,31.327],[-111.067,31.334],[-112.325,31.728],[-113.962,32.234],[-114.822,32.5],[-114.724,32.713],[-115.868,32.626],[-117.125,32.532],[-117.257,32.702],[-117.254,32.885],[-117.322,33.109],[-117.509,33.335],[-118.091,33.731],[-118.397,33.844],[-118.544,34.039],[-118.937,34.043],[-119.217,34.146],[-119.269,34.255],[-119.617,34.421],[-119.879,34.407],[-120.133,34.473],[-120.473,34.45],[-120.648,34.586],[-120.603,34.705],[-120.673,34.908],[-120.645,35.139],[-120.898,35.25],[-120.871,35.405],[-121.269,35.664],[-121.49,35.982],[-121.896,36.314],[-121.946,36.492],[-121.79,36.806],[-121.937,36.978],[-122.154,36.977],[-122.404,37.195],[-122.4,37.36],[-122.512,37.51],[-122.359,37.593],[-122.146,37.579],[-122.487,38.105],[-122.528,37.816],[-122.921,38.035],[-122.975,38.266],[-123.129,38.449],[-123.337,38.567],[-123.648,38.85],[-123.825,39.347],[-123.776,39.529],[-123.854,39.834],[-124.116,40.107],[-124.364,40.261],[-124.409,40.444],[-124.214,40.701],[-124.11,41.015],[-124.124,41.182],[-124.062,41.436],[-124.219,41.85],[-124.217,42.006],[-124.36,42.113],[-124.433,42.329],[-124.394,42.567],[-124.548,42.845],[-124.445,43.03],[-124.377,43.34],[-124.277,43.421],[-124.151,43.882],[-124.063,44.61],[-124.065,44.823],[-123.971,45.154],[-123.925,46.252],[-124.064,46.356],[-123.898,46.442],[-123.913,46.728],[-124.093,46.743],[-124.047,46.891],[-124.318,47.357],[-124.423,47.742],[-124.638,47.908],[-124.735,48.17],[-124.575,48.37],[-124.05,48.177],[-123.7,48.165],[-122.792,48.083],[-122.635,47.84],[-122.628,47.693],[-122.508,47.52],[-122.586,47.336],[-122.799,47.205],[-122.722,47.089],[-122.325,47.391],[-122.409,47.575],[-122.406,47.778],[-122.207,48.014],[-122.362,48.123],[-122.392,48.31],[-122.534,48.375],[-122.458,48.623],[-122.53,48.769],[-122.773,48.887],[-122.753,48.993]]],[[[-141.006,69.651],[-141.005,68.339],[-141.004,67.027],[-141.004,66.007],[-141.004,65.278],[-141.003,64.257],[-141.003,63.091],[-141.002,62.216],[-141.002,61.05],[-141.001,60.321],[-140.534,60.219],[-140.424,60.293],[-140.016,60.187],[-139.628,60.334],[-139.102,60.347],[-139.182,60.073],[-138.697,59.894],[-138.599,59.754],[-137.611,59.239],[-137.423,58.908],[-136.841,59.148],[-136.613,59.154],[-136.467,59.288],[-136.468,59.462],[-136.258,59.622],[-135.924,59.667],[-135.483,59.792],[-135.016,59.543],[-135.096,59.419],[-134.932,59.271],[-134.706,59.24],[-134.398,59.052],[-134.222,58.843],[-133.871,58.736],[-133.392,58.404],[-133.375,58.291],[-133.166,58.147],[-132.552,57.499],[-132.231,57.197],[-132.341,57.08],[-132.032,57.028],[-132.107,56.859],[-131.872,56.793],[-131.799,56.588],[-131.586,56.595],[-131.101,56.408],[-130.839,56.372],[-130.458,56.211],[-130.404,56.122],[-130.072,56.084],[-130.02,55.908],[-130.174,55.749],[-130.147,55.547],[-129.989,55.284],[-130.105,55.226],[-130.365,54.907],[-130.58,54.806],[-130.934,54.824],[-130.95,55.074],[-131.058,55.199],[-130.873,55.342],[-130.89,55.715],[-131.177,55.952],[-131.414,56.01],[-131.754,55.885],[-131.961,55.501],[-132.172,55.589],[-132.262,55.74],[-131.944,56.007],[-131.971,56.356],[-132.161,56.38],[-132.479,56.743],[-132.86,56.919],[-133.08,57.083],[-133.552,57.181],[-133.391,57.335],[-133.56,57.714],[-133.861,57.957],[-134.06,58.072],[-134.104,58.239],[-134.242,58.214],[-134.498,58.354],[-134.756,58.382],[-134.783,58.493],[-135.144,58.834],[-135.226,58.612],[-135.057,58.352],[-135.31,58.252],[-135.841,58.528],[-136.058,58.804],[-136.21,58.751],[-136.841,58.962],[-136.896,58.892],[-136.485,58.8],[-136.397,58.656],[-136.183,58.614],[-136.027,58.388],[-136.691,58.23],[-136.848,58.373],[-137.131,58.401],[-137.931,58.803],[-137.984,58.92],[-138.288,59.081],[-139.206,59.32],[-139.857,59.546],[-139.658,59.576],[-139.473,59.718],[-139.621,59.89],[-140.323,59.701],[-140.863,59.746],[-141.274,59.849],[-141.386,60.035],[-141.733,59.963],[-141.969,60.028],[-142.798,60.112],[-143.61,60.049],[-143.919,59.997],[-144.348,60.201],[-144.571,60.191],[-144.915,60.381],[-145.236,60.368],[-145.573,60.451],[-145.681,60.608],[-145.914,60.704],[-146.198,60.637],[-146.438,60.696],[-146.816,61.032],[-147.288,60.985],[-147.365,60.891],[-147.938,60.909],[-148.172,61.023],[-148.333,60.819],[-148.197,60.629],[-147.942,60.443],[-148.276,60.28],[-148.108,60.201],[-148.402,59.991],[-148.562,59.957],[-149.341,60.022],[-150.326,59.476],[-150.653,59.424],[-151.11,59.219],[-151.397,59.258],[-151.683,59.163],[-151.977,59.279],[-151.894,59.413],[-151.273,59.56],[-151.747,59.683],[-151.883,59.787],[-151.706,60.042],[-151.465,60.188],[-151.306,60.387],[-151.289,60.551],[-151.417,60.718],[-151.071,60.785],[-150.453,61.034],[-150.044,60.917],[-149.618,60.995],[-150.067,61.156],[-150.634,61.299],[-151.061,61.163],[-151.155,61.064],[-151.747,60.917],[-151.841,60.751],[-152.34,60.476],[-152.416,60.298],[-152.698,60.17],[-152.59,60.092],[-152.738,59.908],[-153.021,59.889],[-153.044,59.722],[-153.586,59.567],[-153.751,59.44],[-154.076,59.381],[-154.146,59.203],[-154.022,59.084],[-153.712,59.071],[-153.332,58.934],[-153.439,58.734],[-153.691,58.622],[-153.899,58.617],[-154,58.386],[-154.3,58.32],[-154.166,58.217],[-154.443,58.144],[-154.583,58.025],[-155.023,58.026],[-155.069,57.897],[-155.335,57.826],[-155.394,57.726],[-156.339,57.415],[-156.346,57.178],[-156.565,57.005],[-156.889,56.952],[-157.189,56.776],[-157.427,56.775],[-157.913,56.654],[-157.877,56.478],[-158.431,56.438],[-158.349,56.229],[-158.534,56.004],[-159.099,55.928],[-159.625,55.813],[-159.83,55.853],[-160.366,55.613],[-160.549,55.489],[-161.279,55.355],[-161.518,55.383],[-161.389,55.572],[-161.621,55.613],[-161.716,55.393],[-161.957,55.126],[-162.275,55.02],[-162.583,55.301],[-162.645,54.998],[-162.921,54.957],[-163.041,55.099],[-163.335,55.12],[-162.491,55.38],[-162.55,55.459],[-162.227,55.698],[-161.826,55.88],[-161.458,55.954],[-161.124,55.961],[-160.82,55.739],[-160.521,55.935],[-160.568,56.008],[-160.369,56.277],[-159.746,56.579],[-159.456,56.629],[-158.945,56.843],[-158.681,56.787],[-158.682,57.022],[-158.312,57.315],[-157.71,57.653],[-157.503,58.464],[-157.062,58.726],[-157.084,58.887],[-158.154,58.614],[-158.408,58.77],[-158.729,58.874],[-158.889,58.706],[-158.77,58.518],[-159.051,58.425],[-159.385,58.756],[-159.651,58.936],[-159.911,58.776],[-160.257,58.912],[-160.352,59.071],[-161.18,58.783],[-161.562,58.602],[-161.717,58.755],[-161.8,58.984],[-161.974,59.131],[-161.947,59.388],[-161.714,59.501],[-162.375,60.176],[-162.526,59.998],[-163.088,59.859],[-163.615,59.801],[-164.098,59.834],[-164.201,60.034],[-164.485,60.184],[-164.989,60.341],[-165.314,60.581],[-164.669,60.826],[-163.956,60.78],[-163.644,60.602],[-163.424,60.765],[-163.862,60.855],[-164.364,60.872],[-164.628,60.932],[-165.129,60.923],[-165.085,61.07],[-165.622,61.144],[-165.624,61.28],[-165.921,61.399],[-165.777,61.516],[-166.2,61.595],[-165.937,61.709],[-166.103,61.821],[-165.609,61.851],[-165.739,61.965],[-165.706,62.117],[-165.274,62.437],[-165.02,62.541],[-164.794,62.534],[-164.883,62.842],[-164.579,63.141],[-164.145,63.262],[-163.767,63.225],[-163.351,63.031],[-163.094,63.057],[-162.597,63.277],[-162.251,63.549],[-162.087,63.452],[-161.573,63.455],[-161.186,63.506],[-160.792,63.747],[-160.973,64.25],[-161.457,64.521],[-161.035,64.508],[-160.803,64.643],[-160.885,64.81],[-161.183,64.94],[-161.422,64.774],[-161.716,64.795],[-162.081,64.721],[-162.607,64.507],[-164.342,64.59],[-165.036,64.448],[-166.19,64.585],[-166.483,64.73],[-166.39,64.899],[-166.75,65.062],[-166.252,65.258],[-166.503,65.336],[-167.399,65.401],[-168.081,65.591],[-167.346,65.899],[-167.06,65.878],[-166.725,66.061],[-165.89,66.241],[-165.306,66.437],[-164.951,66.46],[-164.718,66.556],[-163.986,66.612],[-163.807,66.57],[-163.919,66.246],[-163.68,66.079],[-162.765,66.104],[-162.388,66.036],[-161.916,66.042],[-161.58,66.255],[-161.114,66.207],[-161.136,66.343],[-161.745,66.406],[-162.639,66.9],[-162.327,66.96],[-162.015,66.772],[-162.081,66.666],[-161.634,66.458],[-161.263,66.529],[-160.785,66.374],[-160.249,66.402],[-160.219,66.532],[-160.881,66.672],[-161.314,66.535],[-161.868,66.706],[-161.731,66.954],[-161.835,67.055],[-162.435,66.991],[-163.688,67.103],[-163.81,67.335],[-164.151,67.62],[-165.437,68.06],[-165.928,68.137],[-166.548,68.359],[-166.24,68.564],[-166.237,68.875],[-165.665,68.862],[-164.346,68.929],[-163.623,69.119],[-163.156,69.359],[-162.95,69.79],[-162.538,69.957],[-162.015,70.277],[-161.342,70.259],[-160.861,70.347],[-159.813,70.728],[-158.043,70.837],[-157.231,71.071],[-156.817,71.306],[-155.999,71.195],[-155.594,71.07],[-156.087,70.927],[-155.891,70.837],[-155.043,71.131],[-154.597,71],[-154.539,70.826],[-154.131,70.791],[-153.894,70.898],[-153.165,70.928],[-152.219,70.818],[-152.514,70.689],[-152.456,70.556],[-151.98,70.449],[-151.178,70.449],[-150.513,70.504],[-150.119,70.443],[-149.89,70.513],[-149.344,70.51],[-148.381,70.312],[-147.124,70.168],[-145.88,70.175],[-145.6,70.081],[-144.942,69.978],[-144.59,69.983],[-144.017,70.093],[-143.236,70.118],[-142.601,70.013],[-142.271,69.856],[-141.653,69.762],[-141.413,69.65],[-141.006,69.651]]],[[[-130.962,55.585],[-131.065,55.261],[-131.192,55.186],[-131.662,55.343],[-131.81,55.477],[-131.651,55.55],[-131.709,55.74],[-131.579,55.907],[-131.18,55.924],[-130.938,55.652],[-130.962,55.585]]],[[[-132.548,56.304],[-132.092,56.106],[-132.123,55.946],[-132.303,55.915],[-132.449,56.065],[-132.645,56.058],[-132.681,56.229],[-132.548,56.304]]],[[[-131.977,54.832],[-132.247,54.743],[-132.394,54.935],[-132.579,54.954],[-132.609,55.119],[-132.96,55.277],[-133.008,55.388],[-133.357,55.616],[-133.237,55.9],[-133.265,56.147],[-133.612,56.212],[-133.587,56.353],[-133.069,56.248],[-133.001,56.057],[-132.736,55.997],[-132.463,55.777],[-132.435,55.55],[-131.969,55.205],[-131.977,54.832]]],[[[-132.613,56.401],[-132.82,56.236],[-133.039,56.331],[-132.924,56.452],[-132.613,56.401]]],[[[-132.004,56.339],[-132.013,56.141],[-132.353,56.278],[-132.004,56.339]]],[[[-132.96,56.788],[-132.816,56.797],[-132.533,56.6],[-132.792,56.497],[-132.919,56.507],[-132.881,56.64],[-132.96,56.788]]],[[[-133.885,56.49],[-133.981,56.284],[-133.896,56.22],[-134.211,56.063],[-134.239,56.404],[-134.067,56.462],[-134.397,56.73],[-134.409,56.843],[-134.176,56.922],[-133.801,56.777],[-133.706,56.604],[-133.885,56.49]]],[[[-133.913,57.083],[-132.98,56.935],[-132.991,56.808],[-132.934,56.642],[-133.148,56.462],[-133.659,56.464],[-133.693,56.793],[-134.018,57.018],[-133.913,57.083]]],[[[-152.908,57.165],[-153.326,57.022],[-153.26,57.206],[-152.908,57.165]]],[[[-134.621,56.744],[-134.649,56.339],[-134.75,56.217],[-135.053,56.538],[-135.174,56.826],[-135.368,56.829],[-135.31,57.047],[-135.662,57.364],[-135.381,57.554],[-134.909,57.34],[-134.621,56.744]]],[[[-152.161,57.627],[-152.363,57.429],[-153.096,57.218],[-153.253,57.237],[-153.56,56.987],[-153.963,56.748],[-154.529,56.992],[-154.535,57.175],[-154.81,57.347],[-154.635,57.514],[-154.22,57.676],[-153.754,57.562],[-153.925,57.81],[-153.574,57.84],[-153.192,57.805],[-153.167,57.97],[-152.486,57.911],[-152.468,57.657],[-152.161,57.627]]],[[[-135.848,57.394],[-136.137,57.658],[-136.416,57.826],[-136.297,58.011],[-136.405,58.134],[-135.982,58.168],[-135.814,58.274],[-134.925,58.027],[-134.942,57.807],[-134.814,57.497],[-135.057,57.467],[-135.628,57.706],[-135.546,57.466],[-135.848,57.394]]],[[[-134.354,57.093],[-134.575,57.029],[-134.632,57.196],[-134.563,57.48],[-134.716,57.746],[-134.798,58.113],[-134.693,58.168],[-134.186,58.168],[-134.159,57.977],[-134.209,57.84],[-133.938,57.619],[-133.865,57.355],[-134.142,57.35],[-134.155,57.202],[-134.354,57.093]]],[[[-151.966,58.333],[-152.13,58.166],[-152.455,58.137],[-152.805,57.992],[-153.23,58.169],[-153.042,58.306],[-152.793,58.287],[-152.651,58.484],[-152.38,58.354],[-151.966,58.333]]],[[[-147.107,60.286],[-147.49,59.939],[-147.779,59.944],[-147.107,60.286]]],[[[-71.919,41.065],[-71.93,41.038],[-72.605,40.801],[-73.233,40.715],[-73.707,40.583],[-73.869,40.64],[-73.909,40.789],[-73.52,40.918],[-73.225,40.908],[-73.113,40.973],[-72.367,40.995],[-71.919,41.065]]],[[[-177.8,51.796],[-177.955,51.729],[-178.214,51.876],[-177.952,51.925],[-177.8,51.796]]],[[[-176.437,51.788],[-176.588,51.686],[-176.882,51.72],[-176.641,51.857],[-176.437,51.788]]],[[[-173.123,52.108],[-173.484,52.025],[-173.836,52.043],[-173.902,52.138],[-173.123,52.108]]],[[[-174.052,52.241],[-174.1,52.141],[-174.398,52.053],[-174.602,52.105],[-174.229,52.248],[-174.052,52.241]]],[[[-167.857,53.393],[-168.288,53.243],[-168.49,53.042],[-168.751,52.96],[-168.76,53.187],[-168.2,53.54],[-167.807,53.52],[-167.857,53.393]]],[[[-166.294,53.728],[-166.547,53.626],[-166.656,53.502],[-166.877,53.482],[-167.665,53.242],[-167.85,53.31],[-167.475,53.434],[-167.159,53.477],[-167.038,53.755],[-167.151,53.824],[-167.022,53.961],[-166.754,54.016],[-166.522,53.789],[-166.294,53.728]]],[[[-154.9,19.567],[-154.817,19.48],[-154.982,19.339],[-155.291,19.26],[-155.503,19.138],[-155.683,18.933],[-155.878,19.029],[-155.92,19.139],[-155.886,19.334],[-156.06,19.731],[-155.824,20.02],[-155.867,20.263],[-155.738,20.244],[-155.586,20.123],[-155.332,20.047],[-155.087,19.86],[-154.9,19.567]]],[[[-156.002,20.8],[-156.003,20.686],[-156.303,20.581],[-156.435,20.612],[-156.464,20.781],[-156.62,20.807],[-156.696,20.916],[-156.542,21.003],[-156.482,20.904],[-156.298,20.953],[-156.002,20.8]]],[[[-157.707,21.352],[-158.094,21.294],[-158.228,21.483],[-157.962,21.705],[-157.842,21.461],[-157.707,21.352]]],[[[-159.301,22.151],[-159.334,21.958],[-159.437,21.869],[-159.76,21.979],[-159.717,22.158],[-159.4,22.235],[-159.301,22.151]]],[[[173.377,52.83],[173.094,52.827],[172.944,52.75],[172.64,52.869],[172.66,53.009],[173.127,52.995],[173.377,52.83]]],[[[-163.074,54.688],[-163.431,54.68],[-163.623,54.612],[-164.133,54.623],[-164.406,54.436],[-164.845,54.423],[-164.958,54.585],[-164.701,54.678],[-164.547,54.883],[-164.314,54.893],[-163.917,55.036],[-163.572,55.057],[-163.373,54.793],[-163.074,54.688]]],[[[-160.497,55.195],[-160.854,55.222],[-160.696,55.407],[-160.497,55.195]]],[[[-165.582,59.951],[-166.244,59.808],[-166.613,59.856],[-167.19,60.028],[-167.288,60.239],[-166.874,60.211],[-166.459,60.387],[-166.185,60.402],[-165.684,60.3],[-165.733,60.176],[-165.582,59.951]]],[[[-168.741,63.281],[-168.812,63.17],[-169.287,63.193],[-169.526,63.091],[-170.113,63.203],[-170.444,63.359],[-170.856,63.46],[-171.439,63.32],[-171.736,63.376],[-171.853,63.521],[-171.721,63.753],[-171.504,63.653],[-170.937,63.572],[-170.663,63.673],[-170.297,63.696],[-170.039,63.532],[-169.481,63.347],[-169.008,63.349],[-168.741,63.281]]]]},"properties":{"id":"united-states"}},{"type":"Feature","geometry":{"type":"MultiPolygon","coordinates":[[[[-122.753,48.993],[-123.035,48.992],[-123.091,48.993],[-123.212,49.13],[-123.143,49.28],[-123.245,49.411],[-123.249,49.598],[-123.489,49.515],[-123.555,49.39],[-123.964,49.521],[-124.061,49.631],[-123.938,49.829],[-124.404,49.767],[-124.732,49.954],[-124.605,50.233],[-124.705,50.322],[-124.952,50.328],[-125.342,50.489],[-125.67,50.439],[-126.242,50.501],[-126.222,50.643],[-126.019,50.666],[-126.179,50.853],[-126.747,50.891],[-127.022,50.822],[-127.429,50.943],[-127.79,51.233],[-127.68,51.336],[-127.874,51.673],[-127.85,51.92],[-127.638,52.084],[-127.284,52.238],[-127.144,52.349],[-127.225,52.456],[-127.801,52.256],[-128.243,52.559],[-128.128,52.748],[-128.478,52.868],[-128.547,53.136],[-128.875,53.306],[-128.776,53.556],[-128.862,53.83],[-129.228,53.633],[-129.335,53.397],[-129.716,53.695],[-130.105,53.947],[-130.112,54.159],[-130.458,54.349],[-130.372,54.664],[-130.202,54.729],[-129.997,54.977],[-130.167,55.085],[-129.949,55.293],[-130.131,55.736],[-130.02,55.908],[-130.072,56.084],[-130.404,56.122],[-130.458,56.211],[-130.839,56.372],[-131.101,56.408],[-131.586,56.595],[-131.799,56.588],[-131.872,56.793],[-132.107,56.859],[-132.032,57.028],[-132.341,57.08],[-132.231,57.197],[-132.552,57.499],[-133.166,58.147],[-133.375,58.291],[-133.392,58.404],[-133.871,58.736],[-134.222,58.843],[-134.398,59.052],[-134.706,59.24],[-134.932,59.271],[-135.096,59.419],[-135.016,59.543],[-135.483,59.792],[-135.924,59.667],[-136.258,59.622],[-136.468,59.462],[-136.467,59.288],[-136.613,59.154],[-136.841,59.148],[-137.423,58.908],[-137.611,59.239],[-138.599,59.754],[-138.697,59.894],[-139.182,60.073],[-139.102,60.347],[-139.628,60.334],[-140.016,60.187],[-140.424,60.293],[-140.534,60.219],[-141.001,60.321],[-141.002,61.05],[-141.002,62.216],[-141.003,63.091],[-141.003,64.257],[-141.004,65.278],[-141.004,66.007],[-141.004,67.027],[-141.005,68.339],[-141.006,69.651],[-140.223,69.599],[-139.918,69.621],[-139.144,69.514],[-138.637,69.284],[-138.096,69.14],[-137.191,68.948],[-136.663,68.876],[-136.068,68.885],[-135.968,69.222],[-135.569,69.345],[-135.24,69.315],[-135.155,69.48],[-134.641,69.482],[-134.41,69.657],[-133.781,69.494],[-133.704,69.339],[-133.007,69.487],[-132.887,69.661],[-132.548,69.743],[-132.139,69.688],[-130.943,70.079],[-130.406,70.142],[-129.886,70.086],[-129.6,69.991],[-130.771,69.685],[-131.984,69.537],[-132.114,69.361],[-132.771,69.256],[-133.203,69.038],[-133.155,68.825],[-132.768,68.847],[-132.874,69.058],[-131.966,69.259],[-131.613,69.476],[-130.935,69.394],[-130.457,69.579],[-130.338,69.702],[-129.174,69.832],[-128.994,69.679],[-128.31,69.989],[-128.37,70.097],[-128.032,70.294],[-128.196,70.447],[-127.928,70.567],[-127.136,70.253],[-126.702,69.767],[-125.939,69.414],[-125.161,69.386],[-125.416,69.603],[-124.671,70.079],[-124.363,70.071],[-124.507,69.736],[-124.072,69.666],[-124.429,69.473],[-124.438,69.37],[-123.664,69.359],[-123.166,69.5],[-123.131,69.76],[-122.951,69.839],[-122.036,69.819],[-121.428,69.767],[-120.807,69.624],[-120.279,69.408],[-118.666,69.225],[-118.041,69.025],[-116.208,68.831],[-116.16,68.984],[-115.588,68.975],[-115.035,68.875],[-114.201,68.572],[-114.057,68.304],[-114.337,68.236],[-114.837,68.263],[-114.896,68.151],[-115.543,67.923],[-115.118,67.804],[-114.789,67.817],[-113.859,67.696],[-112.421,67.682],[-111.153,67.831],[-111.019,67.768],[-110.421,67.948],[-109.971,67.967],[-109.698,67.81],[-109.075,67.722],[-108.929,67.532],[-108.599,67.625],[-108.444,67.434],[-107.993,67.282],[-107.88,67.053],[-108.215,67.027],[-107.7,66.621],[-107.766,66.996],[-107.401,66.974],[-107.246,67.084],[-107.527,67.212],[-107.657,67.372],[-107.586,67.501],[-107.99,67.693],[-107.88,68.093],[-107.429,68.043],[-106.496,68.203],[-106.276,68.387],[-105.698,68.489],[-105.879,68.639],[-106.522,68.527],[-106.573,68.42],[-107.274,68.269],[-108.338,68.155],[-108.815,68.274],[-108.281,68.622],[-107.293,68.701],[-106.197,68.944],[-105.812,68.886],[-105.47,68.722],[-105.536,68.45],[-105.095,68.27],[-104.602,68.235],[-104.484,68.034],[-103.364,68.011],[-102.948,67.927],[-102.763,67.815],[-102.242,67.725],[-101.436,67.688],[-100.957,67.749],[-100.717,67.847],[-99.44,67.796],[-98.915,67.712],[-98.361,67.811],[-98.727,67.958],[-98.522,68.046],[-98.092,67.76],[-97.558,67.595],[-97.12,67.779],[-97.641,68.009],[-98.172,67.876],[-98.449,68.071],[-97.856,68.544],[-97.26,68.469],[-97.01,68.35],[-96.082,68.146],[-96.171,67.7],[-96.465,67.512],[-95.735,67.376],[-95.522,67.22],[-95.256,67.262],[-95.463,67.639],[-95.696,67.711],[-95.582,67.9],[-95.234,68.07],[-94.861,68.031],[-94.341,68.244],[-93.725,68.639],[-93.577,68.862],[-93.923,68.982],[-94.11,68.759],[-94.636,68.756],[-94.346,69.026],[-94.238,69.336],[-93.434,69.357],[-93.506,69.516],[-93.93,69.435],[-94.322,69.453],[-94.561,69.641],[-94.875,69.572],[-95.65,69.784],[-95.976,69.786],[-96.11,69.957],[-96.486,70.097],[-96.546,70.341],[-96.054,70.607],[-96.616,70.826],[-96.415,71.065],[-96.447,71.299],[-95.986,71.415],[-95.658,71.291],[-95.465,71.484],[-95.944,71.552],[-95.492,71.723],[-95.225,71.95],[-94.549,72.002],[-94.54,71.771],[-94.054,71.789],[-93.821,71.655],[-92.991,71.357],[-92.868,71.175],[-92.908,70.902],[-92.614,70.689],[-92.215,70.616],[-91.998,70.387],[-91.723,70.356],[-91.545,70.145],[-91.943,70.024],[-92.471,69.698],[-91.803,69.513],[-91.426,69.668],[-91.11,69.513],[-90.654,69.537],[-91.034,69.22],[-90.671,69.088],[-90.447,68.886],[-90.604,68.441],[-90,68.379],[-89.945,68.616],[-89.69,68.807],[-89.751,68.948],[-89.332,69.249],[-88.942,69.234],[-88.729,69.084],[-88.023,68.809],[-87.8,68.404],[-87.854,68.249],[-88.407,68.277],[-88.283,68.126],[-88.374,67.976],[-88.141,67.671],[-87.484,67.363],[-87.328,67.173],[-86.779,67.419],[-86.502,67.379],[-86.529,67.687],[-85.902,68.054],[-85.706,68.413],[-85.668,68.727],[-85.145,68.835],[-84.767,69.088],[-85.22,69.133],[-85.534,69.463],[-85.514,69.77],[-84.34,69.86],[-83.754,69.712],[-82.576,69.674],[-82.618,69.57],[-82.282,69.419],[-82.237,69.235],[-81.753,69.268],[-81.337,69.188],[-81.729,68.945],[-81.365,68.862],[-81.267,68.639],[-81.63,68.513],[-82.37,68.356],[-82.315,68.147],[-82.109,68.112],[-82.102,67.91],[-81.457,67.628],[-81.238,67.461],[-81.527,66.996],[-81.955,66.977],[-82.184,66.769],[-82.591,66.571],[-83.01,66.551],[-83.369,66.35],[-83.678,66.525],[-83.963,66.478],[-83.691,66.199],[-84.382,66.19],[-85.268,66.287],[-85.416,66.567],[-85.752,66.518],[-86.62,66.507],[-86.621,66.314],[-85.857,66.163],[-85.974,66.036],[-86.426,65.898],[-86.475,65.734],[-87.381,65.33],[-87.927,65.333],[-88.232,65.42],[-88.585,65.645],[-88.97,65.697],[-89.705,65.946],[-89.736,65.728],[-89.04,65.328],[-87.047,65.238],[-86.938,65.142],[-87.6,64.558],[-87.81,64.516],[-88.044,64.184],[-88.735,63.972],[-89.177,64.039],[-89.564,64.026],[-89.813,63.946],[-90.147,63.63],[-90.91,63.569],[-91.508,63.731],[-91.587,63.582],[-90.961,63.457],[-90.695,63.275],[-90.644,63.069],[-91.442,62.787],[-91.979,62.847],[-92.463,62.811],[-92.261,62.563],[-92.718,62.465],[-92.636,62.26],[-93.074,62.178],[-92.985,62.073],[-93.337,61.897],[-93.313,61.732],[-93.838,61.562],[-93.985,61.458],[-94.055,61.108],[-94.352,60.858],[-94.712,60.266],[-94.817,59.963],[-94.822,59.65],[-94.718,59.367],[-94.807,59.018],[-94.399,58.712],[-93.717,58.792],[-93.19,58.76],[-93.128,58.528],[-92.808,58.076],[-92.757,57.866],[-92.457,57.449],[-92.44,57.253],[-92.666,57.001],[-92.223,57.021],[-91.031,57.265],[-90.586,57.23],[-89.827,56.976],[-88.891,56.861],[-88.311,56.538],[-87.98,56.443],[-87.673,56.146],[-87.316,55.962],[-86.98,55.934],[-86.289,55.726],[-85.683,55.587],[-85.439,55.428],[-85.127,55.303],[-84.613,55.245],[-83.929,55.327],[-83.768,55.281],[-82.898,55.174],[-82.458,55.141],[-82.279,55.045],[-82.201,54.834],[-82.421,54.384],[-82.431,54.228],[-82.243,54.065],[-82.126,53.812],[-82.219,53.604],[-82.119,53.277],[-82.246,53.201],[-82.301,52.968],[-81.988,52.798],[-81.918,52.68],[-81.564,52.456],[-81.512,52.239],[-81.391,52.128],[-80.979,52.002],[-80.595,51.711],[-80.43,51.357],[-80.108,51.296],[-79.745,51.124],[-79.69,51.399],[-79.56,51.556],[-79.346,51.662],[-78.882,51.403],[-78.792,51.611],[-79.039,51.769],[-78.833,51.857],[-78.591,52.106],[-78.521,52.481],[-78.786,52.659],[-78.775,52.826],[-78.977,53.07],[-78.902,53.201],[-78.933,53.555],[-79.063,53.757],[-79.071,53.99],[-79.238,54.18],[-79.444,54.284],[-79.594,54.633],[-79.484,54.756],[-78.967,54.852],[-78.392,55.028],[-77.782,55.274],[-77.113,55.675],[-77.045,55.783],[-76.659,56.073],[-76.515,56.438],[-76.509,56.815],[-76.589,57.271],[-76.809,57.676],[-77.079,57.961],[-77.471,58.212],[-77.956,58.36],[-78.267,58.519],[-78.474,58.72],[-78.548,58.917],[-78.305,58.96],[-78.087,59.161],[-77.819,59.293],[-77.881,59.485],[-77.716,59.621],[-77.452,59.664],[-77.292,59.8],[-77.47,60.217],[-77.742,60.426],[-77.592,60.503],[-77.829,60.643],[-77.607,60.759],[-78.166,60.868],[-77.812,61.088],[-77.785,61.455],[-77.666,61.528],[-77.94,61.694],[-78.085,61.888],[-78.155,62.297],[-78.024,62.392],[-77.387,62.561],[-76.758,62.511],[-75.83,62.313],[-75.328,62.317],[-75.006,62.269],[-74.417,62.253],[-73.671,62.482],[-73.21,62.313],[-73.062,62.188],[-72.621,62.102],[-72.608,61.972],[-72.232,61.881],[-71.995,61.677],[-71.652,61.65],[-71.727,61.294],[-70.939,61.074],[-70.604,61.033],[-70.189,61.088],[-70.065,60.858],[-69.921,60.852],[-69.537,61.08],[-69.381,60.8],[-69.72,60.684],[-69.829,60.526],[-69.602,60.225],[-69.77,59.971],[-69.59,59.876],[-69.521,59.677],[-69.758,59.49],[-69.528,59.186],[-69.452,58.895],[-68.787,58.922],[-68.362,58.784],[-68.274,58.567],[-67.89,58.499],[-67.91,58.368],[-67.66,58.268],[-67.064,58.393],[-66.947,58.498],[-66.615,58.498],[-66.472,58.813],[-66.21,58.757],[-65.683,59.053],[-65.447,59.367],[-65.429,59.532],[-65.546,59.731],[-65.138,59.9],[-65.118,60.008],[-64.849,60.366],[-64.417,60.26],[-64.399,60.151],[-64.126,59.907],[-64.148,59.683],[-63.728,59.509],[-63.806,59.375],[-63.393,59.292],[-63.442,59.121],[-63.162,59.03],[-63.185,58.915],[-62.927,58.823],[-62.857,58.656],[-63.176,58.503],[-63.01,58.429],[-62.579,58.504],[-62.661,58.176],[-62.066,57.899],[-61.89,57.625],[-62.072,57.552],[-61.817,57.377],[-61.865,57.171],[-61.382,57.121],[-61.651,56.869],[-61.695,56.73],[-61.869,56.637],[-61.757,56.486],[-61.846,56.387],[-61.547,56.2],[-61.373,56.229],[-61.403,55.96],[-61.139,55.972],[-60.945,55.87],[-60.331,55.76],[-60.434,55.634],[-60.202,55.489],[-60.362,55.39],[-60.287,55.233],[-59.939,55.235],[-59.501,55.154],[-59.252,55.216],[-58.954,55.131],[-59.026,55.02],[-58.681,54.819],[-57.865,54.745],[-57.668,54.633],[-57.45,54.649],[-57.375,54.527],[-57.531,54.425],[-58.186,54.359],[-58.236,54.256],[-58.653,54.036],[-58.858,54.05],[-59.034,53.952],[-59.475,53.828],[-59.791,53.848],[-60.069,53.709],[-60.248,53.28],[-60.029,53.358],[-59.861,53.5],[-59.511,53.555],[-58.841,53.947],[-58.22,54.064],[-58.229,54.236],[-58.012,54.24],[-57.357,54.139],[-57.153,53.74],[-57.457,53.649],[-57.269,53.489],[-56.983,53.727],[-56.036,53.58],[-56.035,53.434],[-55.857,53.372],[-55.747,53.146],[-55.956,53.022],[-55.812,52.83],[-56.059,52.766],[-55.933,52.638],[-56.011,52.518],[-55.741,52.493],[-55.685,52.112],[-55.934,51.925],[-56.338,51.782],[-56.967,51.425],[-57.749,51.463],[-57.978,51.33],[-58.333,51.278],[-58.454,51.317],[-58.626,51.151],[-58.948,51.042],[-58.993,50.791],[-59.125,50.802],[-59.41,50.667],[-59.582,50.484],[-59.803,50.446],[-59.851,50.314],[-60.017,50.245],[-60.836,50.256],[-61.311,50.199],[-61.718,50.1],[-61.846,50.22],[-62.34,50.288],[-62.792,50.309],[-63.251,50.24],[-63.722,50.304],[-64.145,50.268],[-64.445,50.323],[-64.888,50.274],[-65.258,50.322],[-65.737,50.257],[-65.929,50.293],[-66.109,50.197],[-66.468,50.269],[-66.746,50.054],[-66.951,49.986],[-67.146,49.816],[-67.236,49.482],[-67.376,49.339],[-68.122,49.271],[-68.181,49.124],[-68.372,49.14],[-69.056,48.774],[-69.144,48.601],[-69.447,48.296],[-69.736,48.123],[-69.932,47.773],[-70.2,47.596],[-70.237,47.496],[-70.497,47.429],[-70.715,47.118],[-70.957,47.021],[-71.354,46.739],[-71.694,46.674],[-71.881,46.691],[-72.228,46.553],[-72.258,46.471],[-72.462,46.402],[-72.603,46.301],[-72.994,46.211],[-73.159,46.075],[-73.29,45.875],[-73.495,45.728],[-73.755,45.676],[-74.078,45.457],[-73.962,45.354],[-74.473,45.164],[-74.713,44.999],[-74.868,45.01],[-75.27,44.864],[-75.7,44.582],[-75.87,44.409],[-76.067,44.348],[-76.455,44.084],[-76.842,43.626],[-78.688,43.632],[-79.174,43.465],[-79.058,43.278],[-79.032,43.013],[-78.915,42.948],[-79.019,42.803],[-80.247,42.365],[-81.277,42.209],[-82.425,41.677],[-82.711,41.68],[-83.068,41.848],[-83.157,42],[-83.129,42.24],[-82.8,42.418],[-82.511,42.647],[-82.411,43.051],[-82.148,43.611],[-82.34,44.452],[-82.532,45.294],[-82.589,45.372],[-83.484,45.772],[-83.466,45.993],[-83.614,46.116],[-83.965,46.063],[-84.087,46.201],[-84.159,46.433],[-84.11,46.526],[-84.589,46.475],[-84.773,46.633],[-84.879,46.898],[-86.113,47.413],[-87.784,48.077],[-88.347,48.299],[-88.643,48.257],[-89.34,47.984],[-89.98,48.01],[-90.179,48.116],[-90.786,48.1],[-90.923,48.227],[-91.428,48.036],[-91.693,48.098],[-91.957,48.228],[-92.043,48.335],[-92.303,48.311],[-92.649,48.536],[-92.98,48.618],[-93.258,48.63],[-93.492,48.542],[-93.757,48.517],[-93.875,48.636],[-94.232,48.652],[-94.593,48.726],[-94.711,48.915],[-94.839,49.309],[-95.161,49.369],[-95.177,48.993],[-96.716,48.993],[-98.914,48.993],[-101.112,48.993],[-102.87,48.993],[-104.189,48.993],[-105.728,48.993],[-106.827,48.993],[-108.585,48.993],[-109.685,48.993],[-111.663,48.993],[-113.861,48.993],[-115.18,48.993],[-116.279,48.993],[-118.037,48.993],[-119.356,48.993],[-121.115,48.993],[-122.753,48.993]]],[[[-67.176,45.179],[-67.356,45.166],[-67.471,45.266],[-67.45,45.611],[-67.8,45.7],[-67.785,45.96],[-67.805,47.036],[-67.962,47.198],[-68.197,47.341],[-68.54,47.3],[-68.906,47.19],[-69.04,47.249],[-69.07,47.432],[-69.268,47.44],[-70.008,46.704],[-70.074,46.42],[-70.188,46.358],[-70.313,46.08],[-70.283,45.89],[-70.419,45.717],[-70.59,45.652],[-70.723,45.471],[-71.142,45.252],[-71.395,45.242],[-71.504,45.014],[-73,45.006],[-74.713,44.999],[-74.4,45.145],[-73.964,45.268],[-73.687,45.431],[-73.557,45.414],[-73.413,45.752],[-73.259,45.854],[-73.14,46.058],[-72.731,46.177],[-72.496,46.361],[-72.274,46.421],[-72.19,46.526],[-71.846,46.668],[-71.714,46.632],[-71.302,46.745],[-71.158,46.841],[-70.774,46.916],[-70.388,47.116],[-70.031,47.47],[-69.802,47.622],[-69.054,48.232],[-68.206,48.642],[-67.962,48.702],[-66.622,49.123],[-66.219,49.208],[-65.566,49.266],[-64.963,49.219],[-64.613,49.123],[-64.221,48.894],[-64.388,48.78],[-64.162,48.63],[-64.329,48.42],[-64.711,48.339],[-64.779,48.204],[-65.181,48.043],[-65.432,48.003],[-65.953,48.195],[-66.262,48.006],[-65.741,47.849],[-65.629,47.671],[-65.499,47.679],[-65.209,47.82],[-64.8,47.809],[-64.793,47.683],[-64.96,47.294],[-65.331,47.101],[-64.825,47.089],[-64.906,46.887],[-64.514,46.239],[-64.253,46.234],[-63.813,46.14],[-63.867,45.936],[-63.669,45.847],[-63.492,45.883],[-63.19,45.736],[-63.07,45.778],[-62.739,45.763],[-62.47,45.614],[-61.924,45.889],[-61.894,45.704],[-61.684,45.622],[-61.471,45.683],[-61.137,45.354],[-61.153,45.238],[-63.024,44.697],[-63.281,44.643],[-63.588,44.664],[-63.523,44.518],[-63.716,44.456],[-63.929,44.511],[-63.926,44.675],[-64.198,44.58],[-64.354,44.456],[-64.269,44.267],[-64.426,44.234],[-64.813,43.853],[-65.017,43.727],[-65.25,43.673],[-65.413,43.539],[-65.668,43.5],[-65.909,43.819],[-66.166,43.87],[-66.21,44.106],[-66.114,44.343],[-65.848,44.557],[-65.786,44.696],[-64.863,45.14],[-64.475,45.24],[-64.223,45.108],[-64.115,45.216],[-63.847,45.277],[-63.593,45.395],[-64.066,45.413],[-64.388,45.367],[-64.576,45.416],[-64.697,45.326],[-64.936,45.351],[-64.833,45.484],[-64.429,45.71],[-64.585,45.826],[-64.772,45.614],[-65.315,45.459],[-65.545,45.33],[-65.909,45.21],[-66.071,45.274],[-66.429,45.084],[-66.491,45.156],[-66.746,45.065],[-67.176,45.179]]],[[[-52.629,47.527],[-52.814,47.273],[-52.941,46.791],[-53.211,46.635],[-53.374,46.735],[-53.623,46.656],[-53.636,46.839],[-53.573,47.162],[-53.948,46.858],[-54.198,46.886],[-53.893,47.393],[-53.972,47.743],[-54.179,47.879],[-54.249,47.73],[-54.527,47.383],[-54.866,47.38],[-55.005,47.266],[-55.095,47.06],[-55.418,46.867],[-55.851,46.871],[-55.98,46.97],[-55.87,47.075],[-55.487,47.14],[-55.301,47.268],[-55.072,47.597],[-55.374,47.69],[-55.438,47.471],[-55.774,47.458],[-56.046,47.536],[-55.86,47.791],[-56.39,47.606],[-56.672,47.627],[-56.777,47.533],[-56.984,47.587],[-57.628,47.602],[-58.098,47.695],[-59.112,47.561],[-59.301,47.614],[-59.283,47.759],[-59.399,47.88],[-59.242,48.016],[-58.723,48.306],[-58.54,48.512],[-58.714,48.568],[-58.667,48.726],[-58.419,49.116],[-58.213,49.074],[-57.967,49.204],[-58.229,49.268],[-58.186,49.443],[-57.967,49.56],[-57.912,49.752],[-57.61,50.166],[-57.457,50.483],[-57.3,50.649],[-56.977,50.881],[-56.98,50.988],[-56.787,51.15],[-56.665,51.35],[-56.106,51.529],[-55.514,51.604],[-55.404,51.563],[-55.617,51.304],[-55.967,51.347],[-56.018,51.218],[-55.719,51.184],[-55.892,50.897],[-56.428,50.376],[-56.523,50.196],[-56.739,50.027],[-56.802,49.802],[-56.725,49.69],[-56.405,49.918],[-56.164,50.15],[-55.723,49.931],[-55.715,49.822],[-55.877,49.596],[-55.698,49.425],[-55.521,49.436],[-55.156,49.549],[-55.223,49.265],[-54.738,49.326],[-54.041,49.481],[-53.679,49.367],[-53.454,49.242],[-53.609,49.044],[-53.924,48.918],[-54.021,48.815],[-53.894,48.632],[-53.521,48.462],[-53.414,48.624],[-53.058,48.436],[-53.639,48.169],[-53.622,48.005],[-53.847,47.707],[-53.554,47.539],[-53.499,47.746],[-53.304,47.989],[-53.054,47.933],[-53.217,47.548],[-53.114,47.431],[-52.704,47.756],[-52.629,47.527]]],[[[-127.241,52.426],[-127.277,52.289],[-127.642,52.138],[-127.82,52.196],[-127.241,52.426]]],[[[-131.113,52.172],[-131.38,52.203],[-131.683,52.49],[-131.883,52.576],[-132.504,53.04],[-132.46,53.132],[-132.065,53.161],[-131.904,53.241],[-131.613,53.056],[-131.619,52.92],[-131.771,52.783],[-131.661,52.542],[-131.248,52.42],[-131.113,52.172]]],[[[-128.804,52.701],[-129.057,52.741],[-129.19,53.023],[-129.079,53.111],[-129.078,53.303],[-128.905,53.293],[-128.622,53.156],[-128.532,52.847],[-128.606,52.611],[-128.804,52.701]]],[[[-129.743,53.235],[-129.939,53.169],[-130.086,53.312],[-130.315,53.393],[-130.531,53.56],[-130.261,53.581],[-129.974,53.458],[-129.743,53.235]]],[[[-130.253,53.892],[-129.831,53.735],[-129.337,53.361],[-129.568,53.215],[-129.797,53.378],[-129.933,53.6],[-130.202,53.73],[-130.253,53.892]]],[[[-132.579,53.207],[-132.929,53.523],[-132.891,53.62],[-133.144,53.897],[-133.041,54.165],[-132.297,54.112],[-132.13,54.034],[-131.693,53.992],[-131.871,53.783],[-131.943,53.522],[-131.908,53.358],[-132.008,53.254],[-132.401,53.148],[-132.579,53.207]]],[[[-61.63,56.846],[-61.352,56.86],[-61.454,56.626],[-61.647,56.744],[-61.63,56.846]]],[[[-101.694,68.77],[-101.829,68.578],[-102.29,68.664],[-101.98,68.826],[-101.694,68.77]]],[[[-100.207,68.804],[-100.622,68.772],[-100.631,68.996],[-100.404,69.03],[-100.207,68.804]]],[[[-95.215,68.862],[-95.439,68.74],[-95.73,68.732],[-96.296,68.48],[-96.52,68.448],[-97.037,68.554],[-97.562,68.564],[-97.761,68.652],[-99.417,68.89],[-99.592,69.041],[-99.309,69.159],[-98.713,69.202],[-98.596,69.558],[-98.021,69.885],[-97.727,69.858],[-97.225,69.682],[-96.893,69.498],[-96.22,69.314],[-95.952,69.14],[-95.846,68.891],[-95.215,68.862]]],[[[-100.872,69.808],[-100.964,69.664],[-101.707,69.691],[-102.013,69.794],[-102.49,69.787],[-102.51,69.564],[-103.221,69.555],[-103.037,69.366],[-102.055,69.484],[-102.173,69.318],[-101.768,69.123],[-101.965,68.97],[-102.523,68.866],[-103.383,68.782],[-104.447,68.942],[-104.594,68.864],[-105.123,68.896],[-104.917,69.048],[-105.886,69.176],[-106.204,69.15],[-106.32,69.405],[-106.584,69.504],[-106.926,69.239],[-107.335,69.026],[-107.941,68.941],[-108.539,68.947],[-108.952,68.742],[-109.625,68.642],[-110.605,68.617],[-111.251,68.52],[-111.531,68.544],[-112.583,68.51],[-112.749,68.463],[-113.35,68.592],[-113.656,68.8],[-113.584,69.201],[-114.397,69.288],[-115.189,69.243],[-115.975,69.3],[-116.633,69.462],[-116.62,69.572],[-117.252,69.764],[-117.442,69.989],[-116.965,70.129],[-116.033,70.22],[-114.185,70.316],[-112.586,70.2],[-112.261,70.309],[-111.809,70.352],[-112.144,70.494],[-112.926,70.565],[-113.207,70.648],[-114.183,70.668],[-115.044,70.604],[-116.039,70.579],[-116.233,70.64],[-117.585,70.606],[-118.187,70.839],[-118.386,71.022],[-117.798,71.17],[-117.475,71.185],[-115.904,71.394],[-116.185,71.5],[-117.226,71.401],[-118.162,71.379],[-118.205,71.598],[-118.591,71.67],[-119.051,71.627],[-119.054,71.935],[-118.678,72.142],[-118.128,72.227],[-118.541,72.373],[-118.513,72.51],[-117.867,72.701],[-117.369,72.918],[-115.57,73.202],[-114.584,73.385],[-114.265,73.336],[-113.958,73.14],[-114.023,72.798],[-114.356,72.746],[-114.322,72.592],[-113.604,72.778],[-113.015,73.016],[-112.077,72.898],[-111.22,72.724],[-111.289,72.566],[-110.729,72.571],[-109.788,72.504],[-110.484,72.839],[-110.704,73.009],[-110.076,72.996],[-108.633,72.566],[-108.663,72.361],[-108.188,71.95],[-108.287,71.799],[-107.992,71.683],[-107.668,71.708],[-107.252,71.902],[-107.779,72.141],[-107.735,72.327],[-108.298,73.134],[-108.013,73.355],[-107.454,73.289],[-106.873,73.316],[-106.246,73.091],[-105.829,73.051],[-105.389,72.798],[-105.457,72.703],[-104.84,71.946],[-104.38,71.6],[-104.282,71.364],[-104.591,71.073],[-104.105,70.898],[-104.024,70.784],[-103.538,70.6],[-103.125,70.576],[-102.409,70.426],[-101.555,70.118],[-100.996,70.175],[-100.872,69.808]]],[[[-72.949,66.735],[-72.803,67.043],[-72.351,67.119],[-72.37,67.331],[-72.608,67.786],[-72.857,67.861],[-72.988,68.173],[-73.413,68.318],[-73.612,68.277],[-73.947,68.413],[-73.729,68.54],[-74.373,68.544],[-74.879,68.826],[-75.497,68.934],[-76.326,68.698],[-76.625,68.682],[-76.422,69.06],[-75.99,69.011],[-75.572,69.157],[-75.687,69.287],[-76.63,69.546],[-77.038,69.606],[-76.873,69.819],[-77.491,69.863],[-77.683,70.184],[-77.892,70.264],[-78.389,70.216],[-78.742,70.428],[-79.389,70.463],[-79.565,70.39],[-78.767,70.191],[-78.665,70.014],[-78.888,69.894],[-79.681,69.849],[-80.068,70.004],[-81.072,70.099],[-81.193,70.001],[-81.6,69.977],[-82.126,69.818],[-82.441,69.844],[-83.052,70.01],[-83.673,69.946],[-85.347,70.032],[-85.783,69.995],[-86.27,70.113],[-87.031,70.468],[-87.425,70.315],[-87.853,70.238],[-88.141,70.396],[-88.694,70.465],[-89.449,70.908],[-89.126,71.032],[-88.642,71.055],[-88.325,70.958],[-87.359,70.95],[-87.228,71.011],[-88.067,71.213],[-89.813,71.329],[-89.989,71.452],[-89.977,71.658],[-89.798,71.758],[-90.099,71.946],[-89.771,72.162],[-89.963,72.257],[-89.753,72.611],[-89.321,72.882],[-89.312,73.046],[-88.687,73.423],[-87.764,73.717],[-86.714,73.847],[-85.106,73.812],[-84.952,73.668],[-85.577,73.512],[-86.03,73.302],[-86.699,72.816],[-86.68,72.646],[-86.326,72.504],[-86.42,72.021],[-86.128,71.794],[-85.497,71.514],[-84.96,71.429],[-84.858,71.276],[-85.543,71.181],[-84.826,71.1],[-84.761,71.408],[-84.528,71.473],[-84.892,71.633],[-85.258,71.668],[-85.573,71.907],[-85.501,72.214],[-85.036,72.255],[-84.814,72.358],[-85.515,72.463],[-85.706,72.638],[-85.536,73.026],[-85.175,73.149],[-85.113,73.322],[-84.008,73.505],[-82.831,73.737],[-81.528,73.716],[-81.229,73.54],[-81.218,73.293],[-80.643,73.17],[-80.64,72.928],[-80.269,72.725],[-80.558,72.628],[-80.512,72.382],[-80.832,72.261],[-80.759,71.984],[-80.397,72.05],[-80.483,72.181],[-80.049,72.398],[-79.283,72.394],[-78.943,72.196],[-78.57,72.356],[-78.535,72.515],[-77.977,72.698],[-77.601,72.756],[-76.889,72.743],[-76.652,72.639],[-75.735,72.583],[-75.198,72.498],[-74.942,72.257],[-75.063,72.128],[-74.242,72.08],[-74.263,71.82],[-73.906,71.776],[-73.254,71.33],[-72.755,71.436],[-72.584,71.655],[-71.92,71.574],[-71.419,71.456],[-71.117,71.27],[-71.445,71.073],[-72.045,71.085],[-72.356,70.879],[-72.164,70.83],[-72.337,70.758],[-71.953,70.791],[-71.323,70.887],[-71.151,71.038],[-70.787,71.115],[-70.516,70.937],[-70.806,70.724],[-69.915,70.88],[-69.59,70.773],[-68.362,70.584],[-68.459,70.373],[-68.905,70.297],[-68.546,70.026],[-68.284,70.084],[-68.323,70.223],[-68.078,70.327],[-67.546,70.148],[-67.225,69.948],[-67.115,69.729],[-68.013,69.776],[-68.587,69.591],[-68.005,69.462],[-67.228,69.464],[-66.788,69.34],[-66.669,69.185],[-67.678,69.177],[-67.735,69.04],[-68.043,68.972],[-68.133,68.837],[-68.646,68.789],[-68.361,68.63],[-67.865,68.498],[-67.643,68.564],[-66.969,68.442],[-66.766,68.242],[-66.827,68.132],[-66.314,68.129],[-66.214,68.005],[-65.182,67.967],[-65.046,67.852],[-64.607,67.832],[-64.076,67.618],[-64.098,67.467],[-63.888,67.242],[-63.412,67.218],[-63.25,67.132],[-63.349,66.891],[-62.905,66.973],[-62.284,66.946],[-62.004,67.037],[-61.606,66.872],[-61.27,66.605],[-61.576,66.55],[-61.492,66.367],[-61.935,66.289],[-62.22,66.397],[-62.539,66.227],[-62.065,66.106],[-62.594,65.664],[-63.16,65.649],[-63.367,65.538],[-63.373,65.154],[-63.532,64.973],[-63.826,64.987],[-63.949,65.11],[-64.537,65.109],[-64.731,65.159],[-65.294,65.56],[-65.503,65.767],[-65.353,65.914],[-65.899,65.954],[-66.472,66.344],[-66.731,66.374],[-66.961,66.541],[-67.303,66.281],[-67.575,66.419],[-67.753,66.255],[-67.218,66.042],[-67.269,65.929],[-68.16,65.872],[-67.736,65.638],[-67.273,65.645],[-67.433,65.504],[-67.084,65.468],[-67.169,65.269],[-66.743,64.968],[-66.209,64.897],[-65.954,64.737],[-65.56,64.713],[-65.726,64.515],[-65.272,64.513],[-65.094,64.42],[-65.269,64.296],[-65.183,64.124],[-64.923,64.014],[-64.991,63.828],[-64.505,63.644],[-64.505,63.346],[-64.772,63.329],[-64.871,63.538],[-65.099,63.55],[-64.77,63.102],[-64.887,62.869],[-65.204,62.896],[-64.947,62.651],[-65.246,62.606],[-65.272,62.788],[-65.666,62.912],[-66.191,62.951],[-66.519,63.077],[-66.698,63.039],[-67.24,63.321],[-67.69,63.633],[-67.869,63.464],[-68.441,63.716],[-68.99,63.74],[-68.76,63.555],[-68.403,63.376],[-68.147,63.161],[-67.633,63.103],[-67.198,62.877],[-66.982,62.703],[-66.551,62.561],[-66.302,62.351],[-65.93,62.198],[-66.129,62.089],[-65.971,61.886],[-66.274,61.858],[-66.746,62.013],[-67.124,62.043],[-67.581,62.181],[-68.554,62.25],[-69.027,62.38],[-69.461,62.564],[-69.627,62.791],[-70.24,62.754],[-70.493,62.867],[-70.899,62.918],[-70.955,63.073],[-71.373,63.049],[-71.618,63.143],[-71.827,63.388],[-71.277,63.566],[-71.566,63.691],[-72.318,63.679],[-73.13,64.292],[-73.482,64.405],[-73.452,64.591],[-74,64.517],[-74.129,64.681],[-74.469,64.562],[-74.713,64.382],[-75.243,64.46],[-75.75,64.46],[-76.407,64.274],[-77.133,64.301],[-77.854,64.37],[-78.144,64.557],[-78.144,64.957],[-77.964,65.052],[-77.313,65.2],[-77.514,65.326],[-77.436,65.46],[-76.677,65.411],[-75.757,65.214],[-75.715,65.309],[-75.215,65.254],[-74.872,65.398],[-74.503,65.343],[-74.179,65.529],[-73.502,65.501],[-73.718,65.775],[-74.012,65.855],[-74.472,66.149],[-73.456,66.551],[-73.345,66.659],[-72.949,66.735]]],[[[-115.324,73.509],[-115.754,73.357],[-116.503,73.238],[-117.215,73.066],[-119.164,72.63],[-119.34,72.347],[-119.773,72.23],[-120.183,72.204],[-120.434,71.964],[-120.383,71.701],[-120.635,71.491],[-121.423,71.38],[-121.738,71.459],[-122.156,71.261],[-123.1,71.085],[-123.436,71.249],[-123.669,71.495],[-124.065,71.7],[-125.232,71.941],[-125.79,71.949],[-125.752,72.148],[-124.946,72.703],[-125.027,72.827],[-124.493,72.977],[-124.86,73.09],[-124.445,73.419],[-124.068,73.54],[-123.774,73.766],[-124.145,73.851],[-124.756,74.349],[-123.304,74.449],[-122.623,74.463],[-121.581,74.556],[-120.157,74.279],[-119.662,74.225],[-118.725,74.221],[-118.066,74.281],[-117.416,74.232],[-116.867,74.088],[-115.324,73.509]]],[[[-126.659,49.788],[-126.679,49.592],[-126.913,49.692],[-126.659,49.788]]],[[[-126.994,50.589],[-126.46,50.475],[-126.193,50.47],[-125.74,50.356],[-125.436,50.314],[-125.178,49.925],[-124.882,49.725],[-124.838,49.517],[-124.545,49.377],[-124.36,49.357],[-123.813,49.119],[-123.835,49],[-123.594,48.837],[-123.531,48.685],[-123.39,48.62],[-123.555,48.328],[-123.891,48.367],[-124.665,48.573],[-125.094,48.73],[-125.185,48.801],[-124.968,48.988],[-125.366,48.987],[-125.469,48.918],[-125.736,49.053],[-125.699,49.181],[-125.956,49.233],[-126.076,49.384],[-126.573,49.414],[-126.637,49.817],[-126.767,49.912],[-127.122,49.858],[-127.488,50.13],[-127.774,50.092],[-127.775,50.233],[-127.916,50.466],[-127.558,50.493],[-127.546,50.57],[-128.067,50.454],[-128.32,50.61],[-128.407,50.781],[-128.098,50.866],[-127.882,50.867],[-127.505,50.773],[-127.199,50.621],[-126.994,50.589]]],[[[-67.881,60.497],[-67.96,60.333],[-68.321,60.197],[-68.439,60.259],[-68.241,60.586],[-67.881,60.497]]],[[[-64.841,61.352],[-65.486,61.599],[-65.047,61.698],[-64.717,61.663],[-64.675,61.508],[-64.841,61.352]]],[[[-79.282,62.27],[-79.267,62.163],[-79.548,61.76],[-79.759,61.582],[-80.18,61.774],[-80.286,61.93],[-80.215,62.138],[-79.831,62.411],[-79.559,62.42],[-79.282,62.27]]],[[[-64.381,62.527],[-64.605,62.37],[-64.923,62.42],[-64.842,62.556],[-64.381,62.527]]],[[[-70.241,62.616],[-70.362,62.527],[-70.82,62.627],[-70.907,62.775],[-70.492,62.767],[-70.241,62.616]]],[[[-82.191,62.986],[-81.862,62.925],[-81.957,62.698],[-82.296,62.585],[-82.425,62.472],[-83.066,62.187],[-83.281,62.253],[-83.673,62.145],[-83.907,62.491],[-83.553,62.7],[-83.52,62.826],[-83.119,62.847],[-82.739,62.938],[-82.191,62.986]]],[[[-77.538,63.288],[-77.645,63.143],[-77.941,63.087],[-78.532,63.39],[-78.186,63.493],[-77.683,63.439],[-77.538,63.288]]],[[[-76.689,63.486],[-76.982,63.407],[-77.418,63.591],[-77.12,63.685],[-76.709,63.568],[-76.689,63.486]]],[[[-80.183,63.768],[-80.466,63.727],[-81.019,63.45],[-82.075,63.692],[-82.49,63.688],[-82.356,63.853],[-82.534,63.973],[-83.138,64.007],[-83.513,64.12],[-83.685,64.014],[-83.596,63.822],[-84.064,63.621],[-84.405,63.555],[-84.59,63.315],[-85.274,63.123],[-85.635,63.243],[-85.617,63.675],[-85.794,63.713],[-86.285,63.646],[-86.661,63.658],[-87.064,63.555],[-87.224,63.66],[-86.896,63.93],[-86.193,64.103],[-86.406,64.439],[-86.353,64.651],[-86.159,64.939],[-86.174,65.287],[-86.028,65.665],[-85.61,65.911],[-85.201,65.809],[-85.052,65.614],[-85.077,65.456],[-84.848,65.214],[-84.593,65.484],[-84.152,65.332],[-84.098,65.21],[-83.398,65.137],[-83.208,64.948],[-82.715,64.781],[-82.123,64.692],[-81.771,64.512],[-81.627,64.124],[-81.971,63.994],[-80.979,64.069],[-80.183,63.768]]],[[[-85.001,66.008],[-84.715,65.835],[-84.574,65.636],[-84.713,65.555],[-85.113,65.762],[-85.186,65.947],[-85.001,66.008]]],[[[-84.474,66.09],[-84.069,66.063],[-83.693,65.926],[-83.843,65.684],[-84.143,65.767],[-84.125,65.907],[-84.474,66.09]]],[[[-73.358,67.838],[-73.409,67.776],[-74.402,67.779],[-74.64,67.857],[-74.756,68.063],[-74.277,68.078],[-73.413,67.968],[-73.358,67.838]]],[[[-86.577,68.291],[-86.408,68.208],[-86.413,67.845],[-86.837,67.792],[-86.986,68.067],[-86.748,68.287],[-86.577,68.291]]],[[[-75.034,68.173],[-75.161,67.953],[-75.044,67.817],[-75.065,67.552],[-75.39,67.358],[-75.889,67.258],[-76.982,67.243],[-77.178,67.426],[-77.323,67.708],[-77.245,67.836],[-76.689,68.263],[-75.911,68.345],[-75.138,68.236],[-75.034,68.173]]],[[[-74.838,68.42],[-75.379,68.499],[-75.26,68.721],[-74.989,68.669],[-74.838,68.42]]],[[[-79.08,68.879],[-79.423,68.927],[-79.204,69.085],[-78.863,69.148],[-78.731,69.325],[-78.215,69.294],[-78.871,68.902],[-79.08,68.879]]],[[[-76.692,69.411],[-76.675,69.311],[-76.992,69.145],[-77.265,69.147],[-77.36,69.39],[-76.692,69.411]]],[[[-79.971,69.633],[-80.21,69.619],[-80.718,69.756],[-80.232,69.804],[-79.974,69.731],[-79.672,69.82],[-79.348,69.695],[-79.971,69.633]]],[[[-71.508,71.017],[-71.386,70.929],[-72.091,70.812],[-72.228,70.935],[-72.067,70.932],[-72.012,71.052],[-71.508,71.017]]],[[[-104.681,73.63],[-104.501,73.567],[-104.573,73.332],[-105.202,72.945],[-105.486,72.956],[-106.456,73.403],[-107.039,73.484],[-106.6,73.711],[-105.167,73.757],[-104.681,73.63]]],[[[-80.903,73.607],[-80.56,73.773],[-79.45,73.635],[-78.139,73.669],[-77.213,73.511],[-76.757,73.321],[-76.521,73.129],[-76.272,73.102],[-76.319,72.817],[-78.171,72.899],[-79.175,72.755],[-79.949,72.847],[-80.176,73.046],[-80.142,73.224],[-80.771,73.279],[-80.903,73.607]]],[[[-96.321,72.467],[-96.718,72.3],[-96.485,72.128],[-96.56,71.84],[-96.962,71.807],[-97.461,71.617],[-97.97,71.662],[-98.215,71.409],[-98.541,71.292],[-99.235,71.35],[-99.864,71.859],[-100.035,71.868],[-100.637,72.186],[-101.84,72.326],[-101.934,72.487],[-102.614,72.661],[-102.756,72.812],[-102.485,73.041],[-101.763,73.019],[-101.296,72.719],[-100.448,72.738],[-100.035,72.936],[-100.381,73.29],[-100.858,73.263],[-101.563,73.45],[-100.968,73.812],[-100.303,73.861],[-100.001,73.95],[-99.218,73.739],[-98.097,73.818],[-97.57,73.894],[-96.956,73.737],[-96.995,73.626],[-97.669,73.482],[-97.733,73.306],[-98.349,73.044],[-97.661,73.037],[-96.932,72.676],[-96.452,72.642],[-96.321,72.467]]],[[[-99.247,73.855],[-98.753,74.034],[-97.725,74.122],[-97.808,73.978],[-98.143,73.878],[-99.247,73.855]]],[[[-90.291,73.923],[-90.511,73.698],[-91.176,73.354],[-91.858,72.848],[-92.385,72.71],[-93.403,72.794],[-93.793,72.693],[-93.464,72.463],[-93.811,72.316],[-94.088,72.064],[-95.145,71.966],[-95.214,72.205],[-95.136,72.463],[-95.593,72.699],[-95.719,73.012],[-95.582,73.162],[-95.656,73.704],[-95.246,73.76],[-95.249,74.01],[-94.374,74.132],[-93.273,74.178],[-92.114,73.984],[-91.815,74.029],[-90.994,74.006],[-90.291,73.923]]],[[[-103.638,75.2],[-103.867,75.064],[-104.706,75.069],[-104.814,75.182],[-104.403,75.433],[-103.821,75.367],[-103.638,75.2]]],[[[-93.437,74.944],[-93.608,74.654],[-94.724,74.632],[-95.305,74.805],[-95.898,74.826],[-96.404,74.937],[-96.605,75.065],[-96.469,75.194],[-95.945,75.284],[-95.791,75.501],[-94.9,75.645],[-94.394,75.604],[-93.499,75.268],[-93.437,74.944]]],[[[-102.572,75.993],[-103.692,75.889],[-103.725,75.978],[-102.572,75.993]]],[[[-117.785,75.896],[-117.935,75.735],[-118.614,75.504],[-119.409,75.602],[-118.621,75.922],[-117.463,76.088],[-117.785,75.896]]],[[[-103.811,76.034],[-104.368,76.076],[-104.312,76.212],[-102.727,76.316],[-102.531,76.157],[-102.838,76.081],[-103.811,76.034]]],[[[-104.398,76.469],[-103.883,76.578],[-103.023,76.416],[-103.336,76.332],[-104.378,76.325],[-104.398,76.469]]],[[[-97.425,75.52],[-97.924,75.52],[-98.117,75.298],[-97.685,75.17],[-98.035,75.026],[-99.645,74.976],[-100.33,75.014],[-100.252,75.263],[-100.676,75.336],[-100.283,75.527],[-100.223,75.667],[-102.064,75.548],[-102.729,75.574],[-102.262,75.87],[-101.833,75.906],[-102.103,76.221],[-102.035,76.413],[-101.413,76.438],[-101.128,76.26],[-100.479,76.234],[-100.963,76.48],[-100.27,76.65],[-99.029,76.602],[-98.508,76.637],[-97.665,76.486],[-97.789,76.322],[-97.5,76.157],[-97.57,75.865],[-97.898,75.76],[-97.378,75.68],[-97.425,75.52]]],[[[-89.675,76.733],[-90.065,76.486],[-90.568,76.716],[-89.982,76.842],[-89.675,76.733]]],[[[-105.395,75.674],[-105.689,75.527],[-105.661,75.355],[-106.009,75.057],[-106.76,75.003],[-107.005,74.924],[-107.72,75.016],[-108.417,74.917],[-108.824,75.072],[-109.582,74.858],[-110.308,74.852],[-110.617,74.705],[-111.658,74.501],[-112.437,74.414],[-113.024,74.396],[-113.693,74.444],[-114.44,74.684],[-112.798,74.985],[-111.555,75.013],[-111.028,75.177],[-113.887,75.058],[-113.94,75.183],[-114.958,74.971],[-115.715,74.97],[-116.338,75.116],[-117.51,75.201],[-117.675,75.293],[-117.202,75.481],[-116.042,75.485],[-115.59,75.588],[-117.198,75.576],[-116.885,75.789],[-116.203,75.868],[-116.706,76.058],[-116.526,76.16],[-115.779,76.237],[-115.875,76.364],[-115.512,76.456],[-114.206,76.471],[-113.963,76.191],[-112.994,76.273],[-112.432,76.171],[-112.365,76.034],[-111.493,75.815],[-111.274,75.527],[-110.514,75.573],[-108.896,75.492],[-109.102,75.75],[-110.055,75.896],[-109.433,76.004],[-109.323,76.115],[-110.384,76.301],[-109.184,76.822],[-108.451,76.733],[-108.687,76.602],[-108.616,76.423],[-108.081,76.287],[-108.458,76.103],[-107.858,76.066],[-107.046,75.889],[-106.607,76.062],[-105.76,75.99],[-105.395,75.674]]],[[[-114.837,76.76],[-114.435,76.882],[-113.846,76.899],[-113.831,76.726],[-114.837,76.76]]],[[[-79.56,74.992],[-79.395,74.876],[-80.245,74.759],[-80.162,74.624],[-80.542,74.564],[-81.32,74.562],[-81.789,74.458],[-83.494,74.578],[-84.258,74.506],[-87.644,74.458],[-88.518,74.501],[-88.412,74.759],[-89.114,74.697],[-89.434,74.553],[-89.949,74.533],[-90.701,74.646],[-90.757,74.834],[-91.513,74.645],[-92.018,74.777],[-92.114,75.136],[-92.504,75.218],[-92.3,75.513],[-92.004,75.602],[-92.185,75.895],[-93.128,76.37],[-93.591,76.3],[-94.848,76.269],[-95.823,76.399],[-96.643,76.753],[-96.851,76.93],[-95.771,77.077],[-93.701,76.921],[-92.95,76.63],[-92.334,76.602],[-91.441,76.694],[-90.572,76.564],[-90.448,76.411],[-89.298,76.301],[-89.38,76.184],[-90.456,76.178],[-90.114,75.937],[-89.198,75.796],[-89.257,75.636],[-88.58,75.659],[-88.2,75.518],[-87.366,75.616],[-86.778,75.476],[-86.196,75.415],[-86.01,75.536],[-85.299,75.575],[-85.045,75.656],[-84.29,75.713],[-83.918,75.815],[-83.089,75.74],[-82.331,75.844],[-81.113,75.779],[-80.503,75.662],[-79.501,75.392],[-79.628,75.18],[-80.345,75.04],[-79.56,74.992]]],[[[-119.317,76.2],[-119.684,76.094],[-119.863,75.859],[-120.971,76.024],[-121.437,75.944],[-122.483,76.102],[-122.832,76.237],[-122.381,76.409],[-121.554,76.437],[-121.089,76.671],[-120.368,76.815],[-120.091,77.006],[-118.821,77.361],[-117.852,77.39],[-117.231,77.286],[-116.914,77.474],[-116.407,77.562],[-115.404,77.318],[-116.247,77.196],[-116.222,77.042],[-115.831,76.973],[-116.04,76.828],[-115.893,76.698],[-116.325,76.582],[-117.075,76.526],[-116.934,76.356],[-117.352,76.26],[-118.007,76.402],[-118.302,76.568],[-118.946,76.523],[-118.569,76.345],[-119.317,76.2]]],[[[-89.661,77.356],[-90.094,77.204],[-90.924,77.307],[-91.2,77.408],[-91.169,77.617],[-90.304,77.629],[-89.776,77.486],[-89.661,77.356]]],[[[-104.395,77.193],[-104.754,77.111],[-105.536,77.304],[-105.844,77.62],[-105.503,77.721],[-104.421,77.308],[-104.395,77.193]]],[[[-93.252,77.644],[-93.478,77.488],[-95.988,77.479],[-96.235,77.706],[-95.506,77.811],[-93.608,77.781],[-93.252,77.644]]],[[[-102.449,77.74],[-102.398,77.889],[-101.645,77.89],[-100.958,77.76],[-101.791,77.679],[-102.449,77.74]]],[[[-113.686,77.867],[-114.301,77.713],[-115.118,77.96],[-114.115,78],[-113.686,77.867]]],[[[-109.604,78.074],[-109.686,77.971],[-110.841,77.87],[-110.13,77.781],[-110.235,77.504],[-112.109,77.326],[-113.2,77.528],[-113.241,77.905],[-112.271,78.015],[-110.712,78.104],[-109.604,78.074]]],[[[-109.26,78.459],[-109.823,78.295],[-110.84,78.315],[-111.778,78.27],[-112.176,78.377],[-113.062,78.274],[-113.214,78.407],[-112.355,78.54],[-111.816,78.549],[-110.427,78.766],[-109.347,78.535],[-109.26,78.459]]],[[[-96.91,77.795],[-96.993,77.925],[-97.672,78.027],[-97.767,78.247],[-98.411,78.494],[-98.149,78.819],[-97.451,78.797],[-95.119,78.455],[-94.828,78.364],[-95.37,78.247],[-94.889,78.109],[-95.061,77.973],[-96.632,77.877],[-96.91,77.795]]],[[[-105.607,79.104],[-105.449,79.269],[-103.722,79.363],[-102.879,79.233],[-102.607,79.076],[-101.648,79.081],[-99.558,78.599],[-99.803,78.308],[-99.045,78.082],[-99.017,77.894],[-99.939,77.783],[-100.61,77.864],[-101.092,78.206],[-102.161,78.288],[-102.744,78.381],[-103.947,78.243],[-104.82,78.362],[-105.018,78.524],[-104.641,78.583],[-103.497,78.507],[-103.384,78.775],[-104.953,79.054],[-105.607,79.104]]],[[[-100.152,79.998],[-99.779,80.151],[-98.874,80.084],[-98.651,79.792],[-99.3,79.759],[-100.152,79.998]]],[[[-96.623,80.044],[-94.846,80.045],[-96.322,80.262],[-96.027,80.584],[-94.375,80.617],[-94.695,80.734],[-95.5,80.808],[-95.232,81.015],[-93.217,81.215],[-94.396,81.262],[-94.188,81.367],[-93.258,81.373],[-91.829,81.162],[-90.766,80.576],[-89.058,80.468],[-87.701,80.413],[-87.587,80.179],[-86.971,79.882],[-87.189,79.628],[-86.309,79.648],[-85.564,79.58],[-84.919,79.296],[-85.51,79.166],[-86.504,79.069],[-87.91,78.552],[-88.551,78.433],[-88.77,78.186],[-89.599,78.285],[-90.353,78.145],[-91.604,78.191],[-92.503,78.313],[-92.953,78.437],[-92.656,78.612],[-93.347,78.608],[-94.272,78.968],[-93.433,79.156],[-92.627,79.245],[-92.58,79.385],[-94.388,79.371],[-94.961,79.292],[-95.78,79.42],[-95.854,79.652],[-96.543,79.848],[-96.623,80.044]]],[[[-61.085,82.331],[-61.312,82.197],[-62.258,82.024],[-64.373,81.725],[-65.361,81.734],[-66.654,81.5],[-64.546,81.55],[-64.692,81.391],[-65.989,81.228],[-66.672,81.04],[-68.279,80.76],[-69.374,80.397],[-70.211,80.188],[-71.142,79.789],[-72.232,79.663],[-73.386,79.755],[-73.174,79.539],[-74.696,79.45],[-75.028,79.373],[-76.835,79.356],[-75.948,79.237],[-74.469,79.227],[-74.454,79.077],[-75.087,79.032],[-76.133,79.124],[-75.828,78.926],[-74.774,78.835],[-75.108,78.375],[-75.582,78.113],[-76.881,77.905],[-77.154,77.949],[-77.981,77.817],[-77.737,77.601],[-78.289,77.378],[-78.82,77.384],[-79.432,77.239],[-79.006,77.105],[-78.868,76.924],[-78.091,77.023],[-77.716,76.822],[-77.771,76.664],[-78.5,76.459],[-80.667,76.164],[-81.065,76.208],[-80.776,76.387],[-80.969,76.48],[-81.935,76.495],[-82.801,76.39],[-84.235,76.447],[-84.41,76.309],[-85.203,76.284],[-86.413,76.41],[-87.63,76.336],[-89.17,76.424],[-89.657,76.565],[-89.419,76.687],[-89.537,76.857],[-88.294,77.136],[-87.475,77.111],[-87.083,77.189],[-87.681,77.353],[-87.647,77.487],[-88.222,77.664],[-88.181,77.801],[-87.192,77.905],[-86.216,77.793],[-85.796,77.513],[-85.402,77.401],[-84.617,77.384],[-84.761,77.52],[-85.282,77.66],[-85.19,77.798],[-86.228,78.062],[-87.488,78.127],[-87.482,78.452],[-86.61,78.809],[-85.757,78.832],[-84.752,79.039],[-84.33,79.192],[-84.487,79.413],[-85.322,79.68],[-86.45,79.754],[-86.643,80.153],[-86.438,80.32],[-85.316,80.269],[-83.788,80.251],[-82.171,79.869],[-82.169,80.018],[-83.159,80.335],[-80.352,80.473],[-79.964,80.611],[-78.532,80.781],[-79.153,81.103],[-79.614,80.828],[-81.217,80.628],[-82.913,80.539],[-84.397,80.51],[-86.118,80.537],[-88.101,80.681],[-89.386,80.879],[-88.413,80.999],[-86.699,81.005],[-86.522,81.125],[-89.826,81.013],[-90.353,81.174],[-90.35,81.376],[-90.962,81.563],[-91.949,81.632],[-91.709,81.734],[-90.243,81.9],[-89.645,81.864],[-88.681,82.058],[-86.162,82.046],[-86.848,82.221],[-85.351,82.29],[-85.762,82.467],[-82.401,82.247],[-82.712,82.381],[-81.576,82.791],[-80.352,82.864],[-77.852,82.926],[-76.135,83.054],[-74.2,83.002],[-72.274,83.109],[-69.688,83.117],[-69.483,83.046],[-67.597,82.971],[-65.852,82.842],[-63.447,82.827],[-63.652,82.718],[-63.065,82.537],[-61.579,82.489],[-61.085,82.331]]],[[[-73.499,45.71],[-73.539,45.487],[-73.801,45.467],[-73.499,45.71]]],[[[-60.081,45.792],[-60.395,45.643],[-60.672,45.574],[-60.907,45.614],[-61.335,45.566],[-61.455,45.71],[-61.541,46.04],[-61.095,46.454],[-60.869,46.8],[-60.603,47.034],[-60.309,46.803],[-60.35,46.616],[-60.509,46.368],[-60.427,46.284],[-60.701,46.088],[-60.815,45.937],[-60.962,45.915],[-60.948,45.752],[-60.73,45.714],[-60.623,45.856],[-60.782,45.954],[-60.405,46.164],[-60.174,46.231],[-59.882,46.177],[-59.803,45.957],[-60.081,45.792]]],[[[-62.004,46.464],[-62.385,46.306],[-62.527,46.057],[-62.846,45.978],[-62.997,46.179],[-63.233,46.145],[-63.628,46.224],[-64.108,46.544],[-64.417,46.683],[-64.231,46.903],[-63.847,46.601],[-63.195,46.431],[-62.953,46.424],[-62.517,46.476],[-62.004,46.464]]],[[[-64.319,49.791],[-64.451,49.909],[-64.133,49.95],[-63.945,49.896],[-63.375,49.829],[-62.962,49.741],[-62.534,49.605],[-62.204,49.414],[-61.883,49.354],[-61.661,49.151],[-61.707,49.098],[-62.248,49.068],[-63.093,49.233],[-63.587,49.39],[-63.641,49.513],[-63.925,49.675],[-64.319,49.791]]],[[[-80.759,52.919],[-80.67,52.742],[-81.027,52.753],[-82.063,53.023],[-81.883,53.18],[-81.424,53.229],[-81.123,53.202],[-80.759,52.919]]],[[[-79.546,56.044],[-79.867,55.843],[-80.026,55.9],[-79.737,56.161],[-79.429,56.21],[-79.235,56.551],[-79.043,56.366],[-79.469,55.879],[-79.546,56.044]]]]},"properties":{"id":"canada"}},{"type":"Feature","geometry":{"type":"MultiPolygon","coordinates":[[[[-97.139,25.966],[-97.165,25.723],[-97.319,25.39],[-97.459,25.179],[-97.651,24.516],[-97.717,24.008],[-97.769,23.26],[-97.742,22.972],[-97.889,22.625],[-97.858,22.593],[-97.761,22.096],[-97.61,21.836],[-97.316,21.561],[-97.374,21.504],[-97.625,21.794],[-97.658,21.637],[-97.497,21.401],[-97.197,20.81],[-97.151,20.647],[-96.676,20.158],[-96.456,19.869],[-96.278,19.315],[-96.157,19.225],[-95.824,18.745],[-95.495,18.707],[-95.208,18.709],[-95.003,18.555],[-94.808,18.524],[-94.581,18.19],[-94.467,18.144],[-94.207,18.19],[-93.861,18.307],[-93.593,18.345],[-93.445,18.442],[-92.94,18.446],[-92.681,18.623],[-92.405,18.671],[-91.948,18.691],[-91.829,18.477],[-91.521,18.455],[-91.333,18.573],[-91.266,18.736],[-91.482,18.843],[-90.936,19.163],[-90.73,19.376],[-90.703,19.711],[-90.478,19.922],[-90.49,20.534],[-90.36,21],[-90.078,21.174],[-89.786,21.285],[-89.123,21.363],[-88.703,21.459],[-88.448,21.575],[-88.283,21.557],[-88.129,21.616],[-87.962,21.6],[-87.474,21.467],[-87.238,21.443],[-86.998,21.566],[-86.828,21.433],[-86.815,21.205],[-86.742,21.164],[-86.875,20.855],[-87.067,20.619],[-87.235,20.493],[-87.444,20.191],[-87.472,19.885],[-87.742,19.615],[-87.619,19.547],[-87.423,19.558],[-87.606,19.02],[-87.662,18.767],[-87.737,18.645],[-87.771,18.406],[-88.078,18.499],[-88.002,18.69],[-88.104,18.803],[-88.304,18.481],[-88.489,18.485],[-88.736,18.052],[-88.88,17.888],[-89.049,17.999],[-89.16,17.814],[-90.26,17.815],[-90.991,17.802],[-90.992,17.252],[-91.29,17.189],[-91.067,16.918],[-90.735,16.747],[-90.544,16.49],[-90.391,16.386],[-90.486,16.071],[-91.724,16.069],[-92.205,15.29],[-92.074,15.074],[-92.154,14.996],[-92.162,14.702],[-92.246,14.546],[-92.7,14.999],[-92.864,15.191],[-93.656,15.839],[-93.943,16.011],[-94.142,16.227],[-94.364,16.287],[-94.44,16.187],[-94.654,16.364],[-94.763,16.294],[-94.879,16.425],[-94.975,16.326],[-94.896,16.212],[-95.233,16.158],[-95.434,15.975],[-95.96,15.828],[-96.237,15.683],[-96.556,15.659],[-96.845,15.733],[-97.266,15.936],[-97.773,15.979],[-98.216,16.225],[-98.568,16.324],[-98.777,16.555],[-98.857,16.528],[-99.374,16.668],[-99.741,16.731],[-99.992,16.91],[-101.008,17.253],[-101.182,17.413],[-101.456,17.526],[-101.644,17.668],[-101.811,17.89],[-102.037,17.991],[-102.191,17.916],[-102.597,18.049],[-102.742,18.067],[-103.498,18.333],[-103.7,18.654],[-103.98,18.875],[-104.332,19.022],[-104.452,19.104],[-104.807,19.229],[-105.017,19.368],[-105.088,19.561],[-105.251,19.666],[-105.526,20.032],[-105.553,20.201],[-105.699,20.407],[-105.576,20.488],[-105.329,20.514],[-105.234,20.636],[-105.362,20.763],[-105.514,20.77],[-105.31,21.031],[-105.234,21.061],[-105.243,21.342],[-105.185,21.443],[-105.414,21.601],[-105.632,21.956],[-105.655,22.256],[-105.8,22.638],[-106.032,22.83],[-106.22,23.052],[-106.435,23.244],[-106.523,23.408],[-106.793,23.632],[-106.902,23.847],[-107.036,23.981],[-107.378,24.207],[-107.624,24.458],[-107.995,24.648],[-108.044,24.828],[-108.156,24.883],[-108.106,25.027],[-108.212,25.167],[-108.888,25.49],[-109.116,25.536],[-109.171,25.649],[-109.441,25.793],[-109.433,26.022],[-109.232,26.263],[-109.256,26.498],[-109.506,26.729],[-109.694,26.678],[-109.856,26.801],[-109.917,27.06],[-110.288,27.148],[-110.555,27.385],[-110.627,27.609],[-110.587,27.837],[-110.808,27.928],[-110.867,27.863],[-111.251,28.052],[-111.473,28.381],[-111.708,28.46],[-111.894,28.781],[-112.152,28.987],[-112.263,29.33],[-112.506,29.617],[-112.686,29.908],[-112.751,29.924],[-112.753,30.186],[-112.871,30.429],[-113.08,30.67],[-113.129,30.812],[-113.049,31.157],[-113.117,31.218],[-113.549,31.296],[-113.66,31.498],[-113.876,31.597],[-114.029,31.492],[-114.159,31.495],[-114.585,31.761],[-114.828,31.79],[-114.781,31.656],[-114.853,31.527],[-114.889,31.163],[-114.72,30.941],[-114.698,30.637],[-114.631,30.495],[-114.66,30.183],[-114.392,29.783],[-114.271,29.772],[-113.771,29.408],[-113.479,28.946],[-113.354,28.8],[-113.26,28.84],[-113.103,28.505],[-112.902,28.475],[-112.794,28.19],[-112.773,27.864],[-112.598,27.654],[-112.373,27.564],[-112.155,27.162],[-112.011,27.117],[-112.017,26.979],[-111.818,26.896],[-111.56,26.696],[-111.565,26.558],[-111.318,26.074],[-111.36,25.964],[-111.307,25.779],[-111.026,25.459],[-110.904,25.143],[-110.758,25.012],[-110.66,24.789],[-110.739,24.555],[-110.682,24.361],[-110.562,24.213],[-110.402,24.176],[-110.297,24.352],[-110.007,24.159],[-109.988,24.046],[-109.698,23.798],[-109.68,23.648],[-109.476,23.56],[-109.426,23.297],[-109.532,23.108],[-109.954,22.872],[-110.098,23.018],[-110.186,23.34],[-110.307,23.541],[-110.577,23.682],[-111.04,24.104],[-111.444,24.324],[-111.679,24.586],[-111.849,24.654],[-111.967,24.778],[-112.088,24.773],[-112.143,25.086],[-112.078,25.259],[-112.063,25.495],[-112.109,25.784],[-112.198,25.995],[-112.343,26.178],[-112.728,26.37],[-113.061,26.599],[-113.143,26.758],[-113.504,26.793],[-113.637,26.726],[-113.816,26.949],[-114.005,26.977],[-114.114,27.105],[-114.488,27.238],[-114.506,27.406],[-114.734,27.521],[-114.923,27.836],[-114.499,27.774],[-114.325,27.875],[-114.175,27.816],[-114.04,28.028],[-114.125,28.256],[-114.043,28.458],[-114.166,28.647],[-114.272,28.659],[-114.402,28.86],[-114.592,28.965],[-114.972,29.378],[-115.187,29.429],[-115.286,29.53],[-115.499,29.611],[-115.698,29.756],[-115.837,30.346],[-116.049,30.48],[-116.068,30.813],[-116.25,30.957],[-116.309,31.149],[-116.53,31.44],[-116.676,31.553],[-116.62,31.858],[-116.842,31.987],[-116.948,32.247],[-117.025,32.277],[-117.125,32.532],[-115.868,32.626],[-114.724,32.713],[-114.822,32.5],[-113.962,32.234],[-112.325,31.728],[-111.067,31.334],[-109.966,31.327],[-108.215,31.327],[-108.215,31.778],[-106.517,31.774],[-106.358,31.718],[-106.209,31.477],[-106.005,31.397],[-105.768,31.18],[-105.591,31.071],[-105.364,30.85],[-105.134,30.758],[-104.887,30.552],[-104.855,30.417],[-104.682,30.193],[-104.677,29.937],[-104.531,29.668],[-104.267,29.527],[-104.019,29.32],[-103.794,29.278],[-103.673,29.174],[-103.302,29.002],[-103.148,28.985],[-102.883,29.344],[-102.683,29.744],[-102.406,29.777],[-102.321,29.894],[-102.109,29.802],[-101.972,29.818],[-101.409,29.766],[-101.164,29.501],[-100.796,29.258],[-100.669,29.116],[-100.624,28.925],[-100.397,28.593],[-100.275,28.277],[-100.075,28.154],[-99.7,27.659],[-99.507,27.574],[-99.498,27.339],[-99.432,27.208],[-99.462,27.057],[-99.248,26.827],[-99.165,26.54],[-99.085,26.408],[-98.801,26.372],[-98.641,26.242],[-98.369,26.194],[-98.223,26.075],[-97.802,26.064],[-97.66,26.031],[-97.425,25.855],[-97.266,25.961],[-97.139,25.966]]],[[[-115.195,28.341],[-115.156,28.141],[-115.334,28.125],[-115.195,28.341]]],[[[-112.275,28.768],[-112.583,28.875],[-112.486,28.972],[-112.465,29.182],[-112.282,29.225],[-112.196,29.021],[-112.275,28.768]]],[[[-113.138,29.065],[-113.244,29.069],[-113.589,29.41],[-113.477,29.532],[-113.35,29.384],[-113.183,29.29],[-113.138,29.065]]],[[[-86.749,20.592],[-86.797,20.477],[-86.995,20.261],[-87.008,20.436],[-86.937,20.547],[-86.749,20.592]]]]},"properties":{"id":"mexico"}},{"type":"Feature","geometry":{"type":"Polygon","coordinates":[[[-89.16,17.814],[-89.049,17.999],[-88.88,17.888],[-88.736,18.052],[-88.489,18.485],[-88.304,18.481],[-88.092,18.118],[-88.208,17.882],[-88.283,17.58],[-88.231,17.497],[-88.301,17.178],[-88.217,16.955],[-88.283,16.891],[-88.306,16.653],[-88.537,16.271],[-88.74,16.23],[-88.9,16.011],[-88.914,15.894],[-89.237,15.894],[-89.149,17.036],[-89.16,17.814]]]},"properties":{"id":"belize"}},{"type":"Feature","geometry":{"type":"Polygon","coordinates":[[[-82.574,9.576],[-82.35,9.402],[-82.388,9.286],[-82.266,9.185],[-82.246,9.014],[-82.098,8.931],[-81.721,9.032],[-81.539,8.813],[-81.304,8.782],[-81.088,8.809],[-80.822,8.891],[-80.637,9.052],[-80.101,9.222],[-79.909,9.308],[-79.551,9.629],[-79.194,9.54],[-78.903,9.423],[-78.728,9.455],[-78.438,9.404],[-78.037,9.236],[-77.744,8.964],[-77.545,8.715],[-77.374,8.665],[-77.48,8.526],[-77.201,7.982],[-77.377,7.787],[-77.34,7.707],[-77.58,7.528],[-77.82,7.477],[-77.896,7.235],[-78.144,7.498],[-78.395,7.917],[-78.431,8.077],[-78.286,8.081],[-78.156,8.394],[-78.321,8.466],[-78.388,8.336],[-78.532,8.576],[-78.758,8.829],[-79.176,9.011],[-79.482,8.998],[-79.752,8.816],[-79.774,8.58],[-80.225,8.301],[-80.381,8.31],[-80.47,8.221],[-80.456,8.036],[-80.144,7.753],[-79.994,7.523],[-80.01,7.465],[-80.358,7.382],[-80.474,7.253],[-80.873,7.213],[-80.946,7.556],[-81.085,7.794],[-81.201,7.625],[-81.526,7.711],[-81.711,8.13],[-82.093,8.22],[-82.28,8.343],[-82.512,8.276],[-82.659,8.323],[-82.877,8.219],[-82.898,8.035],[-82.944,8.249],[-83.052,8.328],[-82.87,8.438],[-82.836,8.53],[-82.924,8.741],[-82.749,8.974],[-82.94,9.071],[-82.944,9.437],[-82.829,9.603],[-82.619,9.487],[-82.574,9.576]]]},"properties":{"id":"panama"}},{"type":"Feature","geometry":{"type":"MultiPolygon","coordinates":[[[[-60.021,8.558],[-59.816,8.288],[-59.993,8.169],[-60.019,8.06],[-60.231,7.964],[-60.375,7.824],[-60.503,7.821],[-60.73,7.51],[-60.6,7.322],[-60.644,7.251],[-60.292,7.105],[-60.421,6.942],[-60.934,6.732],[-61.13,6.716],[-61.21,6.541],[-61.14,6.441],[-61.122,6.187],[-61.256,6.114],[-61.38,5.905],[-60.74,5.202],[-60.664,5.17],[-60.613,4.901],[-60.764,4.755],[-60.896,4.709],[-61.012,4.518],[-61.297,4.524],[-61.458,4.419],[-61.567,4.249],[-61.719,4.255],[-61.931,4.146],[-62.193,4.095],[-62.384,4.173],[-62.561,4.038],[-62.766,4.021],[-62.74,3.742],[-62.796,3.597],[-62.997,3.599],[-63.286,3.921],[-63.425,3.968],[-63.511,3.855],[-63.623,3.935],[-63.875,3.95],[-64.064,3.912],[-64.147,4.111],[-64.365,4.152],[-64.59,4.119],[-64.663,3.997],[-64.531,3.854],[-64.324,3.724],[-64.203,3.595],[-64.246,3.419],[-64.223,3.124],[-63.998,2.706],[-64.048,2.471],[-63.831,2.429],[-63.385,2.421],[-63.412,2.149],[-63.618,2.101],[-63.763,1.986],[-63.995,1.958],[-64.054,1.894],[-64.075,1.665],[-64.13,1.578],[-64.39,1.369],[-64.409,1.508],[-64.731,1.248],[-64.839,1.271],[-65.022,1.14],[-65.137,1.127],[-65.203,0.924],[-65.327,0.91],[-65.451,0.69],[-65.587,0.739],[-65.525,0.908],[-65.596,0.984],[-65.745,0.974],[-65.974,0.807],[-66.156,0.733],[-66.346,0.759],[-66.875,1.223],[-66.981,1.666],[-67.135,2.003],[-67.218,2.285],[-67.198,2.402],[-67.325,2.475],[-67.627,2.813],[-67.839,2.886],[-67.452,3.244],[-67.305,3.426],[-67.404,3.504],[-67.471,3.68],[-67.632,3.762],[-67.805,4.268],[-67.855,4.566],[-67.793,5.063],[-67.844,5.297],[-67.647,5.483],[-67.649,5.702],[-67.601,5.821],[-67.421,6.018],[-67.49,6.202],[-67.574,6.266],[-67.839,6.308],[-67.924,6.235],[-68.304,6.177],[-68.449,6.195],[-68.635,6.136],[-69.061,6.218],[-69.246,6.081],[-69.444,6.122],[-70.129,6.973],[-70.319,6.938],[-70.579,7.086],[-70.896,7.069],[-71.166,6.968],[-71.284,7.019],[-71.62,7.052],[-71.833,6.986],[-72.098,7.087],[-72.206,7.382],[-72.451,7.44],[-72.488,7.949],[-72.336,8.104],[-72.384,8.322],[-72.675,8.652],[-72.783,9.06],[-72.936,9.099],[-73.01,9.295],[-73.212,9.173],[-73.378,9.165],[-73.178,9.523],[-73.097,9.596],[-72.978,9.838],[-72.988,9.999],[-72.908,10.452],[-72.754,10.675],[-72.683,10.856],[-72.481,11.133],[-72.257,11.168],[-71.971,11.662],[-71.476,11.789],[-71.328,11.85],[-71.378,11.758],[-71.961,11.591],[-71.939,11.381],[-71.77,11.106],[-71.694,10.837],[-71.576,10.721],[-71.628,10.458],[-71.779,10.342],[-71.969,10.106],[-72.124,9.826],[-71.999,9.655],[-71.961,9.518],[-71.73,9.355],[-71.759,9.12],[-71.515,9.049],[-71.274,9.135],[-71.056,9.364],[-71.091,9.544],[-71.042,9.761],[-71.207,9.981],[-71.268,10.152],[-71.364,10.22],[-71.542,10.565],[-71.458,10.975],[-71.294,10.987],[-70.87,11.196],[-70.514,11.253],[-69.946,11.52],[-69.747,11.481],[-69.85,11.694],[-70.187,11.603],[-70.297,11.872],[-70.206,12.112],[-70.018,12.199],[-69.835,12.015],[-69.809,11.804],[-69.7,11.54],[-69.624,11.468],[-69.27,11.536],[-69.062,11.454],[-68.863,11.453],[-68.418,11.179],[-68.263,10.903],[-68.318,10.745],[-68.242,10.578],[-68.13,10.488],[-67.941,10.466],[-67.56,10.528],[-67.17,10.556],[-67.012,10.611],[-66.542,10.633],[-66.125,10.602],[-66.118,10.498],[-65.868,10.31],[-65.58,10.185],[-65.17,10.097],[-65.084,10.048],[-64.748,10.107],[-64.631,10.248],[-64.491,10.241],[-64.339,10.391],[-64.128,10.478],[-63.82,10.448],[-63.915,10.631],[-63.781,10.676],[-63.532,10.631],[-63.171,10.732],[-62.904,10.702],[-62.72,10.76],[-62.154,10.686],[-62.335,10.53],[-62.662,10.567],[-62.857,10.532],[-62.831,10.407],[-62.518,10.184],[-62.409,9.924],[-62.196,10.02],[-62.025,9.957],[-61.831,9.792],[-61.439,9.818],[-61.13,9.572],[-60.862,9.456],[-60.784,9.339],[-60.984,9.167],[-61.1,8.96],[-61.209,8.609],[-61.523,8.597],[-61.284,8.397],[-61.181,8.493],[-60.985,8.571],[-60.692,8.605],[-60.462,8.534],[-60.372,8.635],[-60.021,8.558]]],[[[-63.847,11.135],[-63.793,11.001],[-63.898,10.885],[-64.043,10.868],[-63.986,11.109],[-63.847,11.135]]],[[[-60.951,8.828],[-60.738,8.867],[-60.686,8.789],[-60.847,8.638],[-61.094,8.634],[-61.167,8.699],[-60.951,8.828]]]]},"properties":{"id":"venezuela"}},{"type":"Feature","geometry":{"type":"MultiPolygon","coordinates":[[[[140.974,-2.601],[141.276,-2.642],[141.906,-2.967],[142,-2.956],[142.182,-3.08],[143.029,-3.356],[143.125,-3.348],[143.523,-3.436],[143.619,-3.545],[143.818,-3.622],[143.996,-3.793],[144.499,-3.814],[144.551,-3.968],[144.868,-4.099],[145.051,-4.342],[145.346,-4.39],[145.69,-4.768],[145.812,-4.861],[145.811,-5.067],[145.738,-5.454],[145.956,-5.475],[146.285,-5.583],[146.461,-5.599],[146.813,-5.839],[147.107,-5.959],[147.344,-5.931],[147.467,-5.969],[147.827,-6.335],[147.868,-6.476],[147.854,-6.691],[147.776,-6.718],[146.977,-6.74],[146.956,-6.955],[147.141,-7.213],[147.162,-7.391],[147.581,-7.704],[147.761,-7.941],[147.876,-7.937],[148.018,-8.058],[148.114,-8.055],[148.211,-8.306],[148.238,-8.569],[148.437,-8.666],[148.559,-9.032],[148.758,-9.104],[149.154,-9.004],[149.318,-9.023],[149.187,-9.391],[149.227,-9.487],[149.62,-9.621],[149.731,-9.598],[150.012,-9.642],[150.056,-9.715],[149.725,-9.848],[149.995,-10.078],[150.197,-10.095],[150.4,-10.3],[150.347,-10.365],[150.647,-10.477],[150.693,-10.557],[150.416,-10.682],[150.211,-10.701],[150.067,-10.64],[150.051,-10.473],[149.748,-10.338],[149.461,-10.352],[149.155,-10.244],[148.958,-10.278],[148.538,-10.172],[148.402,-10.2],[148.231,-10.106],[148.018,-10.125],[147.762,-10.06],[147.518,-9.879],[147.491,-9.768],[147.31,-9.539],[147.053,-9.46],[146.895,-9.181],[146.915,-9.124],[146.627,-9.023],[146.435,-8.611],[146.277,-8.435],[146.222,-8.26],[146.103,-8.1],[145.627,-7.938],[145.408,-7.932],[145.234,-7.859],[144.88,-7.782],[144.866,-7.706],[144.661,-7.634],[144.431,-7.612],[144.215,-7.796],[143.924,-7.694],[143.856,-7.808],[143.957,-7.972],[143.767,-8.04],[143.548,-8.032],[143.592,-8.242],[143.338,-8.248],[142.98,-8.336],[143.262,-8.592],[143.4,-8.782],[143.406,-8.962],[143.173,-9.043],[142.653,-9.33],[142.223,-9.161],[141.621,-9.234],[141.422,-9.15],[141.115,-9.218],[140.977,-9.106],[140.977,-7.962],[140.977,-6.897],[140.849,-6.703],[140.977,-6.335],[140.977,-5.621],[140.976,-4.596],[140.974,-3.8],[140.974,-2.601]]],[[[153.762,-11.586],[153.589,-11.624],[153.373,-11.559],[153.258,-11.353],[153.762,-11.586]]],[[[151.177,-9.955],[151.301,-9.968],[151.212,-10.187],[150.958,-10.105],[150.882,-9.903],[151.128,-10.042],[151.177,-9.955]]],[[[150.801,-9.652],[150.549,-9.623],[150.427,-9.419],[150.506,-9.338],[150.674,-9.439],[150.759,-9.399],[150.886,-9.516],[150.801,-9.652]]],[[[150.369,-9.372],[150.335,-9.471],[150.108,-9.361],[150.215,-9.206],[150.369,-9.372]]],[[[152.995,-9.141],[152.812,-9.255],[152.598,-9.069],[152.794,-9.003],[152.995,-9.141]]],[[[148.049,-5.606],[148.025,-5.842],[147.896,-5.771],[147.765,-5.595],[147.782,-5.495],[148.049,-5.606]]],[[[155.933,-6.641],[155.968,-6.727],[155.718,-6.873],[155.524,-6.839],[155.361,-6.746],[155.187,-6.554],[155.235,-6.363],[154.979,-6.193],[154.756,-5.948],[154.7,-5.767],[154.77,-5.559],[155.069,-5.552],[155.452,-6.137],[155.714,-6.279],[155.917,-6.518],[155.933,-6.641]]],[[[147.21,-5.27],[147.127,-5.443],[147.01,-5.335],[147.134,-5.191],[147.21,-5.27]]],[[[154.727,-5.211],[154.574,-5.291],[154.565,-5.066],[154.691,-5.081],[154.727,-5.211]]],[[[152.418,-4.345],[152.365,-4.472],[152.412,-4.684],[152.292,-4.935],[152.137,-4.999],[151.993,-4.972],[151.988,-5.164],[152.15,-5.37],[151.972,-5.534],[151.479,-5.53],[151.533,-5.665],[151.209,-5.943],[150.588,-6.178],[150.465,-6.274],[150.103,-6.303],[149.591,-6.271],[149.464,-6.103],[149.304,-6.059],[149.073,-6.091],[148.854,-5.98],[148.772,-5.873],[148.386,-5.775],[148.325,-5.646],[148.43,-5.445],[148.586,-5.534],[148.652,-5.481],[148.833,-5.534],[148.978,-5.465],[149.2,-5.565],[149.39,-5.587],[149.615,-5.514],[149.718,-5.569],[149.944,-5.493],[149.917,-5.349],[150.014,-5.247],[150.142,-5.534],[150.307,-5.561],[150.423,-5.457],[150.906,-5.49],[151.013,-5.411],[151.109,-5.133],[151.388,-4.914],[151.612,-4.966],[151.686,-4.882],[151.667,-4.646],[151.507,-4.229],[151.54,-4.177],[151.817,-4.214],[151.965,-4.331],[152.137,-4.205],[152.178,-4.297],[152.418,-4.345]]],[[[153.137,-4.269],[153.054,-4.452],[153.075,-4.602],[152.98,-4.759],[152.874,-4.789],[152.733,-4.65],[152.671,-4.452],[152.688,-4.164],[152.519,-3.855],[152.289,-3.57],[152.171,-3.49],[151.984,-3.459],[151.809,-3.361],[151.612,-3.166],[151.224,-2.942],[151.091,-2.833],[150.795,-2.729],[150.937,-2.649],[151.17,-2.785],[151.216,-2.869],[151.418,-2.9],[151.828,-3.19],[152.053,-3.247],[152.217,-3.457],[152.493,-3.643],[152.575,-3.821],[152.956,-3.999],[153.137,-4.269]]],[[[150.465,-2.532],[150.451,-2.658],[150.187,-2.679],[149.995,-2.466],[150.23,-2.383],[150.465,-2.532]]],[[[147.433,-1.984],[147.431,-2.061],[147.282,-2.081],[147.216,-2.183],[146.955,-2.195],[146.648,-2.169],[146.652,-1.964],[147.11,-1.963],[147.423,-2.046],[147.433,-1.984]]],[[[149.735,-1.474],[149.667,-1.576],[149.541,-1.464],[149.628,-1.357],[149.735,-1.474]]]]},"properties":{"id":"papua-new-guinea"}},{"type":"Feature","geometry":{"type":"Polygon","coordinates":[[[34.248,31.211],[34.48,30.651],[34.534,30.4],[34.599,30.345],[34.824,29.742],[34.887,29.49],[34.737,29.311],[34.62,28.846],[34.625,28.736],[34.41,28.32],[34.455,28.175],[34.427,27.983],[34.24,27.794],[34.078,27.801],[33.763,28.024],[33.565,28.297],[33.434,28.366],[33.229,28.569],[33.145,29.032],[32.886,29.243],[32.681,29.6],[32.691,29.734],[32.557,29.976],[32.338,29.6],[32.591,29.35],[32.66,29.089],[32.625,28.973],[32.821,28.748],[32.869,28.579],[33.003,28.489],[33.126,28.288],[33.513,27.959],[33.558,27.537],[33.692,27.342],[33.825,27.26],[33.837,27.121],[34.004,26.849],[33.932,26.683],[34.004,26.626],[34.339,26.002],[34.547,25.725],[34.682,25.429],[34.99,24.905],[35.235,24.4],[35.392,24.283],[35.514,23.977],[35.489,23.497],[35.621,23.139],[35.695,22.932],[35.886,22.736],[36.198,22.652],[36.44,22.356],[36.895,22.066],[36.884,21.996],[35.719,21.996],[34.084,21.995],[33.181,21.995],[31.435,21.995],[31.491,22.148],[31.36,22.188],[31.248,21.994],[29.75,21.995],[28.874,21.995],[27.706,21.995],[26.441,21.995],[24.981,21.995],[24.981,23.163],[24.981,24.622],[24.981,25.497],[24.981,26.665],[24.981,27.667],[24.981,29.181],[24.874,29.468],[24.812,29.891],[24.688,30.144],[24.908,30.499],[24.995,30.785],[24.883,31.039],[24.861,31.38],[25.151,31.656],[25.191,31.531],[25.402,31.503],[25.824,31.615],[25.967,31.617],[26.362,31.522],[26.966,31.45],[27.321,31.381],[27.383,31.269],[27.66,31.18],[27.863,31.234],[27.897,31.114],[28.318,31.06],[28.424,31.083],[28.818,30.951],[29.028,30.827],[29.219,30.838],[29.503,30.957],[30.067,31.305],[30.255,31.252],[30.362,31.509],[30.734,31.388],[30.997,31.451],[31.221,31.58],[31.524,31.45],[31.838,31.525],[31.829,31.274],[32.03,31.19],[32.084,31.066],[32.248,31.107],[32.331,31.271],[32.602,31.061],[32.969,31.086],[33.099,31.183],[33.188,31.062],[33.5,31.128],[33.648,31.117],[34.047,31.229],[34.2,31.314],[34.248,31.211]]]},"properties":{"id":"egypt"}},{"type":"Feature","geometry":{"type":"MultiPolygon","coordinates":[[[[51.979,18.996],[52.313,18.24],[52.736,17.289],[52.802,17.267],[53.09,16.642],[52.985,16.628],[52.533,16.447],[52.319,16.291],[52.156,15.984],[52.224,15.847],[52.228,15.616],[52.047,15.57],[51.68,15.403],[51.368,15.23],[50.661,15.058],[50.554,15.049],[50.18,14.843],[49.942,14.839],[49.578,14.737],[49.078,14.506],[49.004,14.325],[48.738,14.068],[48.469,13.989],[48.189,13.969],[48.017,14.057],[47.667,13.887],[47.398,13.655],[46.912,13.533],[46.701,13.43],[46.235,13.436],[45.666,13.342],[45.403,13.07],[45.118,12.962],[45.057,12.817],[44.881,12.73],[44.611,12.82],[44.433,12.694],[44.034,12.604],[43.588,12.751],[43.473,12.847],[43.249,13.213],[43.254,13.527],[43.295,13.586],[43.233,13.876],[43.096,14.084],[43.006,14.419],[43.029,14.538],[42.942,14.789],[42.937,14.948],[42.809,15.268],[42.699,15.717],[42.835,15.915],[42.789,16.371],[43.036,16.536],[43.085,16.673],[43.209,16.773],[43.113,16.91],[43.165,17.326],[43.391,17.512],[43.62,17.459],[43.751,17.346],[44.104,17.352],[44.404,17.419],[45.165,17.428],[45.43,17.312],[46.323,17.224],[46.71,17.275],[46.97,16.957],[47.191,16.959],[47.428,17.092],[47.589,17.463],[48.162,18.149],[49.036,18.58],[49.129,18.612],[50.379,18.78],[51.979,18.996]]],[[[54.471,12.544],[54.14,12.351],[53.776,12.305],[53.572,12.335],[53.334,12.516],[53.396,12.656],[53.655,12.705],[53.763,12.62],[54.119,12.701],[54.471,12.544]]]]},"properties":{"id":"yemen"}},{"type":"Feature","geometry":{"type":"Polygon","coordinates":[[[-8.682,27.285],[-7.693,26.703],[-7.099,26.354],[-6.14,25.79],[-4.822,24.995],[-6.593,24.994],[-6.483,24.072],[-6.318,22.668],[-6.163,21.34],[-6.007,19.996],[-5.908,19.125],[-5.756,17.741],[-5.623,16.528],[-5.353,16.312],[-5.511,15.496],[-6.837,15.495],[-8.327,15.495],[-9.349,15.496],[-9.424,15.441],[-9.672,15.431],[-9.836,15.371],[-10.132,15.373],[-10.309,15.435],[-10.736,15.423],[-10.915,15.103],[-11.045,15.27],[-11.298,15.451],[-11.41,15.602],[-11.727,15.541],[-11.846,15.179],[-11.837,14.893],[-11.974,14.78],[-12.264,14.775],[-12.4,14.86],[-12.476,15.008],[-12.78,15.146],[-12.964,15.509],[-13.09,15.497],[-13.287,15.778],[-13.322,15.938],[-13.485,16.155],[-13.819,16.119],[-13.964,16.23],[-13.972,16.331],[-14.343,16.637],[-14.882,16.648],[-14.974,16.691],[-15.125,16.583],[-15.464,16.581],[-15.703,16.484],[-16.054,16.495],[-16.132,16.555],[-16.314,16.493],[-16.381,16.247],[-16.466,16.174],[-16.542,15.809],[-16.539,16.267],[-16.459,16.644],[-16.343,16.942],[-16.173,17.262],[-16.049,17.667],[-16.024,17.96],[-16.069,18.484],[-16.132,18.629],[-16.205,18.983],[-16.342,19.196],[-16.475,19.271],[-16.359,19.416],[-16.385,19.574],[-16.234,19.794],[-16.298,19.923],[-16.214,20.033],[-16.202,20.233],[-16.295,20.331],[-16.391,20.569],[-16.542,20.561],[-16.665,20.671],[-16.745,20.869],[-16.931,21.152],[-17.016,21.031],[-17.057,20.767],[-17.081,20.875],[-16.959,21.333],[-16.268,21.333],[-15.002,21.333],[-13.737,21.333],[-13.015,21.333],[-13.093,22.495],[-13.165,22.753],[-13.015,23.018],[-12.619,23.271],[-12.354,23.322],[-12.015,23.495],[-12.015,24.634],[-12.015,25.995],[-10.907,25.995],[-9.699,25.995],[-8.707,25.995],[-8.681,26.013],[-8.682,27.285]]]},"properties":{"id":"mauritania"}},{"type":"Feature","geometry":{"type":"Polygon","coordinates":[[[33.977,4.22],[34.381,4.62],[35.921,4.619],[36.018,4.449],[36.844,4.432],[37.112,4.282],[37.977,3.726],[38.036,3.649],[38.39,3.597],[38.497,3.624],[38.895,3.514],[39.436,3.462],[39.575,3.498],[39.745,3.661],[39.848,3.867],[40.764,4.285],[41.115,3.962],[41.43,3.949],[41.7,3.997],[41.885,3.977],[41.343,3.201],[40.965,2.814],[40.968,1.622],[40.968,-0.003],[40.98,-0.871],[41.523,-1.573],[41.535,-1.696],[41.303,-1.956],[41.199,-1.943],[40.904,-2.08],[40.925,-2.217],[40.829,-2.375],[40.616,-2.553],[40.39,-2.56],[40.175,-2.763],[40.19,-3.027],[40.129,-3.252],[39.965,-3.399],[39.849,-3.625],[39.786,-3.917],[39.67,-4.088],[39.551,-4.402],[39.362,-4.634],[39.191,-4.678],[38.416,-4.12],[37.771,-3.655],[37.599,-3.513],[37.59,-3.404],[37.7,-3.314],[37.645,-3.046],[36.704,-2.52],[36.06,-2.161],[35.201,-1.681],[34.053,-1.04],[33.904,-1.003],[33.895,-0.663],[33.954,-0.154],[33.894,0.11],[34.088,0.367],[34.15,0.604],[34.252,0.655],[34.431,0.894],[34.477,1.065],[34.684,1.209],[34.798,1.232],[34.779,1.389],[34.979,1.676],[34.968,2.102],[34.866,2.348],[34.924,2.477],[34.819,2.598],[34.73,2.853],[34.575,2.946],[34.546,3.097],[34.445,3.159],[34.382,3.466],[34.44,3.668],[34.279,3.71],[34.107,3.96],[33.977,4.22]]]},"properties":{"id":"kenya"}},{"type":"Feature","geometry":{"type":"MultiPolygon","coordinates":[[[[9.8,2.342],[9.811,2.265],[9.991,2.166],[11.322,2.166],[11.336,0.999],[10.029,1.004],[9.909,0.935],[9.804,0.998],[9.699,1.125],[9.584,1.043],[9.507,1.138],[9.36,1.147],[9.465,1.415],[9.564,1.503],[9.618,1.671],[9.799,1.901],[9.765,2.085],[9.8,2.342]]],[[[8.923,3.751],[8.958,3.643],[8.686,3.197],[8.45,3.273],[8.474,3.463],[8.563,3.457],[8.702,3.761],[8.923,3.751]]]]},"properties":{"id":"equatorial-guinea"}},{"type":"Feature","geometry":{"type":"Polygon","coordinates":[[[-16.754,13.065],[-16.83,13.339],[-16.704,13.475],[-16.522,13.359],[-16.561,13.587],[-15.518,13.583],[-15.394,13.772],[-15.267,13.742],[-15.098,13.82],[-14.879,13.781],[-14.729,13.619],[-14.586,13.66],[-14.347,13.452],[-13.967,13.576],[-13.819,13.429],[-13.851,13.336],[-14.231,13.229],[-14.342,13.234],[-14.592,13.353],[-14.732,13.359],[-15.138,13.59],[-15.31,13.368],[-15.52,13.387],[-15.823,13.319],[-15.833,13.157],[-16.674,13.164],[-16.754,13.065]]]},"properties":{"id":"gambia"}},{"type":"Feature","geometry":{"type":"Polygon","coordinates":[[[12.453,41.903],[12.453,41.904],[12.454,41.904],[12.454,41.903],[12.453,41.903]]]},"properties":{"id":"vatican-city"}},{"type":"Feature","geometry":{"type":"Polygon","coordinates":[[[33.016,34.634],[32.761,34.653],[32.832,34.701],[33.016,34.634]]]},"properties":{"id":"akrotiri"}},{"type":"Feature","geometry":{"type":"Polygon","coordinates":[[[33.181,21.995],[34.084,21.995],[33.999,21.767],[33.866,21.75],[33.558,21.711],[33.181,21.995]]]},"properties":{"id":"bir-tawil"}},{"type":"Feature","geometry":{"type":"MultiPolygon","coordinates":[[[[-51.731,-82.063],[-48.38,-81.89],[-46.279,-81.91],[-46.089,-82.224],[-46.689,-82.405],[-45.52,-82.527],[-44.011,-82.391],[-43.148,-82.114],[-43.19,-81.9],[-41.986,-81.62],[-41.764,-81.41],[-41.119,-81.226],[-40.398,-81.17],[-38.755,-80.871],[-37.623,-80.996],[-36.033,-80.921],[-35.215,-80.695],[-35.358,-80.615],[-33.476,-80.615],[-32.031,-80.435],[-30.506,-80.478],[-31.279,-80.297],[-29.924,-80.284],[-29.761,-80.176],[-24.254,-80.076],[-24.069,-80.01],[-22.906,-79.983],[-23.739,-79.83],[-24.73,-79.782],[-28.197,-79.669],[-30.673,-79.588],[-29.541,-79.28],[-30.449,-79.217],[-30.611,-79.075],[-32.82,-79.244],[-34.218,-79.138],[-34.258,-79.077],[-36.251,-78.852],[-36.441,-78.611],[-36.013,-78.211],[-35.491,-78.051],[-35.313,-77.844],[-34.759,-77.748],[-34.321,-77.466],[-33.721,-77.311],[-32.501,-77.126],[-31.915,-77.151],[-31.696,-76.977],[-30.692,-76.85],[-30.153,-76.635],[-28.859,-76.353],[-27.338,-76.172],[-26.985,-76.17],[-25.948,-75.933],[-24.326,-75.78],[-23.269,-75.738],[-22.302,-75.645],[-21.174,-75.705],[-20.399,-75.472],[-19.24,-75.548],[-18.506,-75.416],[-18.852,-75.263],[-18.536,-75.053],[-17.802,-74.777],[-17.456,-74.337],[-16.597,-74.307],[-15.753,-74.43],[-15.196,-74.361],[-15.302,-74.221],[-14.828,-74.081],[-14.362,-73.858],[-14.697,-73.79],[-15.686,-73.948],[-16.176,-73.939],[-15.93,-73.75],[-16.559,-73.697],[-16.544,-73.469],[-15.976,-73.304],[-15.979,-73.195],[-15.541,-73.077],[-14.883,-73.042],[-14.016,-73.13],[-13.895,-72.987],[-14.223,-72.828],[-13.181,-72.804],[-12.456,-72.56],[-11.37,-72.409],[-11.25,-72.101],[-11.032,-72.049],[-10.949,-71.743],[-11.527,-71.755],[-12.175,-71.624],[-12.381,-71.395],[-11.88,-71.26],[-11.609,-71.417],[-11.072,-71.549],[-10.6,-71.527],[-10.596,-71.297],[-10.101,-71.181],[-9.94,-71.062],[-9.452,-71.099],[-8.988,-71.277],[-8.694,-71.669],[-8.295,-71.626],[-7.817,-71.672],[-7.569,-71.335],[-7.564,-71.151],[-7.892,-70.971],[-7.856,-70.826],[-7.284,-70.791],[-6.618,-70.924],[-6.318,-70.708],[-6.014,-70.68],[-5.575,-70.804],[-5.736,-71.039],[-6.02,-71.109],[-6.18,-71.358],[-5.194,-71.331],[-3.729,-71.373],[-2.991,-71.361],[-2.887,-71.268],[-2.237,-71.387],[-0.813,-71.378],[-0.952,-71.624],[-0.469,-71.754],[0.232,-71.35],[0.934,-71.179],[1.452,-71.118],[1.949,-70.991],[2.714,-70.895],[4.224,-70.784],[5.006,-70.643],[5.588,-70.649],[6.968,-70.526],[7.567,-70.524],[7.424,-70.204],[7.835,-70.164],[7.93,-70.472],[8.443,-70.482],[9.168,-70.308],[8.887,-70.216],[9.081,-70.089],[9.404,-70.104],[9.979,-70.454],[11.209,-70.75],[11.854,-70.782],[12.322,-70.37],[13.03,-70.218],[13.849,-70.348],[14.511,-70.284],[15.037,-70.291],[15.827,-70.378],[15.963,-70.19],[16.52,-70.127],[16.598,-70.374],[16.871,-70.439],[18.094,-70.542],[18.498,-70.503],[18.316,-70.324],[19.153,-70.204],[19.297,-70.368],[18.931,-70.736],[19.289,-70.914],[20.423,-70.923],[21.201,-70.812],[21.156,-70.65],[21.611,-70.272],[21.802,-70.236],[22.579,-70.54],[22.327,-70.759],[22.942,-70.826],[23.323,-70.81],[23.752,-70.403],[24.109,-70.409],[24.409,-70.534],[24.319,-70.74],[24.968,-70.945],[26.101,-71.043],[27.197,-70.897],[27.628,-70.741],[28.452,-70.694],[29.022,-70.572],[29.841,-70.311],[30.935,-70.215],[31.28,-70.237],[32.745,-70.013],[32.986,-69.659],[32.928,-69.344],[32.532,-69.119],[32.499,-68.931],[32.838,-68.752],[33.216,-68.67],[34.214,-68.678],[34.091,-68.852],[33.771,-69.053],[34.362,-69.133],[34.587,-69.067],[35.2,-69.294],[35.105,-69.46],[35.244,-69.736],[35.708,-69.666],[36.757,-69.642],[36.974,-69.791],[37.54,-69.685],[38.038,-69.717],[38.02,-69.849],[38.714,-70.189],[39.066,-70.146],[38.804,-69.988],[39.193,-69.893],[39.209,-69.707],[39.713,-69.587],[39.845,-69.393],[39.707,-69.068],[39.851,-68.834],[40.781,-68.735],[41.015,-68.596],[41.981,-68.406],[42.536,-68.38],[42.547,-68.246],[42.859,-68.104],[44.002,-67.969],[44.829,-67.966],[44.717,-67.784],[45.404,-67.695],[46.426,-67.615],[46.235,-67.449],[46.48,-67.275],[46.892,-67.265],[46.92,-67.507],[47.265,-67.651],[48.168,-67.658],[48.573,-67.912],[48.718,-67.682],[48.629,-67.452],[49.175,-67.377],[49.35,-67.182],[49.045,-67.152],[48.732,-67.221],[48.449,-67.182],[48.361,-67.016],[48.588,-66.937],[49.328,-66.883],[49.312,-67.046],[49.793,-67.028],[50.586,-67.216],[50.48,-67.049],[50.5,-66.791],[50.24,-66.743],[50.191,-66.587],[50.322,-66.394],[50.537,-66.304],[51.352,-66.222],[51.772,-66.037],[52.222,-65.973],[52.848,-65.962],[53.735,-65.846],[55.183,-65.931],[55.612,-66.028],[56.332,-66.412],[56.808,-66.405],[57.208,-66.531],[57.242,-66.719],[56.497,-66.686],[56.392,-66.832],[56.601,-66.943],[56.558,-67.11],[56.968,-67.046],[57.278,-67.085],[57.563,-66.994],[58.139,-67.152],[58.871,-67.165],[58.793,-67.341],[59.265,-67.484],[59.679,-67.394],[60.619,-67.401],[61.143,-67.505],[62.117,-67.562],[62.617,-67.66],[63.113,-67.534],[63.651,-67.503],[64.721,-67.653],[66.725,-67.792],[67.34,-67.811],[68.377,-67.895],[69.107,-67.846],[69.352,-67.73],[69.639,-67.763],[69.595,-68.043],[70.115,-68.494],[69.663,-68.579],[69.621,-68.736],[69.281,-68.831],[69.661,-68.984],[69.304,-69.047],[69.726,-69.17],[69.706,-69.327],[68.971,-69.309],[68.742,-69.389],[69.046,-69.557],[69.355,-69.617],[69.155,-69.876],[68.606,-70.027],[68.271,-69.835],[67.605,-70.015],[67.467,-70.208],[68.077,-70.454],[68.748,-70.334],[69.248,-70.407],[69.213,-70.672],[69.008,-70.942],[68.67,-71.204],[68.339,-71.258],[67.833,-71.539],[67.882,-71.665],[67.449,-71.896],[67,-72.903],[66.346,-73.129],[66.385,-73.202],[67.342,-73.302],[67.959,-73.147],[68.117,-72.953],[67.919,-72.711],[68.494,-72.475],[69.515,-72.432],[69.946,-72.081],[70.53,-72.048],[70.687,-71.832],[71.219,-71.608],[71.202,-71.335],[71.542,-70.96],[71.848,-70.845],[71.983,-70.666],[72.346,-70.675],[72.477,-70.546],[72.87,-70.433],[72.627,-70.195],[72.766,-70.069],[73.231,-69.979],[73.473,-69.781],[74.221,-69.734],[74.275,-69.907],[75.217,-69.868],[75.438,-69.937],[75.883,-69.779],[75.82,-69.525],[76.216,-69.421],[76.832,-69.346],[77.063,-69.202],[77.533,-69.18],[77.823,-69.097],[78.143,-68.759],[78.67,-68.698],[78.464,-68.502],[78.747,-68.262],[79.131,-68.148],[80.737,-67.885],[80.876,-67.892],[82.059,-67.672],[82.362,-67.704],[82.586,-67.603],[83.296,-67.596],[83.417,-67.428],[83.724,-67.314],[84.25,-67.224],[84.414,-67.124],[84.962,-67.076],[85.167,-67.159],[85.616,-67.188],[86.067,-67.041],[86.697,-67.064],[87.109,-66.933],[87.966,-66.77],[88.23,-66.854],[88.745,-66.785],[89.654,-66.84],[90.492,-66.743],[91.145,-66.574],[91.379,-66.6],[91.96,-66.498],[92.76,-66.634],[92.972,-66.574],[93.568,-66.579],[93.754,-66.744],[93.997,-66.731],[94.519,-66.553],[94.917,-66.475],[95.279,-66.527],[95.637,-66.679],[96.407,-66.584],[96.61,-66.615],[96.974,-66.508],[97.235,-66.508],[97.472,-66.631],[98.248,-66.448],[98.528,-66.449],[98.623,-66.609],[98.905,-66.783],[99.923,-66.5],[100.471,-66.397],[100.822,-66.385],[101.331,-66.084],[101.336,-65.944],[102.338,-65.951],[102.714,-65.861],[103.306,-65.928],[103.56,-66.002],[103.908,-65.979],[106.768,-66.456],[107.117,-66.463],[108.136,-66.625],[108.833,-66.968],[109.15,-66.885],[109.386,-66.933],[109.848,-66.854],[110.445,-66.658],[110.725,-66.405],[110.489,-66.309],[110.927,-66.055],[111.616,-65.933],[111.847,-65.935],[113.204,-65.765],[113.776,-65.948],[114.407,-66.236],[114.321,-66.331],[114.675,-66.479],[115.113,-66.478],[115.599,-66.593],[115.781,-66.788],[115.597,-66.92],[115.16,-67.054],[114.765,-67.072],[114.03,-67.191],[113.704,-67.5],[114.032,-67.478],[114.67,-67.343],[115.212,-67.326],[115.338,-67.219],[115.966,-67.199],[116.5,-67.124],[116.797,-66.988],[116.993,-67.146],[117.914,-67.083],[118.666,-67.179],[119.328,-67.128],[120.352,-66.935],[120.341,-67.012],[118.732,-67.279],[119.022,-67.412],[120.499,-67.233],[120.921,-67.132],[121.515,-67.093],[122.244,-66.845],[123.15,-66.733],[123.516,-66.754],[123.73,-66.65],[124.261,-66.595],[124.717,-66.759],[125.148,-66.66],[125.41,-66.418],[125.898,-66.306],[126.393,-66.553],[126.553,-66.443],[126.968,-66.808],[126.999,-66.933],[127.432,-67.07],[127.836,-67.021],[128.521,-67.146],[128.764,-67.026],[129.203,-67.1],[129.434,-66.967],[129.576,-66.75],[129.533,-66.614],[129.722,-66.438],[130.103,-66.277],[130.342,-66.295],[130.73,-66.147],[131.758,-66.243],[132.478,-66.151],[132.827,-66.19],[133.12,-66.097],[133.792,-66.105],[134.259,-66.28],[134.421,-66.497],[134.739,-66.367],[135.178,-66.331],[135.343,-66.101],[135.647,-66.278],[136.16,-66.245],[136.636,-66.456],[136.736,-66.349],[137.415,-66.35],[138.142,-66.499],[138.732,-66.57],[139.252,-66.567],[140.082,-66.733],[141.004,-66.767],[141.26,-66.857],[141.578,-66.78],[141.982,-66.8],[142.477,-67.026],[142.822,-67.02],[143.471,-66.846],[143.876,-66.94],[144.044,-67.088],[144.316,-67.003],[144.662,-67.117],[144.456,-67.323],[144.165,-67.478],[144.181,-67.609],[143.88,-67.781],[143.881,-67.934],[144.249,-67.954],[144.469,-67.794],[144.863,-67.75],[145.238,-67.528],[146.048,-67.587],[146.11,-67.75],[146.385,-67.915],[147.071,-68.117],[147.03,-68.416],[147.629,-68.356],[148.435,-68.473],[149.39,-68.384],[150.378,-68.44],[150.853,-68.351],[151.11,-68.474],[150.971,-68.717],[151.567,-68.917],[151.615,-68.698],[151.924,-68.667],[152.761,-68.759],[153.037,-68.876],[153.845,-68.76],[153.7,-68.546],[153.836,-68.274],[154.719,-68.528],[155.011,-68.899],[155.309,-68.893],[155.888,-68.983],[156.35,-69.202],[157.14,-69.161],[157.374,-69.355],[157.625,-69.195],[157.992,-69.172],[158.447,-69.327],[158.817,-69.316],[159.754,-69.502],[160.334,-69.796],[159.761,-69.885],[160.636,-70.049],[161.187,-70.412],[161.416,-70.904],[161.99,-70.923],[162.219,-70.855],[161.996,-70.464],[162.094,-70.314],[162.595,-70.269],[162.92,-70.503],[163.422,-70.654],[164.2,-70.639],[164.24,-70.491],[164.876,-70.574],[165.312,-70.56],[165.926,-70.684],[166.369,-70.584],[166.628,-70.785],[167.416,-70.759],[167.833,-70.861],[167.868,-71.132],[168.5,-71.161],[168.761,-71.276],[169.721,-71.506],[170.183,-71.674],[170.536,-71.539],[170.946,-71.861],[170.639,-71.968],[170.256,-71.951],[170.016,-72.171],[170.282,-72.326],[170.255,-72.603],[169.126,-72.485],[168.867,-72.576],[169.932,-72.736],[169.584,-72.962],[169.555,-73.091],[168.762,-73.097],[168.358,-73.16],[167.171,-73.153],[166.872,-73.221],[167.363,-73.394],[167.007,-73.572],[165.874,-73.566],[166.294,-73.726],[165.261,-73.893],[164.906,-73.657],[164.591,-73.927],[165.288,-74.465],[164.587,-74.575],[164.318,-74.503],[163.787,-74.624],[163.47,-74.342],[163.012,-74.701],[162.591,-74.75],[162.543,-74.954],[162.786,-74.99],[162.543,-75.24],[161.776,-75.189],[161.087,-75.384],[162.191,-75.388],[162.315,-75.694],[162.9,-75.823],[162.736,-76.074],[162.724,-76.543],[162.931,-76.707],[162.469,-77.015],[163.021,-77.014],[163.716,-77.397],[163.907,-77.696],[164.501,-77.854],[164.534,-77.987],[164.208,-78.226],[164.532,-78.317],[165.709,-78.271],[165.787,-78.421],[167.216,-78.601],[166.547,-78.712],[166.09,-78.567],[164.41,-78.604],[163.9,-78.737],[162.126,-78.76],[161.755,-78.839],[162.065,-79.069],[161.13,-79.049],[160.387,-79.168],[160.711,-79.419],[159.875,-79.662],[160.761,-79.651],[160.329,-79.861],[160.851,-79.957],[158.782,-80.259],[158.207,-80.406],[158.588,-80.477],[160.752,-80.38],[160.612,-80.547],[161.201,-80.648],[161.009,-80.759],[160.16,-80.782],[160.907,-80.993],[160.919,-81.27],[161.454,-81.424],[161.011,-81.549],[162.479,-81.689],[162.39,-81.798],[163.839,-82.231],[160.64,-82.423],[160.858,-82.501],[162.769,-82.487],[164.673,-82.339],[166.109,-82.653],[167.306,-82.817],[167.424,-83.026],[168.593,-82.999],[168.764,-83.191],[167.749,-83.255],[168.661,-83.397],[169.383,-83.337],[171.193,-83.446],[171.331,-83.555],[172.821,-83.668],[173.962,-83.882],[174.974,-83.83],[175.678,-83.962],[177.535,-84.058],[179.355,-84.197],[180,-84.353],[180,-84.515],[180,-85.014],[180,-85.512],[180,-86.011],[180,-86.51],[180,-87.008],[180,-87.507],[180,-88.006],[180,-88.504],[180,-89.003],[180,-89.501],[180,-90],[179.501,-90],[179.001,-90],[178.502,-90],[178.003,-90],[177.503,-90],[177.004,-90],[176.505,-90],[176.006,-90],[175.506,-90],[175.007,-90],[174.508,-90],[174.008,-90],[173.509,-90],[173.01,-90],[172.51,-90],[172.011,-90],[171.512,-90],[171.012,-90],[170.513,-90],[170.014,-90],[169.515,-90],[169.015,-90],[168.516,-90],[168.017,-90],[167.517,-90],[167.018,-90],[166.519,-90],[166.019,-90],[165.52,-90],[165.021,-90],[164.521,-90],[164.022,-90],[163.523,-90],[163.024,-90],[162.524,-90],[162.025,-90],[161.526,-90],[161.026,-90],[160.527,-90],[160.028,-90],[159.528,-90],[159.029,-90],[158.53,-90],[158.031,-90],[157.531,-90],[157.032,-90],[156.533,-90],[156.033,-90],[155.534,-90],[155.035,-90],[154.535,-90],[154.036,-90],[153.537,-90],[153.037,-90],[152.538,-90],[152.039,-90],[151.54,-90],[151.04,-90],[150.541,-90],[150.042,-90],[149.542,-90],[149.043,-90],[148.544,-90],[148.044,-90],[147.545,-90],[147.046,-90],[146.546,-90],[146.047,-90],[145.548,-90],[145.049,-90],[144.549,-90],[144.05,-90],[143.551,-90],[143.051,-90],[142.552,-90],[142.053,-90],[141.553,-90],[141.054,-90],[140.555,-90],[140.055,-90],[139.556,-90],[139.057,-90],[138.558,-90],[138.058,-90],[137.559,-90],[137.06,-90],[136.56,-90],[136.061,-90],[135.562,-90],[135.062,-90],[134.563,-90],[134.064,-90],[133.564,-90],[133.065,-90],[132.566,-90],[132.067,-90],[131.567,-90],[131.068,-90],[130.569,-90],[130.069,-90],[129.57,-90],[129.071,-90],[128.571,-90],[128.072,-90],[127.573,-90],[127.074,-90],[126.574,-90],[126.075,-90],[125.576,-90],[125.076,-90],[124.577,-90],[124.078,-90],[123.578,-90],[123.079,-90],[122.58,-90],[122.08,-90],[121.581,-90],[121.082,-90],[120.583,-90],[120.083,-90],[119.584,-90],[119.085,-90],[118.585,-90],[118.086,-90],[117.587,-90],[117.087,-90],[116.588,-90],[116.089,-90],[115.589,-90],[115.09,-90],[114.591,-90],[114.092,-90],[113.592,-90],[113.093,-90],[112.594,-90],[112.094,-90],[111.595,-90],[111.096,-90],[110.596,-90],[110.097,-90],[109.598,-90],[109.098,-90],[108.599,-90],[108.1,-90],[107.601,-90],[107.101,-90],[106.602,-90],[106.103,-90],[105.603,-90],[105.104,-90],[104.605,-90],[104.105,-90],[103.606,-90],[103.107,-90],[102.607,-90],[102.108,-90],[101.609,-90],[101.11,-90],[100.61,-90],[100.111,-90],[99.612,-90],[99.112,-90],[98.613,-90],[98.114,-90],[97.614,-90],[97.115,-90],[96.616,-90],[96.117,-90],[95.617,-90],[95.118,-90],[94.619,-90],[94.119,-90],[93.62,-90],[93.121,-90],[92.621,-90],[92.122,-90],[91.623,-90],[91.123,-90],[90.624,-90],[90.125,-90],[89.626,-90],[89.126,-90],[88.627,-90],[88.128,-90],[87.628,-90],[87.129,-90],[86.63,-90],[86.13,-90],[85.631,-90],[85.132,-90],[84.632,-90],[84.133,-90],[83.634,-90],[83.135,-90],[82.635,-90],[82.136,-90],[81.637,-90],[81.137,-90],[80.638,-90],[80.139,-90],[79.639,-90],[79.14,-90],[78.641,-90],[78.141,-90],[77.642,-90],[77.143,-90],[76.644,-90],[76.144,-90],[75.645,-90],[75.146,-90],[74.646,-90],[74.147,-90],[73.648,-90],[73.148,-90],[72.649,-90],[72.15,-90],[71.65,-90],[71.151,-90],[70.652,-90],[70.153,-90],[69.653,-90],[69.154,-90],[68.655,-90],[68.155,-90],[67.656,-90],[67.157,-90],[66.657,-90],[66.158,-90],[65.659,-90],[65.16,-90],[64.66,-90],[64.161,-90],[63.662,-90],[63.162,-90],[62.663,-90],[62.164,-90],[61.664,-90],[61.652,-90],[61.165,-90],[60.666,-90],[60.166,-90],[59.667,-90],[59.168,-90],[58.669,-90],[58.169,-90],[57.67,-90],[57.171,-90],[56.671,-90],[56.172,-90],[55.673,-90],[55.173,-90],[54.674,-90],[54.175,-90],[53.675,-90],[53.176,-90],[52.677,-90],[52.178,-90],[51.678,-90],[51.179,-90],[50.68,-90],[50.18,-90],[49.681,-90],[49.182,-90],[48.682,-90],[48.183,-90],[47.684,-90],[47.184,-90],[46.685,-90],[46.186,-90],[45.687,-90],[45.187,-90],[44.688,-90],[44.189,-90],[43.689,-90],[43.19,-90],[42.691,-90],[42.191,-90],[41.692,-90],[41.193,-90],[40.693,-90],[40.194,-90],[39.695,-90],[39.196,-90],[38.696,-90],[38.197,-90],[37.698,-90],[37.198,-90],[36.699,-90],[36.2,-90],[35.7,-90],[35.201,-90],[34.702,-90],[34.202,-90],[33.703,-90],[33.204,-90],[32.705,-90],[32.205,-90],[31.706,-90],[31.207,-90],[30.707,-90],[30.208,-90],[29.709,-90],[29.209,-90],[28.71,-90],[28.211,-90],[27.712,-90],[27.212,-90],[26.713,-90],[26.214,-90],[25.714,-90],[25.215,-90],[24.716,-90],[24.216,-90],[23.717,-90],[23.218,-90],[22.718,-90],[22.219,-90],[21.72,-90],[21.221,-90],[20.721,-90],[20.222,-90],[19.723,-90],[19.223,-90],[18.724,-90],[18.225,-90],[17.725,-90],[17.226,-90],[16.727,-90],[16.227,-90],[15.728,-90],[15.229,-90],[14.73,-90],[14.23,-90],[13.731,-90],[13.232,-90],[12.732,-90],[12.233,-90],[11.734,-90],[11.234,-90],[10.735,-90],[10.236,-90],[9.736,-90],[9.237,-90],[8.738,-90],[8.239,-90],[7.739,-90],[7.24,-90],[6.741,-90],[6.241,-90],[5.742,-90],[5.243,-90],[4.743,-90],[4.244,-90],[3.745,-90],[3.245,-90],[2.746,-90],[2.247,-90],[1.748,-90],[1.248,-90],[0.749,-90],[0.25,-90],[-0.25,-90],[-0.749,-90],[-1.248,-90],[-1.748,-90],[-2.247,-90],[-2.746,-90],[-3.245,-90],[-3.745,-90],[-4.244,-90],[-4.743,-90],[-5.243,-90],[-5.742,-90],[-6.241,-90],[-6.741,-90],[-7.24,-90],[-7.739,-90],[-8.239,-90],[-8.738,-90],[-9.237,-90],[-9.736,-90],[-10.236,-90],[-10.735,-90],[-11.234,-90],[-11.734,-90],[-12.233,-90],[-12.732,-90],[-13.232,-90],[-13.731,-90],[-14.23,-90],[-14.73,-90],[-15.229,-90],[-15.728,-90],[-16.227,-90],[-16.727,-90],[-17.226,-90],[-17.725,-90],[-18.225,-90],[-18.724,-90],[-19.223,-90],[-19.723,-90],[-20.222,-90],[-20.721,-90],[-21.221,-90],[-21.72,-90],[-22.219,-90],[-22.718,-90],[-23.218,-90],[-23.717,-90],[-24.216,-90],[-24.716,-90],[-25.215,-90],[-25.714,-90],[-26.214,-90],[-26.713,-90],[-27.212,-90],[-27.712,-90],[-28.211,-90],[-28.71,-90],[-29.209,-90],[-29.709,-90],[-30.208,-90],[-30.707,-90],[-31.207,-90],[-31.706,-90],[-32.205,-90],[-32.705,-90],[-33.204,-90],[-33.703,-90],[-34.202,-90],[-34.702,-90],[-35.201,-90],[-35.7,-90],[-36.2,-90],[-36.699,-90],[-37.198,-90],[-37.698,-90],[-38.197,-90],[-38.696,-90],[-39.196,-90],[-39.695,-90],[-40.194,-90],[-40.693,-90],[-41.193,-90],[-41.692,-90],[-42.191,-90],[-42.691,-90],[-43.19,-90],[-43.689,-90],[-44.189,-90],[-44.688,-90],[-45.187,-90],[-45.687,-90],[-46.186,-90],[-46.685,-90],[-47.184,-90],[-47.684,-90],[-48.183,-90],[-48.682,-90],[-49.182,-90],[-49.681,-90],[-50.18,-90],[-50.68,-90],[-51.179,-90],[-51.678,-90],[-52.118,-90],[-52.178,-90],[-52.677,-90],[-53.176,-90],[-53.675,-90],[-54.175,-90],[-54.674,-90],[-55.173,-90],[-55.673,-90],[-56.172,-90],[-56.671,-90],[-57.171,-90],[-57.67,-90],[-58.169,-90],[-58.669,-90],[-59.168,-90],[-59.667,-90],[-60.166,-90],[-60.666,-90],[-61.165,-90],[-61.664,-90],[-62.164,-90],[-62.663,-90],[-63.162,-90],[-63.662,-90],[-64.161,-90],[-64.66,-90],[-65.16,-90],[-65.659,-90],[-66.158,-90],[-66.657,-90],[-67.157,-90],[-67.656,-90],[-68.155,-90],[-68.655,-90],[-69.154,-90],[-69.653,-90],[-70.153,-90],[-70.652,-90],[-71.151,-90],[-71.65,-90],[-72.15,-90],[-72.649,-90],[-73.148,-90],[-73.648,-90],[-74.147,-90],[-74.646,-90],[-75.146,-90],[-75.645,-90],[-76.144,-90],[-76.644,-90],[-77.143,-90],[-77.642,-90],[-78.141,-90],[-78.641,-90],[-79.14,-90],[-79.639,-90],[-80.139,-90],[-80.638,-90],[-81.137,-90],[-81.637,-90],[-82.136,-90],[-82.635,-90],[-83.135,-90],[-83.634,-90],[-84.133,-90],[-84.632,-90],[-85.132,-90],[-85.631,-90],[-86.13,-90],[-86.63,-90],[-87.129,-90],[-87.628,-90],[-88.128,-90],[-88.627,-90],[-89.126,-90],[-89.626,-90],[-90.125,-90],[-90.624,-90],[-91.123,-90],[-91.623,-90],[-92.122,-90],[-92.621,-90],[-93.121,-90],[-93.62,-90],[-94.119,-90],[-94.619,-90],[-95.118,-90],[-95.617,-90],[-96.117,-90],[-96.616,-90],[-97.115,-90],[-97.614,-90],[-98.114,-90],[-98.613,-90],[-99.112,-90],[-99.612,-90],[-100.111,-90],[-100.61,-90],[-101.11,-90],[-101.609,-90],[-102.108,-90],[-102.607,-90],[-103.107,-90],[-103.606,-90],[-104.105,-90],[-104.605,-90],[-105.104,-90],[-105.603,-90],[-106.103,-90],[-106.602,-90],[-107.101,-90],[-107.601,-90],[-108.1,-90],[-108.599,-90],[-109.098,-90],[-109.598,-90],[-110.097,-90],[-110.596,-90],[-111.096,-90],[-111.595,-90],[-112.094,-90],[-112.594,-90],[-113.093,-90],[-113.592,-90],[-114.092,-90],[-114.591,-90],[-115.09,-90],[-115.589,-90],[-116.089,-90],[-116.588,-90],[-117.087,-90],[-117.587,-90],[-118.086,-90],[-118.585,-90],[-119.085,-90],[-119.584,-90],[-120.083,-90],[-120.583,-90],[-121.082,-90],[-121.581,-90],[-122.08,-90],[-122.58,-90],[-123.079,-90],[-123.578,-90],[-124.078,-90],[-124.577,-90],[-125.076,-90],[-125.576,-90],[-126.075,-90],[-126.574,-90],[-127.074,-90],[-127.573,-90],[-128.072,-90],[-128.571,-90],[-129.071,-90],[-129.57,-90],[-130.069,-90],[-130.569,-90],[-131.068,-90],[-131.567,-90],[-132.067,-90],[-132.566,-90],[-133.065,-90],[-133.564,-90],[-134.064,-90],[-134.563,-90],[-135.062,-90],[-135.562,-90],[-136.061,-90],[-136.56,-90],[-137.06,-90],[-137.559,-90],[-138.058,-90],[-138.558,-90],[-139.057,-90],[-139.556,-90],[-140.055,-90],[-140.555,-90],[-141.054,-90],[-141.553,-90],[-142.053,-90],[-142.552,-90],[-143.051,-90],[-143.551,-90],[-144.05,-90],[-144.549,-90],[-145.049,-90],[-145.548,-90],[-146.047,-90],[-146.546,-90],[-147.046,-90],[-147.545,-90],[-148.044,-90],[-148.544,-90],[-149.043,-90],[-149.542,-90],[-150.042,-90],[-150.541,-90],[-151.04,-90],[-151.54,-90],[-152.039,-90],[-152.538,-90],[-153.037,-90],[-153.537,-90],[-154.036,-90],[-154.535,-90],[-155.035,-90],[-155.534,-90],[-156.033,-90],[-156.533,-90],[-157.032,-90],[-157.531,-90],[-158.031,-90],[-158.53,-90],[-159.029,-90],[-159.528,-90],[-160.028,-90],[-160.527,-90],[-161.026,-90],[-161.526,-90],[-162.025,-90],[-162.524,-90],[-163.024,-90],[-163.523,-90],[-164.022,-90],[-164.521,-90],[-165.021,-90],[-165.52,-90],[-166.019,-90],[-166.519,-90],[-167.018,-90],[-167.517,-90],[-168.017,-90],[-168.516,-90],[-169.015,-90],[-169.515,-90],[-170.014,-90],[-170.513,-90],[-171.012,-90],[-171.512,-90],[-172.011,-90],[-172.51,-90],[-173.01,-90],[-173.509,-90],[-174.008,-90],[-174.508,-90],[-175.007,-90],[-175.506,-90],[-176.006,-90],[-176.505,-90],[-177.004,-90],[-177.503,-90],[-178.003,-90],[-178.502,-90],[-179.001,-90],[-179.501,-90],[-180,-90],[-180,-89.501],[-180,-89.003],[-180,-88.504],[-180,-88.006],[-180,-87.507],[-180,-87.008],[-180,-86.51],[-180,-86.011],[-180,-85.512],[-180,-85.014],[-180,-84.515],[-180,-84.353],[-179.969,-84.355],[-178.298,-84.308],[-175.999,-84.487],[-175.178,-84.415],[-168.255,-84.648],[-168.019,-84.781],[-162.849,-84.883],[-158.871,-85.076],[-158.163,-85.165],[-156.008,-85.222],[-155.504,-85.126],[-156.939,-85.007],[-155.643,-84.828],[-163.863,-84.55],[-165.41,-84.365],[-164.157,-84.292],[-165.154,-84.138],[-163.703,-84.05],[-163.994,-83.939],[-165.421,-83.767],[-166.068,-83.818],[-168.054,-83.754],[-168.583,-83.53],[-169.433,-83.409],[-174.028,-82.915],[-172.512,-82.87],[-171.408,-82.954],[-170.719,-83.197],[-168.086,-83.256],[-167.333,-83.198],[-165.086,-83.202],[-164.983,-83.34],[-164.166,-83.396],[-162.87,-83.321],[-162.169,-83.525],[-159,-83.457],[-157.555,-83.39],[-156.918,-83.23],[-158.497,-83.118],[-155.592,-83.046],[-155.059,-82.802],[-152.543,-82.548],[-152.897,-82.374],[-154.804,-81.966],[-153.79,-81.691],[-154.997,-81.489],[-157.057,-81.351],[-156.45,-81.149],[-154,-81.085],[-150.569,-80.996],[-147.628,-80.92],[-148.407,-80.746],[-149.462,-80.719],[-149.019,-80.591],[-149.665,-80.527],[-150.609,-80.27],[-150.37,-80.075],[-148.834,-80.131],[-147.935,-79.985],[-148.519,-79.887],[-147.773,-79.779],[-149.092,-79.63],[-150.447,-79.559],[-153.079,-79.139],[-154.97,-79.035],[-156.528,-78.664],[-156.053,-78.494],[-154.73,-78.455],[-154.137,-78.248],[-155.252,-78.205],[-157.354,-78.196],[-158.637,-77.865],[-158.14,-77.428],[-158.312,-77.132],[-157.925,-77.056],[-157.083,-77.351],[-156.834,-77.188],[-156.324,-77.066],[-155.291,-77.129],[-154.894,-77.104],[-153.534,-77.254],[-153.248,-77.446],[-152.575,-77.502],[-152.485,-77.319],[-151.515,-77.416],[-149.975,-77.816],[-148.674,-77.675],[-148.802,-77.584],[-147.758,-77.462],[-149.021,-77.338],[-148.867,-77.137],[-148.513,-77.108],[-147.847,-77.264],[-147.701,-77.409],[-146.89,-77.256],[-146.397,-77.495],[-145.407,-77.479],[-145.964,-77.254],[-145.275,-77.221],[-145.593,-76.917],[-146.618,-76.532],[-147.082,-76.433],[-148.04,-76.448],[-148.453,-76.506],[-149.64,-76.43],[-149.483,-76.293],[-148.54,-76.228],[-148.197,-76.087],[-147.164,-76.232],[-146.251,-76.424],[-145.355,-76.435],[-145.539,-76.316],[-146.5,-76.087],[-146.209,-75.915],[-145.18,-75.907],[-144.16,-75.804],[-144.308,-75.642],[-143.392,-75.538],[-142.679,-75.562],[-142.467,-75.432],[-141.861,-75.521],[-141.527,-75.768],[-140.913,-75.762],[-141.238,-75.599],[-140.277,-75.433],[-139.567,-75.148],[-137.477,-75.088],[-136.878,-75.038],[-136.885,-74.828],[-136.225,-74.701],[-135.7,-74.678],[-135.342,-74.56],[-134.519,-74.643],[-134.586,-74.736],[-133.866,-74.928],[-132.791,-74.769],[-132.093,-74.763],[-131.555,-74.846],[-131.013,-74.817],[-129.975,-74.913],[-128.473,-74.763],[-126.939,-74.677],[-126.113,-74.761],[-125.74,-74.705],[-124.366,-74.707],[-124.051,-74.811],[-122.836,-74.766],[-120.829,-74.74],[-119.135,-74.598],[-118.975,-74.404],[-118.124,-74.313],[-117.662,-74.503],[-116.693,-74.558],[-116.05,-74.497],[-115.649,-74.531],[-114.874,-74.482],[-115.125,-74.095],[-114.734,-73.927],[-114.21,-73.863],[-113.611,-74.025],[-113.422,-74.175],[-113.883,-74.237],[-113.801,-74.452],[-113.311,-74.481],[-113.862,-74.689],[-113.97,-74.885],[-113.79,-74.977],[-112.57,-74.846],[-111.543,-74.802],[-111.917,-74.618],[-111.697,-74.423],[-111.887,-74.229],[-111.231,-74.197],[-110.741,-74.32],[-110.449,-74.271],[-110.103,-74.549],[-110.294,-74.782],[-110.675,-74.829],[-111.601,-75.155],[-111.13,-75.202],[-109.867,-75.231],[-109.693,-75.146],[-108.104,-75.257],[-107.866,-75.323],[-106.449,-75.317],[-105.142,-75.181],[-103.812,-75.153],[-103.296,-75.085],[-101.564,-75.147],[-101.657,-75.305],[-101.149,-75.372],[-100.137,-75.384],[-99.431,-75.303],[-98.642,-75.31],[-98.899,-75.175],[-99.38,-75.113],[-99.334,-74.952],[-100.083,-74.846],[-100.131,-74.473],[-100.927,-74.551],[-101.396,-74.503],[-101.307,-74.307],[-101.589,-74],[-102.849,-73.922],[-102.89,-73.586],[-101.385,-73.667],[-101.164,-73.771],[-99.867,-73.733],[-99.485,-73.547],[-99.768,-73.364],[-101.857,-73.304],[-102.874,-73.308],[-103.288,-73.159],[-103.43,-72.849],[-103.041,-72.708],[-102.094,-72.772],[-102.189,-72.894],[-101.96,-73.056],[-100.766,-72.976],[-100.377,-73.066],[-99.682,-73.017],[-97.717,-73.025],[-97.419,-73.125],[-96.475,-73.299],[-95.843,-73.331],[-95.194,-73.209],[-94.578,-73.236],[-94.336,-73.322],[-93.572,-73.175],[-92.801,-73.143],[-91.954,-73.185],[-91.115,-73.301],[-90.534,-73.28],[-90.207,-73.15],[-89.284,-73.107],[-89.088,-72.96],[-89.111,-72.764],[-89.348,-72.635],[-88.223,-72.712],[-88.109,-72.843],[-88.406,-72.918],[-88.714,-73.12],[-88.444,-73.264],[-87.649,-73.195],[-86.947,-73.384],[-86.368,-73.263],[-85.679,-73.178],[-85.543,-73.372],[-84.467,-73.569],[-83.752,-73.56],[-83.819,-73.733],[-82.934,-73.71],[-82.137,-73.89],[-81.234,-73.73],[-81.311,-73.273],[-80.437,-73.188],[-80.651,-73.084],[-80.378,-72.95],[-79.647,-73.039],[-78.744,-73.365],[-78.872,-73.583],[-78.201,-73.556],[-77.531,-73.467],[-76.699,-73.548],[-77.242,-73.812],[-76.277,-73.821],[-75.268,-73.621],[-74.105,-73.716],[-73.073,-73.444],[-72.514,-73.461],[-72.239,-73.389],[-71.423,-73.354],[-70.883,-73.256],[-70.293,-73.293],[-69.919,-73.219],[-68.78,-73.108],[-67.511,-72.834],[-66.751,-72.113],[-66.8,-71.955],[-67.424,-71.621],[-67.623,-71.433],[-67.411,-70.993],[-67.643,-70.855],[-67.684,-70.626],[-67.949,-70.312],[-68.484,-70.053],[-68.362,-69.683],[-68.825,-69.431],[-68.654,-69.382],[-67.953,-69.375],[-67.527,-69.434],[-67.01,-69.262],[-66.759,-69.071],[-66.878,-68.964],[-67.273,-68.943],[-67.016,-68.786],[-66.946,-68.223],[-67.269,-67.969],[-66.874,-67.918],[-67.016,-67.741],[-66.632,-67.544],[-66.993,-67.469],[-67.472,-67.549],[-67.54,-67.139],[-66.917,-66.957],[-66.981,-67.276],[-66.694,-67.194],[-66.441,-66.846],[-66.512,-66.63],[-66.092,-66.591],[-65.785,-66.716],[-65.641,-66.215],[-65.26,-65.957],[-64.917,-65.927],[-64.687,-66.038],[-64.145,-65.624],[-63.682,-65.524],[-64.11,-65.268],[-63.874,-65.046],[-63.084,-65.166],[-63.031,-65.028],[-62.674,-64.777],[-62.142,-64.785],[-61.916,-64.575],[-61.604,-64.561],[-61.472,-64.398],[-61.15,-64.394],[-60.969,-64.296],[-60.877,-64.047],[-59.911,-63.848],[-59.489,-63.879],[-58.921,-63.651],[-58.899,-63.54],[-58.033,-63.413],[-57.88,-63.315],[-57.287,-63.215],[-57.106,-63.241],[-56.768,-63.583],[-57.127,-63.504],[-57.751,-63.656],[-58.077,-63.663],[-58.733,-64.031],[-58.77,-64.282],[-58.993,-64.443],[-59.275,-64.455],[-59.418,-64.331],[-60.224,-64.516],[-60.636,-64.697],[-61.052,-65.011],[-61.739,-65.088],[-62.198,-65.304],[-62.066,-65.692],[-62.342,-65.795],[-62.372,-65.916],[-62.023,-66.112],[-61.339,-66.088],[-61.245,-65.913],[-60.578,-65.94],[-61.144,-66.223],[-61.492,-66.129],[-61.731,-66.2],[-62.22,-66.174],[-62.668,-66.227],[-62.551,-66.413],[-62.905,-66.477],[-63.235,-66.239],[-63.756,-66.215],[-63.936,-66.704],[-63.831,-66.918],[-64.369,-66.911],[-64.966,-67.034],[-64.749,-67.307],[-65.327,-67.399],[-65.589,-67.554],[-65.673,-67.888],[-64.801,-68.164],[-65.481,-68.308],[-64.976,-68.408],[-65.328,-68.573],[-64.359,-68.784],[-63.813,-68.718],[-63.212,-68.839],[-63.81,-68.942],[-63.321,-69.05],[-62.963,-69.379],[-62.653,-69.389],[-62.397,-69.515],[-62.53,-69.864],[-62.009,-70.076],[-62.259,-70.218],[-62.38,-70.414],[-61.429,-70.591],[-62.006,-70.793],[-61.305,-70.856],[-61.334,-71.04],[-60.935,-71.182],[-61.181,-71.533],[-60.772,-71.76],[-61.092,-71.871],[-61.497,-71.855],[-62.441,-71.92],[-61.733,-72.049],[-60.871,-72.047],[-60.689,-72.12],[-60.679,-72.446],[-61.142,-72.454],[-61.215,-72.638],[-60.597,-72.65],[-60.492,-72.791],[-60.664,-72.916],[-60.357,-73.052],[-59.904,-72.993],[-60.094,-73.299],[-60.703,-73.391],[-61.168,-73.32],[-61.713,-73.46],[-60.8,-73.578],[-60.911,-73.9],[-61.791,-73.907],[-61.055,-74.103],[-60.682,-74.325],[-61.068,-74.52],[-62.008,-74.596],[-61.792,-74.779],[-62.132,-74.952],[-62.591,-74.951],[-62.673,-74.703],[-63.293,-74.72],[-63.573,-74.871],[-63.041,-75.147],[-64.272,-75.241],[-63.162,-75.409],[-66.219,-76.011],[-68.104,-76.148],[-68.018,-76.221],[-69.475,-76.341],[-70.181,-76.451],[-70.014,-76.694],[-71.709,-76.763],[-72.406,-76.689],[-73.937,-76.653],[-74.082,-76.694],[-75.21,-76.565],[-75.894,-76.621],[-76.499,-76.525],[-76.929,-76.604],[-77.509,-76.556],[-77.524,-76.73],[-77.187,-76.827],[-76.323,-77.263],[-75.921,-77.337],[-75.527,-77.541],[-75.08,-77.437],[-72.722,-77.576],[-72.805,-77.699],[-73.627,-78.025],[-74.892,-78.168],[-77.685,-77.93],[-79.146,-77.845],[-79.424,-77.878],[-80.762,-77.79],[-81.616,-77.862],[-79.281,-78.172],[-77.413,-78.42],[-77.361,-78.624],[-77.754,-78.736],[-80.295,-78.847],[-82.487,-78.466],[-83.591,-78.226],[-83.886,-78.419],[-83.254,-78.773],[-82.579,-78.945],[-81.106,-79.203],[-81.117,-79.47],[-80.492,-79.578],[-80.429,-79.258],[-76.533,-79.313],[-75.925,-79.52],[-76.098,-79.734],[-76.632,-79.939],[-77.419,-80.014],[-79.687,-79.983],[-78.373,-80.15],[-77.666,-80.182],[-76.274,-80.081],[-76.115,-80.282],[-75.578,-80.403],[-75.712,-80.638],[-74.838,-80.919],[-74.047,-80.804],[-72.769,-80.969],[-72.278,-80.766],[-71.282,-80.664],[-70.434,-80.657],[-69.976,-80.976],[-68.372,-81.11],[-65.174,-81.512],[-62.414,-81.558],[-62.207,-81.693],[-65.692,-81.711],[-65.625,-81.784],[-63.479,-81.78],[-63.577,-81.872],[-65.803,-81.888],[-66.062,-82.195],[-65.073,-82.406],[-63.842,-82.302],[-62.472,-82.256],[-61.12,-82.344],[-62.795,-82.52],[-61.932,-82.972],[-60.978,-82.975],[-61.625,-83.312],[-60.446,-83.469],[-59.47,-83.46],[-57.699,-82.91],[-55.681,-82.462],[-54.762,-82.3],[-53.314,-82.153],[-51.731,-82.063]]],[[[-59.287,-80.21],[-59.757,-80.336],[-59.819,-80.745],[-60.653,-80.96],[-62.522,-80.865],[-63.141,-80.592],[-63.792,-80.606],[-64.285,-80.751],[-66.701,-80.412],[-65.918,-80.395],[-61.75,-80.368],[-61.516,-80.242],[-61.796,-80.067],[-61.466,-79.882],[-60.403,-79.757],[-59.821,-79.769],[-59.776,-80.045],[-59.287,-80.21]]],[[[-66.149,-79.628],[-66.272,-79.721],[-65.566,-79.813],[-65.512,-79.965],[-66.973,-79.922],[-66.933,-79.793],[-67.832,-79.579],[-66.918,-79.566],[-66.149,-79.628]]],[[[-33.916,-79.313],[-34.071,-79.362],[-36.726,-79.298],[-36.66,-79.223],[-35.503,-79.09],[-33.916,-79.313]]],[[[-66.734,-78.442],[-68.946,-79.097],[-69.801,-79.469],[-69.647,-79.604],[-70.342,-79.697],[-71.444,-79.653],[-71.816,-79.479],[-71.395,-79.102],[-70.593,-78.886],[-69.437,-78.687],[-66.993,-78.307],[-66.734,-78.442]]],[[[-52.519,-80.2],[-50.264,-79.536],[-50.713,-79.282],[-50.214,-78.833],[-50.204,-78.593],[-49.278,-78.201],[-49.072,-78.042],[-47.223,-77.773],[-45.934,-77.817],[-44.515,-78.042],[-43.819,-78.248],[-43.718,-78.367],[-43.963,-78.603],[-45.156,-78.662],[-45.219,-78.819],[-43.739,-78.801],[-43.46,-78.955],[-43.348,-79.239],[-42.972,-79.43],[-43.137,-79.952],[-43.857,-79.997],[-43.532,-80.2],[-45.435,-80.349],[-49.719,-80.686],[-49.798,-80.791],[-54.162,-80.877],[-54.397,-80.753],[-54.164,-80.53],[-53.458,-80.161],[-52.519,-80.2]]],[[[-20.367,-74.425],[-20.807,-74.475],[-20.96,-74.239],[-21.336,-74.004],[-21.01,-73.871],[-20.496,-73.794],[-20.693,-74.102],[-20.367,-74.425]]],[[[-73.887,-73.12],[-73.523,-73.13],[-73.91,-73.373],[-74.146,-73.323],[-73.887,-73.12]]],[[[-89.892,-72.885],[-89.331,-72.928],[-89.585,-73.07],[-90.132,-73.094],[-89.892,-72.885]]],[[[-74.847,-72.867],[-74.219,-72.991],[-74.552,-73.387],[-74.361,-73.46],[-74.593,-73.615],[-75.875,-73.347],[-76.126,-73.159],[-75.501,-72.989],[-75.296,-72.82],[-74.847,-72.867]]],[[[-90.902,-72.82],[-90.74,-72.864],[-90.918,-73.101],[-91.525,-73.193],[-91.333,-72.898],[-91.687,-72.61],[-91.044,-72.543],[-90.758,-72.697],[-90.902,-72.82]]],[[[-95.499,-72.316],[-96.023,-72.436],[-96.055,-72.584],[-97.599,-72.557],[-98.58,-72.573],[-98.535,-72.464],[-99.397,-72.498],[-100.205,-72.271],[-102.292,-72.127],[-102.087,-71.974],[-100.437,-71.879],[-100.24,-71.826],[-99.691,-72.015],[-99.153,-71.916],[-98.828,-71.761],[-97.982,-71.86],[-98.229,-72.045],[-97.306,-72.177],[-97.048,-71.876],[-96.36,-71.835],[-96.065,-71.914],[-96.441,-72.193],[-95.716,-72.105],[-95.499,-72.316]]],[[[-74.913,-71.023],[-76.13,-71.138],[-76.543,-70.966],[-76.109,-70.838],[-75.2,-70.777],[-74.821,-70.607],[-73.884,-70.571],[-73.619,-70.775],[-74.401,-70.975],[-74.913,-71.023]]],[[[-60.435,-70.597],[-60.907,-70.687],[-60.956,-70.538],[-60.435,-70.597]]],[[[-3.43,-70.539],[-3.26,-70.331],[-2.834,-70.281],[-2.685,-70.472],[-3.43,-70.539]]],[[[-75.484,-70.134],[-75.832,-70.016],[-75.779,-69.923],[-74.963,-69.717],[-74.414,-69.931],[-74.873,-70.184],[-75.484,-70.134]]],[[[-72.846,-69.586],[-72.833,-69.426],[-72.399,-69.465],[-72.14,-69.624],[-72.205,-69.734],[-72.846,-69.586]]],[[[-61.755,-69.454],[-62.199,-69.508],[-62.579,-69.189],[-62.192,-69.186],[-61.755,-69.454]]],[[[-71.46,-72.629],[-72.408,-72.674],[-73.109,-72.473],[-72.677,-72.271],[-71.871,-72.349],[-70.71,-72.396],[-70.183,-72.274],[-70.458,-72.14],[-71.044,-72.258],[-71.553,-72.278],[-72.012,-72.12],[-71.087,-72.05],[-70.72,-71.906],[-71.832,-71.799],[-72.263,-71.642],[-72.671,-71.733],[-72.712,-71.861],[-73.501,-72.012],[-74.005,-72.174],[-74.397,-72.04],[-74.816,-72.065],[-75.356,-71.924],[-75.382,-71.636],[-74.886,-71.528],[-74.39,-71.668],[-74.423,-71.428],[-73.408,-71.315],[-72.757,-71.405],[-72.315,-71.289],[-72.896,-71.23],[-72.786,-71.063],[-72.395,-71.065],[-71.69,-71.159],[-71.026,-70.962],[-70.208,-70.988],[-69.953,-70.879],[-70.701,-70.832],[-71.267,-70.68],[-70.999,-70.466],[-70.118,-70.33],[-70.231,-70.136],[-70.78,-70.126],[-71.317,-70.177],[-71.928,-69.954],[-71.912,-69.708],[-71.616,-69.455],[-72.042,-69.296],[-72.199,-69.098],[-72.013,-68.955],[-71.404,-68.86],[-70.402,-68.787],[-70.106,-68.891],[-70.077,-69.291],[-69.703,-69.316],[-69.317,-69.626],[-69.285,-69.923],[-68.72,-70.369],[-68.299,-70.869],[-68.161,-71.606],[-68.414,-72.22],[-68.669,-72.217],[-69.139,-72.375],[-69.218,-72.543],[-70.524,-72.668],[-71.46,-72.629]]],[[[-67.288,-67.73],[-67.647,-67.777],[-67.766,-67.668],[-67.496,-67.589],[-67.288,-67.73]]],[[[-69.109,-67.626],[-69.066,-67.388],[-68.837,-67.267],[-68.378,-66.821],[-67.86,-66.626],[-67.642,-66.683],[-68.026,-66.941],[-67.677,-67.148],[-68.251,-67.369],[-67.965,-67.395],[-68.139,-67.571],[-68.885,-67.762],[-69.109,-67.626]]],[[[-62.906,-64.521],[-63.336,-64.759],[-63.741,-64.839],[-64.282,-64.71],[-63.936,-64.466],[-63.721,-64.436],[-63.575,-64.265],[-63.129,-64.493],[-62.906,-64.521]]],[[[-62.657,-64.503],[-62.469,-64.248],[-62.623,-64.131],[-62.371,-64.01],[-62.06,-64.227],[-62.385,-64.466],[-62.657,-64.503]]],[[[-57.513,-64.341],[-58.313,-64.321],[-58.131,-64.102],[-58.333,-63.954],[-57.927,-63.8],[-57.744,-64.03],[-57.155,-64.085],[-57.513,-64.341]]],[[[-55.159,-63.204],[-55.173,-63.358],[-55.907,-63.301],[-56.45,-63.429],[-56.37,-63.228],[-55.975,-63.147],[-55.576,-63.129],[-55.159,-63.204]]],[[[-56.546,-63.099],[-56.469,-62.976],[-56.048,-63.017],[-56.274,-63.178],[-56.546,-63.099]]],[[[-61.16,-62.663],[-60.675,-62.549],[-60.011,-62.526],[-59.989,-62.63],[-60.246,-62.753],[-60.379,-62.61],[-60.812,-62.672],[-61.16,-62.663]]],[[[-58.467,-62.16],[-58.825,-62.169],[-58.678,-62.004],[-58.008,-61.904],[-57.813,-62.014],[-58.163,-62.168],[-58.467,-62.16]]],[[[-55.078,-61.093],[-55.211,-61.267],[-55.449,-61.115],[-55.078,-61.093]]],[[[-162.34,-82.924],[-161.576,-83.024],[-162.402,-83.148],[-163.261,-83.081],[-163.75,-82.834],[-162.34,-82.924]]],[[[-160.571,-81.599],[-163.729,-81.482],[-163.851,-81.319],[-162.984,-81.27],[-160.676,-81.463],[-160.571,-81.599]]],[[[-29.618,-79.911],[-29.989,-79.966],[-31.542,-79.899],[-31.095,-79.811],[-29.906,-79.815],[-29.618,-79.911]]],[[[-159.842,-79.349],[-158.975,-79.722],[-159.07,-79.819],[-160.713,-79.855],[-163.482,-79.49],[-164.301,-79.302],[-164.246,-79.043],[-163.243,-78.706],[-162.353,-78.753],[-159.842,-79.349]]],[[[169.273,-77.455],[169.318,-77.537],[168.401,-77.696],[167.408,-77.644],[167.258,-77.716],[166.177,-77.537],[166.654,-77.363],[167.568,-77.413],[168.22,-77.372],[169.273,-77.455]]],[[[-149.729,-77.129],[-150.422,-77.09],[-150.783,-76.971],[-149.963,-76.871],[-149.443,-77.025],[-149.729,-77.129]]],[[[-146.165,-76.931],[-146.965,-77.007],[-147.072,-76.824],[-146.165,-76.931]]],[[[-130.92,-74.444],[-131.206,-74.607],[-132.083,-74.491],[-131.806,-74.322],[-130.92,-74.444]]],[[[-127.128,-74.469],[-127.552,-74.644],[-127.906,-74.553],[-127.758,-74.343],[-127.128,-74.469]]],[[[-116.141,-73.903],[-116.599,-74.142],[-117.196,-74.2],[-117.371,-74.08],[-116.403,-73.867],[-116.141,-73.903]]],[[[-119.821,-74.121],[-119.664,-74.015],[-119.858,-73.877],[-119.495,-73.773],[-118.974,-73.805],[-119.004,-73.984],[-119.821,-74.121]]],[[[-120.261,-73.928],[-120.276,-74.003],[-121.004,-74.148],[-121.099,-74.348],[-122.243,-74.413],[-122.904,-74.337],[-123.028,-74.248],[-122.731,-73.998],[-123.289,-73.775],[-123.066,-73.675],[-120.686,-73.767],[-120.261,-73.928]]],[[[-127.473,-73.55],[-127.303,-73.318],[-126.527,-73.268],[-126.104,-73.296],[-125.599,-73.429],[-125.27,-73.699],[-124.63,-73.731],[-124.112,-73.833],[-124.209,-73.934],[-123.783,-74.11],[-124.245,-74.215],[-124.784,-74.226],[-125.109,-74.123],[-126.475,-73.842],[-126.547,-73.67],[-127.473,-73.55]]],[[[-2.718,-70.82],[-2.081,-70.826],[-2.564,-71.133],[-2.844,-71.056],[-3.188,-70.825],[-3.181,-70.668],[-2.618,-70.698],[-2.718,-70.82]]],[[[3.22,-70.392],[2.958,-70.613],[2.581,-70.524],[3.22,-70.392]]],[[[4.049,-70.303],[4.574,-70.276],[4.605,-70.421],[4.205,-70.469],[4.049,-70.303]]],[[[26.766,-70.224],[26.84,-70.412],[26.458,-70.45],[26.057,-70.391],[25.987,-70.195],[26.327,-70.067],[26.766,-70.224]]],[[[1.411,-70.04],[1.276,-70.274],[0.957,-70.192],[1.042,-70.046],[1.411,-70.04]]],[[[16.247,-69.706],[16.33,-69.829],[16.172,-70.073],[15.589,-69.932],[15.722,-69.764],[16.247,-69.706]]],[[[85.659,-66.744],[85.941,-66.89],[85.787,-66.969],[85.375,-66.877],[85.659,-66.744]]],[[[96.917,-66.054],[96.908,-66.211],[96.407,-66.228],[96.418,-66.067],[96.917,-66.054]]],[[[100.566,-65.403],[101.127,-65.412],[101.231,-65.574],[100.967,-65.683],[100.298,-65.659],[100.566,-65.403]]]]},"properties":{"id":"antarctica"}},{"type":"Feature","geometry":{"type":"MultiPolygon","coordinates":[[[[131.536,-31.606],[131.178,-31.478],[130.834,-31.602],[130.157,-31.574],[129,-31.689],[128.655,-31.846],[128.017,-32.084],[127.766,-32.123],[127.289,-32.273],[126.678,-32.317],[126.186,-32.233],[125.87,-32.333],[125.537,-32.548],[125,-32.737],[124.709,-32.904],[124.357,-32.953],[124.117,-33.122],[123.952,-33.567],[123.567,-33.884],[123.344,-33.903],[123.147,-34.002],[123.023,-33.861],[122.648,-33.889],[122.489,-33.944],[122.106,-33.964],[122.016,-33.825],[121.813,-33.895],[121.533,-33.82],[121.166,-33.868],[120.572,-33.892],[120.423,-33.97],[120.02,-33.924],[119.806,-33.985],[119.497,-34.239],[119.382,-34.44],[119.117,-34.472],[118.932,-34.446],[118.727,-34.558],[118.706,-34.648],[118.48,-34.717],[118.264,-34.911],[118.027,-35.014],[117.471,-35.08],[117.36,-35.024],[116.658,-35.028],[116.02,-34.829],[115.745,-34.54],[115.335,-34.314],[115.018,-34.262],[114.974,-34.092],[114.957,-33.682],[115.119,-33.616],[115.283,-33.651],[115.517,-33.512],[115.667,-33.288],[115.675,-33.025],[115.601,-32.662],[115.769,-32.602],[115.728,-32.315],[115.744,-31.928],[115.68,-31.649],[115.455,-31.303],[115.313,-30.991],[115.181,-30.827],[114.975,-30.214],[114.946,-29.658],[114.979,-29.48],[114.832,-29.092],[114.577,-28.785],[114.531,-28.522],[114.31,-28.23],[114.166,-28.107],[114.097,-27.819],[114.144,-27.688],[114.013,-27.315],[113.591,-26.676],[113.313,-26.416],[113.245,-26.24],[113.544,-26.287],[113.566,-26.565],[113.812,-26.599],[113.885,-26.343],[113.684,-26.222],[113.577,-26.089],[113.558,-25.941],[113.421,-25.728],[113.533,-25.618],[113.761,-25.905],[113.704,-26.148],[113.906,-26.119],[113.97,-26.332],[114.104,-26.448],[114.234,-26.317],[114.192,-26.196],[114.259,-25.842],[114.155,-25.79],[113.928,-25.45],[113.789,-25.16],[113.678,-25.082],[113.604,-24.728],[113.439,-24.533],[113.385,-24.249],[113.46,-23.91],[113.599,-23.634],[113.75,-23.512],[113.782,-23.327],[113.748,-23.162],[113.812,-23.051],[113.76,-22.789],[113.647,-22.578],[113.804,-22.331],[113.898,-22.049],[114.011,-21.86],[114.159,-21.792],[114.077,-22.175],[114.171,-22.317],[114.18,-22.522],[114.392,-22.358],[114.638,-21.857],[114.929,-21.694],[115.105,-21.665],[115.455,-21.514],[115.603,-21.344],[115.806,-21.235],[115.937,-21.059],[116.152,-20.97],[116.266,-20.863],[116.435,-20.822],[116.743,-20.617],[116.855,-20.712],[117.063,-20.622],[117.354,-20.728],[117.839,-20.617],[118.136,-20.362],[118.231,-20.372],[118.806,-20.281],[119.069,-19.983],[119.212,-19.961],[119.567,-20.069],[119.716,-19.973],[120.238,-19.907],[120.954,-19.634],[121.194,-19.472],[121.519,-19.07],[121.643,-18.81],[121.769,-18.657],[121.824,-18.452],[121.91,-18.464],[122.22,-18.197],[122.324,-18.151],[122.361,-18],[122.208,-17.911],[122.201,-17.701],[122.143,-17.564],[122.172,-17.261],[122.276,-17.089],[122.53,-16.874],[122.571,-16.789],[122.74,-16.761],[122.759,-16.604],[122.886,-16.512],[123.151,-16.808],[123.143,-16.914],[123.26,-17.015],[123.4,-17.329],[123.501,-17.43],[123.64,-17.173],[123.636,-16.991],[123.837,-17.132],[123.717,-16.757],[123.566,-16.616],[123.712,-16.334],[123.547,-16.278],[123.595,-16.156],[123.774,-16.163],[123.803,-16.308],[123.972,-16.24],[124.126,-16.272],[124.223,-16.396],[124.413,-16.338],[124.378,-16.215],[124.59,-16.094],[124.378,-15.687],[124.504,-15.467],[124.63,-15.505],[124.798,-15.292],[125.05,-15.498],[125.09,-15.347],[124.929,-15.338],[124.834,-15.165],[124.897,-15.101],[125.384,-15.014],[125.137,-14.758],[125.291,-14.566],[125.501,-14.486],[125.744,-14.445],[126.041,-14.509],[126.072,-14.227],[126.248,-14.223],[126.39,-14.005],[126.501,-13.997],[126.569,-14.195],[126.701,-14.007],[126.818,-13.943],[126.747,-13.792],[126.953,-13.724],[127.107,-13.953],[127.251,-13.898],[127.441,-13.969],[127.666,-14.178],[127.887,-14.474],[128.175,-14.698],[128.067,-15.125],[128.196,-15.057],[128.403,-14.823],[128.532,-14.753],[129.051,-14.88],[129.221,-14.844],[129.477,-14.934],[129.598,-15.117],[129.646,-14.841],[129.646,-14.601],[129.358,-14.409],[129.496,-14.089],[129.718,-14.016],[129.715,-13.881],[129.869,-13.494],[129.969,-13.53],[130.164,-13.433],[130.273,-13.319],[130.119,-13.156],[130.13,-12.941],[130.352,-12.842],[130.345,-12.695],[130.517,-12.604],[130.641,-12.383],[130.784,-12.435],[130.898,-12.334],[131.025,-12.361],[131.026,-12.147],[131.216,-12.215],[131.328,-12.185],[131.493,-12.298],[131.864,-12.226],[132.058,-12.307],[132.171,-12.222],[132.38,-12.216],[132.627,-12.044],[132.651,-11.866],[132.593,-11.784],[132.696,-11.653],[132.37,-11.435],[132.085,-11.518],[131.926,-11.321],[132.014,-11.14],[132.188,-11.351],[132.241,-11.196],[132.35,-11.146],[132.475,-11.234],[132.674,-11.508],[132.892,-11.358],[133.011,-11.433],[133.185,-11.717],[133.407,-11.724],[133.622,-11.833],[133.803,-11.715],[133.943,-11.914],[134.056,-11.845],[134.19,-12.018],[134.605,-12.049],[134.769,-11.948],[134.861,-12.127],[135.08,-12.264],[135.258,-12.222],[135.303,-12.128],[135.535,-12.081],[135.571,-11.995],[135.739,-11.942],[135.855,-11.989],[135.65,-12.165],[135.765,-12.257],[135.889,-12.146],[136.026,-12.311],[136.023,-12.456],[136.253,-12.441],[136.368,-12.239],[136.231,-12.132],[136.451,-11.942],[136.533,-11.993],[136.591,-12.174],[136.691,-12.283],[136.876,-12.223],[136.909,-12.389],[136.74,-12.476],[136.679,-12.671],[136.474,-12.792],[136.567,-13.058],[136.451,-13.216],[136.308,-13.163],[136.177,-13.236],[136.104,-13.159],[135.883,-13.326],[135.845,-13.6],[136.005,-13.798],[135.923,-13.96],[135.903,-14.136],[135.759,-14.265],[135.668,-14.427],[135.391,-14.74],[135.47,-14.948],[135.653,-15.042],[136.24,-15.424],[136.268,-15.545],[136.612,-15.755],[136.768,-15.901],[136.992,-15.864],[137.361,-16.122],[137.746,-16.252],[137.867,-16.437],[138.184,-16.697],[138.493,-16.794],[138.648,-16.778],[139.037,-16.916],[139.274,-17.348],[139.439,-17.376],[139.641,-17.532],[139.925,-17.621],[140,-17.706],[140.24,-17.702],[140.507,-17.636],[140.833,-17.451],[140.96,-17.074],[140.947,-17.018],[141.199,-16.703],[141.425,-16.082],[141.379,-15.938],[141.487,-15.479],[141.666,-15.011],[141.604,-14.878],[141.522,-14.484],[141.592,-14.245],[141.584,-14.076],[141.485,-13.948],[141.474,-13.776],[141.527,-13.571],[141.694,-13.251],[141.585,-12.977],[141.755,-12.818],[141.811,-12.584],[141.666,-12.441],[141.801,-12.055],[141.948,-11.896],[142.132,-11.338],[142.175,-10.93],[142.323,-10.902],[142.434,-10.728],[142.742,-10.975],[142.872,-11.383],[142.821,-11.478],[142.873,-11.851],[142.992,-11.934],[143.204,-11.983],[143.086,-12.149],[143.077,-12.329],[143.253,-12.389],[143.323,-12.558],[143.434,-12.613],[143.365,-12.805],[143.497,-12.857],[143.527,-13.33],[143.595,-13.436],[143.534,-13.766],[143.687,-14.014],[143.708,-14.21],[143.805,-14.432],[143.952,-14.499],[144.515,-14.173],[144.678,-14.556],[144.886,-14.61],[144.942,-14.726],[145.277,-14.947],[145.236,-15.166],[145.303,-15.285],[145.256,-15.389],[145.366,-15.749],[145.356,-15.903],[145.462,-16.06],[145.462,-16.273],[145.4,-16.443],[145.778,-16.885],[145.942,-16.93],[145.882,-17.06],[146.071,-17.392],[146.148,-17.633],[146.114,-17.864],[146.004,-18.156],[146.024,-18.263],[146.175,-18.369],[146.214,-18.492],[146.339,-18.527],[146.271,-18.863],[146.562,-19.139],[146.746,-19.173],[146.905,-19.305],[147.059,-19.316],[147.167,-19.4],[147.421,-19.413],[147.55,-19.521],[147.592,-19.722],[147.684,-19.828],[147.859,-19.825],[148.279,-19.966],[148.265,-20.083],[148.454,-20.194],[148.757,-20.23],[148.849,-20.349],[148.827,-20.493],[148.66,-20.572],[148.875,-20.843],[149.151,-20.996],[149.196,-21.181],[149.395,-21.504],[149.478,-21.718],[149.435,-21.79],[149.609,-22.244],[149.705,-22.384],[149.831,-22.389],[150.054,-22.142],[150.216,-22.395],[150.444,-22.514],[150.568,-22.323],[150.705,-22.44],[150.723,-22.624],[150.828,-22.714],[150.764,-23.159],[150.857,-23.52],[151.027,-23.58],[151.187,-23.804],[151.581,-24.058],[151.78,-24.023],[151.933,-24.211],[152.059,-24.514],[152.15,-24.619],[152.47,-24.806],[152.506,-24.999],[152.697,-25.252],[152.918,-25.297],[152.908,-25.699],[153.122,-25.934],[153.142,-26.061],[153.077,-26.281],[153.151,-26.685],[153.153,-26.925],[153.206,-27.046],[153.038,-27.173],[153.114,-27.242],[153.315,-27.655],[153.446,-27.81],[153.449,-28.073],[153.563,-28.175],[153.576,-28.59],[153.631,-28.662],[153.606,-28.867],[153.454,-29.036],[153.34,-29.323],[153.37,-29.397],[153.322,-29.698],[153.204,-30.129],[153.043,-30.494],[152.988,-30.735],[153.06,-31.077],[152.981,-31.166],[152.935,-31.483],[152.845,-31.569],[152.693,-31.885],[152.51,-32.162],[152.54,-32.442],[152.402,-32.489],[152.192,-32.653],[152.189,-32.759],[151.834,-32.865],[151.671,-33.061],[151.424,-33.528],[151.309,-33.548],[151.318,-33.747],[151.249,-34.004],[150.925,-34.33],[150.848,-34.752],[150.696,-35.026],[150.759,-35.179],[150.554,-35.214],[150.407,-35.549],[150.163,-35.957],[150.142,-36.32],[149.91,-36.906],[150.02,-37.221],[149.951,-37.284],[149.985,-37.496],[149.787,-37.553],[149.667,-37.7],[149.479,-37.786],[148.944,-37.789],[148.724,-37.823],[148.306,-37.823],[147.917,-37.919],[147.589,-38.081],[146.879,-38.644],[146.412,-38.74],[146.256,-38.702],[146.286,-38.91],[146.477,-38.81],[146.434,-39.089],[146.264,-38.996],[146.092,-38.82],[145.921,-38.907],[145.809,-38.65],[145.639,-38.677],[145.42,-38.515],[145.557,-38.385],[145.448,-38.228],[145.297,-38.232],[145.025,-38.494],[144.893,-38.373],[145.119,-38.159],[144.983,-37.899],[144.804,-37.941],[144.523,-38.084],[144.709,-38.218],[144.612,-38.293],[144.402,-38.301],[144.071,-38.475],[143.845,-38.691],[143.537,-38.858],[143.242,-38.763],[143.06,-38.636],[142.81,-38.578],[142.398,-38.367],[142.225,-38.406],[141.947,-38.283],[141.673,-38.284],[141.558,-38.44],[141.134,-38.128],[140.951,-38.054],[140.714,-38.071],[140.398,-37.92],[140.114,-37.518],[139.988,-37.487],[139.742,-37.181],[139.672,-36.953],[139.864,-36.767],[139.854,-36.622],[139.475,-35.896],[139.041,-35.604],[139.135,-35.498],[139.375,-35.464],[139.223,-35.319],[138.961,-35.414],[139.007,-35.521],[138.639,-35.567],[138.531,-35.646],[138.202,-35.672],[138.123,-35.555],[138.427,-35.353],[138.507,-35.057],[138.536,-34.741],[138.26,-34.438],[138.1,-34.144],[137.931,-34.415],[137.91,-34.624],[137.685,-35.179],[137.403,-35.124],[137.169,-35.242],[136.953,-35.284],[137.031,-34.9],[137.446,-34.917],[137.513,-34.618],[137.459,-34.448],[137.454,-34.164],[137.602,-33.877],[137.937,-33.528],[137.81,-33.26],[138.044,-33.125],[137.902,-32.788],[137.595,-32.993],[137.452,-33.14],[137.377,-33.39],[137.225,-33.653],[136.607,-33.903],[136.369,-34.073],[136.125,-34.453],[135.951,-34.521],[135.875,-34.644],[135.969,-34.877],[135.604,-34.88],[135.391,-34.64],[135.396,-34.472],[135.19,-33.893],[134.85,-33.638],[134.814,-33.353],[134.706,-33.173],[134.279,-33.163],[134.074,-32.714],[134.265,-32.739],[134.23,-32.524],[133.95,-32.389],[133.826,-32.245],[133.586,-32.103],[133.412,-32.211],[133.148,-32.197],[132.798,-31.956],[132.587,-31.935],[132.483,-32.026],[132.234,-32.033],[132.078,-31.908],[131.536,-31.606]]],[[[147.999,-43.23],[147.792,-43.244],[147.84,-42.902],[147.586,-42.821],[147.36,-42.925],[147.245,-43.145],[146.856,-43.64],[146.254,-43.487],[146.024,-43.553],[146.025,-43.325],[145.757,-43.176],[145.51,-42.958],[145.353,-42.651],[145.264,-42.595],[145.202,-42.247],[145.277,-42.182],[145.207,-41.967],[144.926,-41.709],[144.606,-40.997],[144.697,-40.887],[144.689,-40.705],[144.985,-40.745],[145.712,-40.93],[145.791,-41.017],[146.214,-41.155],[146.424,-41.166],[147.018,-40.977],[147.286,-40.941],[147.445,-41.008],[147.597,-40.847],[147.82,-40.893],[147.984,-40.737],[148.209,-40.841],[148.331,-41.002],[148.269,-41.152],[148.331,-41.323],[148.261,-41.8],[148.327,-41.916],[148.147,-41.999],[147.983,-42.319],[148.006,-42.514],[147.889,-42.82],[148.005,-42.909],[147.999,-43.23]]],[[[148.43,-40.373],[148.082,-40.454],[148.074,-40.351],[148.346,-40.31],[148.43,-40.373]]],[[[148.015,-40.151],[147.854,-39.828],[147.953,-39.712],[148.167,-39.936],[148.299,-39.962],[148.287,-40.115],[148.124,-40.271],[148.015,-40.151]]],[[[144.105,-39.893],[144.112,-40.031],[143.923,-40.127],[143.838,-39.935],[143.862,-39.701],[144.084,-39.626],[144.105,-39.893]]],[[[138.13,-35.816],[138.048,-35.919],[137.757,-35.872],[137.459,-36.083],[137.212,-35.98],[137.14,-36.042],[136.716,-36.063],[136.533,-35.912],[136.621,-35.751],[137.074,-35.672],[137.352,-35.586],[137.623,-35.582],[137.581,-35.727],[137.909,-35.729],[138.13,-35.816]]],[[[153.411,-27.34],[153.363,-27.055],[153.466,-27.06],[153.411,-27.34]]],[[[113.217,-26.068],[113.046,-25.94],[112.965,-25.794],[113.051,-25.717],[113.217,-26.068]]],[[[153.37,-24.989],[153.084,-25.666],[152.948,-25.552],[153.069,-25.329],[153.038,-25.184],[153.226,-25.028],[153.37,-24.989]]],[[[151.27,-23.666],[151.214,-23.778],[150.98,-23.487],[151.211,-23.521],[151.27,-23.666]]],[[[139.734,-16.443],[139.445,-16.665],[139.302,-16.725],[139.137,-16.697],[139.308,-16.461],[139.604,-16.398],[139.734,-16.443]]],[[[136.952,-14.182],[136.903,-14.299],[136.639,-14.28],[136.411,-14.166],[136.464,-13.84],[136.608,-13.792],[136.814,-13.85],[136.717,-14.064],[136.952,-14.182]]],[[[130.537,-11.705],[130.496,-11.839],[130.321,-11.77],[130.053,-11.823],[130.064,-11.691],[130.202,-11.653],[130.181,-11.434],[130.327,-11.33],[130.399,-11.433],[130.457,-11.677],[130.537,-11.705]]],[[[131.537,-11.413],[131.432,-11.607],[130.98,-11.926],[130.675,-11.777],[130.497,-11.65],[130.367,-11.204],[130.574,-11.275],[130.692,-11.423],[130.888,-11.313],[131.01,-11.355],[131.23,-11.208],[131.428,-11.25],[131.537,-11.413]]]]},"properties":{"id":"australia"}},{"type":"Feature","geometry":{"type":"MultiPolygon","coordinates":[[[[-40.876,65.097],[-41.078,65.068],[-41.073,64.887],[-40.705,64.734],[-40.358,64.359],[-40.836,64.38],[-41.078,64.311],[-41.525,64.326],[-41.387,64.179],[-40.767,64.165],[-40.561,64.107],[-40.614,63.808],[-40.88,63.658],[-40.76,63.562],[-41.116,63.39],[-41.667,63.51],[-41.907,63.464],[-41.473,63.226],[-41.61,62.951],[-42.018,62.797],[-42.456,62.842],[-42.614,62.63],[-42.384,62.572],[-42.261,62.315],[-42.312,62.103],[-42.117,62.007],[-42.22,61.835],[-42.527,61.534],[-42.576,61.197],[-42.781,61.109],[-42.885,60.845],[-42.826,60.611],[-43.2,60.553],[-43.213,60.389],[-43.088,60.099],[-43.991,60.191],[-44.481,60.124],[-44.59,59.989],[-44.975,60.04],[-45.187,60.213],[-44.926,60.327],[-44.939,60.484],[-45.214,60.439],[-45.766,60.652],[-46.033,60.914],[-46.27,61.047],[-46.541,61.025],[-46.862,60.8],[-47.057,60.861],[-47.438,60.827],[-47.932,60.842],[-47.754,60.971],[-48.619,61.212],[-48.546,61.381],[-48.853,61.403],[-49.114,61.496],[-49.388,61.947],[-49.694,62.016],[-49.497,62.15],[-49.891,62.29],[-50.32,62.506],[-50.178,62.766],[-50.614,63.041],[-50.593,63.23],[-51.001,63.165],[-51.127,63.496],[-51.539,63.685],[-51.403,63.813],[-51.44,64.082],[-51.135,64.208],[-50.9,64.407],[-50.641,64.522],[-50.739,64.65],[-51.279,64.748],[-51.435,64.545],[-51.793,64.24],[-52.143,64.222],[-52.195,64.472],[-51.979,64.737],[-52.218,64.912],[-52.279,65.079],[-52.156,65.2],[-52.567,65.316],[-52.273,65.447],[-52.792,65.535],[-52.756,65.672],[-53.111,65.747],[-53.354,66.112],[-53.695,66.359],[-53.427,66.645],[-52.488,66.855],[-53.096,66.932],[-53.772,66.957],[-53.883,67.262],[-53.783,67.43],[-53.379,67.532],[-53.048,67.696],[-52.409,67.769],[-51.755,67.633],[-51.398,67.769],[-52.232,67.769],[-52.483,67.819],[-53.064,67.736],[-53.577,67.519],[-53.753,67.603],[-53.541,67.72],[-53.688,67.812],[-53.2,67.968],[-53.136,68.109],[-52.583,68.191],[-51.932,68.047],[-51.217,68.071],[-51.223,68.275],[-51.648,68.275],[-52.445,68.181],[-53.088,68.318],[-52.616,68.526],[-52.193,68.572],[-51.864,68.517],[-51.149,68.585],[-50.929,68.674],[-51.102,68.866],[-51.08,69.133],[-50.525,69.03],[-50.243,69.196],[-50.888,69.174],[-50.847,69.626],[-50.333,69.89],[-50.939,69.964],[-52.329,70.054],[-52.61,70.217],[-53.232,70.353],[-53.84,70.381],[-54.185,70.477],[-54.588,70.683],[-53.98,70.83],[-53.434,70.753],[-52.791,70.757],[-51.549,70.432],[-51.347,70.572],[-51.457,70.908],[-52.245,71.135],[-52.049,71.247],[-52.258,71.366],[-52.992,71.421],[-52.563,71.678],[-53.679,71.742],[-53.883,71.47],[-54.205,71.394],[-54.816,71.356],[-55.514,71.449],[-55.848,71.722],[-55.37,71.826],[-55.552,72.038],[-54.947,72.278],[-55.512,72.515],[-54.998,72.571],[-54.669,72.726],[-54.688,72.9],[-55.466,73.073],[-55.269,73.387],[-55.665,73.585],[-55.747,73.724],[-56.359,74.083],[-56.703,74.204],[-56.242,74.498],[-56.877,74.712],[-56.846,74.811],[-58.131,75.108],[-58.66,75.377],[-58.167,75.5],[-58.557,75.654],[-59.042,75.701],[-59.272,75.88],[-60.124,76.032],[-60.832,76.034],[-60.873,76.158],[-61.853,76.202],[-63.171,76.362],[-63.811,76.159],[-64.381,76.26],[-64.978,76.136],[-67.035,76.064],[-68.433,76.079],[-69.577,76.438],[-68.733,76.586],[-68.91,76.665],[-70.66,76.802],[-71.346,76.992],[-70.903,77.191],[-69.062,77.257],[-68.369,77.377],[-66.773,77.356],[-66.053,77.493],[-66.613,77.674],[-67.141,77.672],[-67.592,77.524],[-68.638,77.51],[-69.223,77.453],[-70.255,77.557],[-70.676,77.68],[-72.242,77.939],[-72.9,78.172],[-72.59,78.521],[-71.555,78.643],[-69.439,78.809],[-69.034,78.98],[-66.794,79.141],[-66.117,79.103],[-64.86,79.508],[-65.129,79.85],[-64.926,80.073],[-67.05,80.061],[-67.462,80.185],[-67.455,80.343],[-66.758,80.552],[-65.125,80.78],[-64.754,80.996],[-63.929,81.057],[-62.977,81.228],[-61.502,81.108],[-60.94,81.185],[-61.296,81.371],[-60.787,81.509],[-61.454,81.745],[-61.281,81.815],[-58.611,82.105],[-57.03,82.189],[-54.441,82.373],[-53.024,82.008],[-50.891,81.878],[-49.465,81.947],[-50.581,82.154],[-51.107,82.51],[-49.011,82.455],[-48.735,82.358],[-46.008,82.036],[-45.156,81.79],[-44.303,81.814],[-44.885,81.979],[-44.399,82.105],[-44.702,82.258],[-43.727,82.407],[-45.663,82.726],[-44.961,82.769],[-41.818,82.753],[-40.631,82.575],[-39.953,82.693],[-40.977,82.774],[-46.558,82.893],[-46.43,83.062],[-44.001,83.202],[-41.741,83.195],[-40.69,82.987],[-39.438,82.962],[-37.628,83.154],[-38.862,83.257],[-38.69,83.425],[-36.739,83.538],[-35.244,83.537],[-32.491,83.634],[-30.647,83.602],[-25.65,83.298],[-26.075,83.208],[-30.736,83.137],[-27.381,83.061],[-25.221,83.168],[-24.754,82.998],[-25.093,82.912],[-22.565,82.797],[-21.34,82.626],[-22.437,82.34],[-23.887,82.279],[-29.852,82.139],[-29.943,82.085],[-31.774,81.961],[-30.803,81.865],[-27.762,82.062],[-24.62,81.987],[-24.706,81.781],[-26.315,81.617],[-25.617,81.561],[-23.308,81.793],[-23.195,82.022],[-21.388,82.083],[-21.026,81.772],[-21.257,81.517],[-22.271,81.15],[-21.363,81.2],[-19.386,81.635],[-19.246,81.555],[-17.147,81.413],[-16.452,81.64],[-16.485,81.749],[-15.207,81.815],[-13.92,81.812],[-12.028,81.637],[-11.639,81.388],[-12.538,81.187],[-14.204,80.914],[-14.295,80.784],[-15.42,80.648],[-17.063,80.663],[-18.594,80.573],[-18.055,80.492],[-16.896,80.584],[-15.789,80.405],[-16.447,80.219],[-17.873,80.161],[-19.474,80.26],[-20.423,79.84],[-19.208,79.708],[-19.566,79.386],[-18.938,79.261],[-18.955,79.149],[-19.911,79.018],[-19.926,78.829],[-20.979,78.767],[-20.89,78.564],[-21.3,78.27],[-21.322,78.077],[-21.63,77.998],[-21.374,77.777],[-20.761,77.971],[-18.979,77.617],[-19.412,77.543],[-20.02,77.693],[-20.775,77.617],[-20.23,77.373],[-18.565,77.288],[-18.324,77.208],[-18.266,76.921],[-18.502,76.749],[-19.895,76.925],[-20.513,76.946],[-21.496,76.695],[-21.951,76.774],[-22.646,76.746],[-21.675,76.527],[-21.546,76.224],[-20.894,76.308],[-20.489,76.224],[-19.938,76.258],[-19.672,76.127],[-20.269,75.992],[-19.749,75.889],[-19.482,75.739],[-19.387,75.278],[-19.88,75.15],[-20.169,75.341],[-20.668,75.293],[-20.764,74.841],[-20.202,74.68],[-18.975,74.484],[-19.374,74.267],[-20.201,74.28],[-20.357,74.445],[-21.255,74.474],[-21.772,74.439],[-22.052,74.321],[-22.229,74.101],[-21.59,74.058],[-20.689,73.886],[-20.483,73.759],[-20.543,73.449],[-21.281,73.457],[-22.314,73.25],[-23.114,73.354],[-24.41,73.728],[-24.375,73.56],[-25.292,73.474],[-25.705,73.272],[-25.721,73.138],[-24.984,73.026],[-25.523,72.84],[-24.697,72.676],[-24.342,72.332],[-23.761,72.244],[-23.578,72.147],[-22.503,71.901],[-23.108,71.686],[-22.305,71.697],[-22.536,71.475],[-21.75,71.49],[-21.751,71.11],[-21.572,70.956],[-21.73,70.579],[-22.023,70.499],[-22.661,70.438],[-23.345,70.441],[-23.93,70.613],[-24.183,70.805],[-24.265,71.081],[-24.669,71.272],[-25.122,71.312],[-25.596,71.531],[-26.076,71.586],[-26.785,71.547],[-27.882,71.979],[-27.968,71.871],[-27.331,71.719],[-27.456,71.64],[-26.687,71.482],[-25.727,71.474],[-25.41,71.354],[-25.723,71.135],[-26.426,70.975],[-27.506,70.942],[-27.79,71.023],[-28.01,70.74],[-28.31,70.564],[-28.233,70.372],[-26.743,70.484],[-26.321,70.38],[-26.845,70.261],[-26.326,70.198],[-25.466,70.379],[-25.059,70.361],[-24.472,70.222],[-23.56,70.113],[-22.372,70.115],[-22.38,69.971],[-23.094,69.92],[-22.999,69.766],[-23.703,69.718],[-23.814,69.512],[-24.099,69.534],[-24.615,69.28],[-25.668,68.87],[-26.235,68.793],[-26.417,68.659],[-27.182,68.609],[-27.314,68.535],[-27.915,68.513],[-28.092,68.444],[-29.007,68.348],[-29.526,68.224],[-29.973,68.385],[-30.103,68.189],[-30.366,68.107],[-30.913,68.045],[-31.411,68.118],[-31.991,68.26],[-32.098,67.906],[-32.523,67.831],[-33.232,67.543],[-33.281,67.418],[-33.751,66.988],[-33.948,66.927],[-34.256,66.585],[-34.643,66.38],[-34.973,66.29],[-35.589,66.289],[-35.586,66.111],[-35.84,66.117],[-36.074,65.935],[-36.389,66.016],[-36.826,65.92],[-37.21,65.775],[-37.642,65.926],[-37.798,66.049],[-37.215,66.346],[-37.759,66.296],[-37.986,66.11],[-37.985,65.95],[-38.221,65.646],[-38.669,65.59],[-39.729,65.565],[-40.047,65.583],[-39.766,65.268],[-40.426,65.038],[-40.876,65.097]]],[[[-43.172,60.074],[-43.481,60.053],[-43.564,59.925],[-43.9,59.992],[-44.073,60.176],[-43.172,60.074]]],[[[-37.454,65.793],[-37.385,65.635],[-37.738,65.569],[-37.95,65.624],[-37.954,65.796],[-37.641,65.905],[-37.454,65.793]]],[[[-51.223,69.914],[-50.668,69.829],[-50.972,69.72],[-50.951,69.559],[-51.245,69.538],[-51.341,69.743],[-51.223,69.914]]],[[[-52.903,69.345],[-53.513,69.252],[-54.149,69.338],[-53.799,69.426],[-53.881,69.561],[-54.737,69.589],[-54.993,69.702],[-54.767,69.97],[-54.829,70.201],[-54.453,70.313],[-53.903,70.29],[-53.266,70.202],[-52.728,69.929],[-51.998,69.805],[-51.836,69.632],[-52.142,69.477],[-52.903,69.345]]],[[[-53.897,71.082],[-53.954,71.171],[-53.612,71.322],[-53.391,71.155],[-53.897,71.082]]],[[[-52.485,71.264],[-52.662,71.168],[-53.12,71.213],[-52.972,71.387],[-52.485,71.264]]],[[[-44.529,82.414],[-45.07,82.223],[-46.876,82.36],[-47.698,82.644],[-46.324,82.679],[-44.529,82.414]]],[[[-25.317,70.747],[-25.301,70.657],[-26.575,70.524],[-28.068,70.431],[-27.927,70.638],[-27.678,70.654],[-27.067,70.894],[-26.663,70.896],[-25.704,71.086],[-25.41,70.925],[-25.317,70.747]]],[[[-21.949,72.429],[-22.25,72.121],[-22.525,72.135],[-23.065,72.31],[-23.906,72.466],[-24.352,72.591],[-24.485,72.827],[-23.93,72.882],[-23.137,72.84],[-22.718,72.635],[-21.952,72.488],[-21.949,72.429]]],[[[-21.929,72.738],[-22.654,72.698],[-23.163,72.878],[-24.526,72.902],[-24.536,72.992],[-23.238,73.075],[-22.255,72.978],[-21.888,72.895],[-21.929,72.738]]],[[[-24.524,73.048],[-25.702,73.183],[-25.244,73.411],[-24.46,73.425],[-23.23,73.251],[-22.981,73.107],[-24.524,73.048]]],[[[-20.353,74.252],[-20.162,74.169],[-21.025,74.096],[-21.933,74.208],[-21.84,74.351],[-21.247,74.457],[-20.548,74.41],[-20.353,74.252]]],[[[-19.81,74.891],[-20.138,74.699],[-20.681,74.821],[-20.613,74.985],[-19.81,74.891]]],[[[-17.317,75.136],[-17.611,74.998],[-18.101,75.038],[-18.824,75.007],[-18.853,75.295],[-18.198,75.242],[-17.813,75.089],[-17.317,75.136]]],[[[-18.55,76.054],[-18.871,76.194],[-19.106,76.473],[-18.726,76.691],[-18.653,76.181],[-18.55,76.054]]],[[[-18.764,79.973],[-17.741,80.091],[-17.277,80.013],[-17.836,79.742],[-18.485,79.686],[-19.357,79.871],[-18.764,79.973]]]]},"properties":{"id":"greenland"}},{"type":"Feature","geometry":{"type":"MultiPolygon","coordinates":[[[[180,-16.149],[180,-16.169],[179.738,-16.459],[179.598,-16.54],[179.489,-16.708],[179.548,-16.766],[179.851,-16.509],[179.904,-16.718],[179.597,-16.789],[179.297,-16.807],[179.266,-16.69],[179.044,-16.824],[178.884,-16.858],[178.692,-16.986],[178.534,-16.629],[178.704,-16.667],[178.917,-16.471],[179.24,-16.398],[179.404,-16.408],[179.486,-16.265],[179.764,-16.181],[179.856,-16.231],[180,-16.149]]],[[[178.711,-17.992],[178.664,-18.088],[178.403,-18.101],[178.168,-18.248],[177.827,-18.234],[177.336,-18.106],[177.252,-17.952],[177.282,-17.852],[177.434,-17.75],[177.389,-17.641],[177.622,-17.455],[177.833,-17.366],[178.263,-17.336],[178.376,-17.498],[178.573,-17.618],[178.568,-17.755],[178.711,-17.992]]]]},"properties":{"id":"fiji"}},{"type":"Feature","geometry":{"type":"MultiPolygon","coordinates":[[[[-176.382,-43.899],[-176.516,-43.922],[-176.602,-43.708],[-176.285,-43.77],[-176.382,-43.899]]],[[[168.199,-47.048],[167.902,-47.188],[167.521,-47.273],[167.648,-47.048],[167.817,-46.897],[167.787,-46.697],[167.921,-46.683],[168.179,-46.864],[168.199,-47.048]]],[[[172.749,-43.28],[172.804,-43.611],[173.053,-43.653],[173.114,-43.801],[172.877,-43.902],[172.497,-43.722],[172.391,-43.847],[172.061,-43.957],[171.551,-44.167],[171.346,-44.279],[171.196,-44.567],[171.203,-44.906],[170.98,-45.155],[170.906,-45.403],[170.698,-45.679],[170.787,-45.863],[170.334,-45.982],[170.235,-46.154],[169.865,-46.378],[169.849,-46.468],[169.635,-46.578],[169.036,-46.682],[168.845,-46.56],[168.591,-46.614],[168.366,-46.54],[168.216,-46.354],[167.85,-46.397],[167.698,-46.189],[167.461,-46.148],[167.406,-46.251],[166.762,-46.22],[166.469,-45.983],[166.49,-45.808],[166.798,-45.724],[166.702,-45.542],[166.881,-45.28],[167.203,-44.95],[167.445,-44.824],[168.34,-44.118],[168.41,-44.028],[168.858,-43.973],[169.192,-43.759],[169.734,-43.566],[169.854,-43.426],[170.239,-43.238],[170.514,-43.007],[170.701,-42.955],[171.123,-42.592],[171.305,-42.295],[171.332,-42.147],[171.489,-41.83],[171.904,-41.607],[172.071,-41.414],[172.114,-41.251],[172.107,-40.887],[172.641,-40.51],[172.689,-40.734],[172.856,-40.844],[173.065,-40.887],[173.031,-41.149],[173.213,-41.302],[173.438,-41.137],[174.016,-40.975],[174.216,-41.014],[174.216,-41.189],[174.056,-41.425],[174.286,-41.755],[174.004,-42.031],[173.891,-42.241],[173.559,-42.491],[173.278,-42.961],[172.811,-43.169],[172.749,-43.28]]],[[[176.954,-39.608],[177.036,-39.664],[177.006,-39.853],[176.893,-40.087],[176.348,-40.697],[176.22,-40.933],[175.967,-41.247],[175.33,-41.61],[175.182,-41.418],[174.866,-41.42],[174.609,-41.292],[174.927,-40.992],[175.188,-40.569],[175.235,-40.336],[175.155,-40.085],[174.967,-39.916],[174.568,-39.827],[174.319,-39.614],[173.987,-39.542],[173.784,-39.393],[173.853,-39.134],[174.212,-38.973],[174.367,-38.976],[174.579,-38.839],[174.7,-38.327],[174.705,-38.12],[174.85,-37.765],[174.692,-37.329],[174.704,-37.176],[174.856,-37.078],[174.833,-36.943],[174.489,-37.015],[174.36,-36.631],[174.441,-36.407],[174.08,-36.4],[173.858,-36.066],[173.1,-35.22],[173.202,-35.058],[173.144,-34.928],[172.799,-34.551],[172.742,-34.431],[173.013,-34.421],[173.123,-34.81],[173.549,-34.989],[173.588,-34.928],[173.97,-35.076],[174.094,-35.275],[174.386,-35.419],[174.57,-35.594],[174.497,-35.988],[174.757,-36.245],[174.723,-36.594],[174.819,-36.824],[175.231,-36.939],[175.331,-37.021],[175.403,-37.224],[175.596,-37.213],[175.528,-36.962],[175.642,-36.767],[175.776,-36.708],[175.882,-36.926],[175.997,-37.632],[176.519,-37.762],[176.718,-37.878],[177.146,-38.024],[177.557,-37.914],[177.739,-37.676],[178.032,-37.55],[178.278,-37.559],[178.564,-37.718],[178.348,-38.013],[178.362,-38.317],[178.295,-38.54],[177.938,-38.82],[177.911,-39.036],[177.999,-39.13],[177.869,-39.29],[177.764,-39.081],[177.387,-39.077],[177.065,-39.199],[176.906,-39.448],[176.954,-39.608]]]]},"properties":{"id":"new-zealand"}},{"type":"Feature","geometry":{"type":"MultiPolygon","coordinates":[[[[168.137,-21.432],[168.127,-21.622],[168.035,-21.658],[167.88,-21.573],[167.836,-21.374],[168.039,-21.46],[168.137,-21.432]]],[[[167.432,-21.028],[167.423,-21.148],[167.146,-21.073],[167.067,-20.996],[167.181,-20.83],[167.432,-21.028]]],[[[167.034,-22.237],[167.006,-22.33],[166.778,-22.392],[166.633,-22.277],[166.452,-22.289],[166.315,-22.172],[166.109,-22.09],[165.733,-21.739],[165.678,-21.761],[165.291,-21.577],[165.117,-21.398],[164.92,-21.285],[164.807,-21.082],[164.657,-20.946],[164.366,-20.758],[164.287,-20.576],[164.193,-20.526],[164.171,-20.339],[164.316,-20.235],[164.496,-20.3],[164.828,-20.583],[165.062,-20.734],[165.218,-20.764],[165.413,-20.949],[165.407,-21.055],[165.754,-21.302],[166.426,-21.712],[166.573,-21.875],[166.939,-22.08],[167.034,-22.237]]]]},"properties":{"id":"new-caledonia"}},{"type":"Feature","geometry":{"type":"Polygon","coordinates":[[[44.255,-20.376],[44.334,-20.17],[44.474,-19.986],[44.375,-19.761],[44.46,-19.418],[44.228,-19.055],[44.257,-18.804],[44.186,-18.611],[44.05,-18.427],[44.001,-17.938],[44.036,-17.769],[43.929,-17.602],[43.943,-17.456],[44.431,-16.7],[44.401,-16.373],[44.453,-16.187],[44.836,-16.221],[45.04,-16.118],[45.266,-15.924],[45.379,-15.974],[45.637,-15.941],[45.694,-15.783],[45.802,-15.817],[46.219,-15.707],[46.879,-15.225],[47.058,-15.216],[47.292,-14.923],[47.29,-14.847],[47.445,-14.672],[47.503,-14.847],[47.421,-14.966],[47.482,-15.08],[47.753,-14.601],[47.709,-14.37],[47.814,-14.216],[47.935,-14.244],[48.048,-14.084],[47.941,-14.004],[47.876,-13.784],[47.904,-13.603],[48.031,-13.517],[48.142,-13.595],[48.181,-13.747],[48.332,-13.661],[48.428,-13.524],[48.747,-13.412],[48.839,-13.26],[48.844,-13.081],[48.942,-12.928],[48.95,-12.799],[48.866,-12.637],[48.985,-12.333],[49.202,-12.147],[49.353,-12.146],[49.463,-12.36],[49.593,-12.503],[49.563,-12.617],[49.805,-12.805],[49.942,-13.034],[49.973,-13.331],[50.143,-13.783],[50.189,-14.439],[50.284,-14.879],[50.477,-15.195],[50.504,-15.316],[50.43,-15.6],[50.242,-15.958],[50.039,-15.859],[49.906,-15.562],[49.901,-15.422],[49.75,-15.436],[49.638,-15.545],[49.734,-15.906],[49.703,-16.115],[49.846,-16.212],[49.849,-16.552],[49.723,-16.708],[49.778,-16.856],[49.625,-16.886],[49.431,-17.284],[49.504,-17.663],[49.359,-18.424],[49.077,-19.066],[48.986,-19.379],[48.86,-19.685],[48.824,-19.903],[48.562,-20.577],[48.456,-21.014],[48.202,-21.796],[47.901,-22.481],[47.834,-22.901],[47.619,-23.591],[47.569,-23.853],[47.338,-24.324],[47.312,-24.486],[47.087,-24.968],[46.77,-25.153],[46.238,-25.198],[45.774,-25.408],[45.492,-25.574],[45.136,-25.584],[44.835,-25.344],[44.369,-25.257],[44.187,-25.067],[44.029,-24.999],[43.84,-24.506],[43.707,-24.406],[43.656,-24.185],[43.642,-23.639],[43.758,-23.454],[43.631,-23.345],[43.583,-23.076],[43.357,-22.83],[43.223,-22.255],[43.263,-21.96],[43.336,-21.769],[43.473,-21.672],[43.473,-21.405],[43.587,-21.275],[43.813,-21.224],[43.902,-20.883],[44.036,-20.726],[44.126,-20.498],[44.255,-20.376]]]},"properties":{"id":"madagascar"}},{"type":"Feature","geometry":{"type":"MultiPolygon","coordinates":[[[[126.569,7.301],[126.476,7.066],[126.268,6.89],[126.21,6.39],[126.095,6.514],[126.079,6.843],[125.977,6.94],[125.807,7.351],[125.668,7.257],[125.658,7.129],[125.51,7.016],[125.378,6.674],[125.574,6.517],[125.707,6.15],[125.667,5.95],[125.422,5.598],[125.181,5.798],[125.264,5.95],[125.169,6.112],[125.089,5.885],[124.939,5.864],[124.733,5.937],[124.246,6.187],[124.098,6.365],[124.055,6.647],[123.966,6.821],[124.029,7.115],[124.184,7.226],[124.226,7.366],[124.065,7.603],[123.778,7.724],[123.609,7.836],[123.445,7.801],[123.486,7.664],[123.226,7.516],[123.107,7.732],[122.996,7.467],[122.815,7.743],[122.597,7.761],[122.444,7.609],[122.379,7.392],[122.266,7.249],[122.154,6.928],[122.038,6.917],[121.899,7.057],[121.933,7.218],[122.047,7.301],[122.129,7.815],[122.292,8.01],[122.65,8.116],[122.925,8.15],[122.992,8.397],[123.082,8.519],[123.331,8.547],[123.478,8.695],[123.759,8.607],[123.866,8.364],[123.874,8.105],[124.036,8.19],[124.232,8.213],[124.322,8.515],[124.406,8.608],[124.641,8.476],[124.736,8.495],[124.788,8.734],[124.781,8.949],[124.895,9.003],[125.116,8.831],[125.179,8.998],[125.441,8.98],[125.527,9.026],[125.542,9.189],[125.399,9.681],[125.569,9.757],[125.62,9.63],[125.934,9.492],[126.179,9.093],[126.313,8.956],[126.3,8.768],[126.138,8.654],[126.22,8.555],[126.357,8.534],[126.388,8.293],[126.463,8.23],[126.406,7.833],[126.583,7.719],[126.609,7.465],[126.569,7.301]]],[[[124.6,11.563],[124.459,11.494],[124.369,11.679],[124.542,11.675],[124.6,11.563]]],[[[122.297,18.404],[122.307,18.251],[122.174,18.113],[122.14,17.798],[122.157,17.619],[122.251,17.36],[122.415,17.319],[122.417,17.146],[122.529,17.091],[122.465,16.895],[122.205,16.424],[122.204,16.264],[121.752,16.077],[121.567,15.916],[121.637,15.722],[121.379,15.308],[121.726,14.72],[121.611,14.613],[121.735,14.329],[121.732,14.188],[121.936,13.995],[122.232,13.906],[122.273,14.133],[122.381,14.293],[122.528,14.349],[122.853,14.279],[123.078,13.988],[123.05,13.776],[123.267,13.749],[123.314,14.051],[123.444,13.941],[123.765,13.864],[123.797,13.688],[123.588,13.729],[123.528,13.627],[123.667,13.486],[123.768,13.224],[124.071,13.016],[124.143,12.797],[124.095,12.557],[123.879,12.645],[123.819,12.832],[123.598,12.897],[123.441,13.037],[123.31,13.012],[123.301,13.236],[123.169,13.449],[122.972,13.528],[122.815,13.654],[122.739,13.818],[122.516,13.934],[122.498,13.652],[122.622,13.553],[122.691,13.229],[122.505,13.239],[122.501,13.368],[122.319,13.592],[122.208,13.614],[122.06,13.805],[121.69,13.926],[121.485,13.852],[121.464,13.695],[121.279,13.595],[121.048,13.627],[120.877,13.912],[120.746,13.934],[120.62,13.847],[120.587,14.2],[120.878,14.459],[120.97,14.502],[120.937,14.667],[120.83,14.764],[120.642,14.787],[120.539,14.703],[120.598,14.506],[120.402,14.456],[120.367,14.621],[120.09,14.794],[120.005,15.269],[119.888,15.429],[119.964,15.514],[119.879,15.915],[119.756,15.945],[119.782,16.322],[120.091,16.153],[120.185,16.033],[120.307,16.045],[120.402,16.165],[120.336,16.292],[120.276,16.612],[120.312,16.778],[120.427,16.962],[120.403,17.222],[120.435,17.423],[120.334,17.556],[120.47,18.091],[120.586,18.364],[120.611,18.539],[120.927,18.566],[121.107,18.643],[121.547,18.399],[121.853,18.288],[121.975,18.286],[122.112,18.393],[122.297,18.404]]],[[[122.297,6.633],[122.189,6.451],[121.962,6.405],[121.839,6.669],[122.067,6.741],[122.297,6.633]]],[[[123.698,9.165],[123.64,9.099],[123.48,9.172],[123.655,9.289],[123.698,9.165]]],[[[126.166,9.829],[126.034,9.766],[125.983,9.902],[126.081,10.056],[126.166,9.829]]],[[[124.565,9.871],[124.41,9.658],[124.065,9.595],[123.892,9.632],[123.809,9.803],[123.886,9.915],[124.051,9.979],[124.159,10.131],[124.331,10.162],[124.589,10.024],[124.565,9.871]]],[[[125.72,9.912],[125.497,10.103],[125.522,10.317],[125.658,10.262],[125.72,9.912]]],[[[122.711,10.735],[122.737,10.64],[122.634,10.444],[122.529,10.591],[122.711,10.735]]],[[[123.574,10.831],[123.486,10.549],[123.379,10.422],[123.29,10.094],[123.157,9.868],[123.19,9.527],[123.321,9.343],[123.23,9.108],[123.033,9.035],[122.934,9.121],[122.869,9.323],[122.599,9.433],[122.403,9.699],[122.462,9.966],[122.708,9.986],[122.876,10.143],[122.824,10.533],[122.972,10.721],[122.966,10.876],[123.214,10.996],[123.535,10.905],[123.574,10.831]]],[[[124.047,10.834],[124.04,10.484],[123.973,10.327],[123.808,10.237],[123.643,10.039],[123.643,9.96],[123.488,9.566],[123.314,9.508],[123.383,9.943],[123.707,10.462],[123.849,10.753],[123.918,11.029],[124.041,11.13],[124.047,10.834]]],[[[119.672,10.553],[119.563,10.373],[119.356,10.329],[119.196,10.056],[118.875,9.972],[118.75,9.888],[118.732,9.65],[118.498,9.314],[118.365,9.193],[118.132,9.127],[118.058,8.952],[117.774,8.703],[117.589,8.671],[117.513,8.507],[117.222,8.5],[117.292,8.641],[117.45,8.791],[117.656,9.058],[117.75,9.069],[117.904,9.261],[118.134,9.343],[118.345,9.636],[118.531,9.774],[118.822,10.195],[118.95,10.22],[119.072,10.392],[119.278,10.508],[119.345,10.724],[119.223,10.851],[119.415,11.056],[119.421,11.298],[119.567,11.301],[119.516,11.117],[119.519,10.838],[119.672,10.553]]],[[[125.274,10.323],[124.883,10.135],[124.78,10.152],[124.739,10.395],[124.798,10.659],[124.779,10.821],[124.622,11.002],[124.507,10.874],[124.388,11.066],[124.404,11.303],[124.545,11.409],[124.63,11.304],[124.846,11.433],[124.984,11.381],[125.053,10.968],[125.006,10.797],[125.194,10.603],[125.199,10.433],[125.274,10.323]]],[[[123.17,11.481],[123.114,11.267],[123.015,11.092],[122.78,10.957],[122.761,10.811],[122.59,10.699],[122.227,10.642],[122.04,10.467],[121.937,10.776],[122.045,11.017],[122.107,11.658],[121.882,11.761],[121.964,11.934],[122.118,11.824],[122.388,11.727],[122.622,11.509],[122.855,11.591],[122.901,11.438],[123.118,11.548],[123.17,11.481]]],[[[120.348,12.029],[120.238,11.988],[120.001,12.011],[119.867,12.232],[120.005,12.263],[120.348,12.029]]],[[[125.713,11.149],[125.397,11.105],[125.214,11.132],[125.133,11.282],[125.001,11.29],[124.928,11.741],[124.68,12.03],[124.493,12.098],[124.391,12.222],[124.276,12.533],[124.407,12.557],[124.679,12.516],[125.05,12.529],[125.166,12.578],[125.35,12.399],[125.361,12.285],[125.5,12.249],[125.524,12.046],[125.445,11.906],[125.466,11.612],[125.559,11.425],[125.566,11.268],[125.713,11.149]]],[[[124.055,11.8],[123.843,11.906],[123.615,12.079],[123.54,12.194],[123.424,12.201],[123.181,11.931],[123.218,12.265],[123.273,12.424],[123.232,12.581],[123.547,12.461],[123.767,12.214],[123.882,12.213],[124.04,11.988],[124.055,11.8]]],[[[123.28,12.865],[123.185,12.858],[122.944,13.1],[123.017,13.144],[123.16,12.938],[123.28,12.865]]],[[[121.526,12.704],[121.425,12.384],[121.273,12.269],[121.132,12.242],[120.916,12.512],[120.912,12.635],[120.798,12.729],[120.758,13.002],[120.642,13.183],[120.5,13.273],[120.403,13.527],[120.737,13.468],[120.95,13.53],[121.043,13.413],[121.218,13.404],[121.431,13.224],[121.526,12.704]]],[[[122.102,13.417],[121.993,13.202],[121.817,13.342],[121.909,13.523],[122.102,13.417]]],[[[124.418,13.873],[124.39,13.712],[124.17,13.53],[124.026,13.67],[124.122,13.78],[124.125,14.049],[124.418,13.873]]],[[[122.005,15.011],[121.934,14.765],[121.818,14.946],[122.005,15.011]]],[[[121.382,6.006],[121.303,5.865],[121.189,5.94],[120.934,5.886],[120.906,6.015],[121.042,6.097],[121.382,6.006]]]]},"properties":{"id":"philippines"}},{"type":"Feature","geometry":{"type":"Polygon","coordinates":[[[81.876,7.092],[81.885,6.98],[81.776,6.61],[81.681,6.462],[81.362,6.225],[81.113,6.12],[80.809,6.035],[80.591,5.924],[80.185,6.041],[80.032,6.266],[79.97,6.535],[79.863,6.807],[79.862,7.012],[79.785,7.59],[79.764,7.99],[79.827,8.137],[79.874,8.538],[79.942,8.642],[79.947,8.949],[80.048,9.026],[80.116,9.234],[80.053,9.392],[80.188,9.491],[80.111,9.608],[79.947,9.693],[79.988,9.823],[80.227,9.83],[80.41,9.617],[80.744,9.36],[80.931,9.021],[81.232,8.651],[81.213,8.472],[81.366,8.482],[81.448,8.128],[81.566,7.987],[81.636,7.733],[81.755,7.615],[81.758,7.505],[81.881,7.327],[81.876,7.092]]]},"properties":{"id":"sri-lanka"}},{"type":"Feature","geometry":{"type":"Polygon","coordinates":[[[-68.781,12.098],[-68.945,12.106],[-69.16,12.293],[-69.06,12.323],[-68.961,12.201],[-68.781,12.098]]]},"properties":{"id":"curacao"}},{"type":"Feature","geometry":{"type":"Polygon","coordinates":[[[-69.997,12.578],[-69.936,12.532],[-69.959,12.463],[-70.062,12.547],[-69.997,12.578]]]},"properties":{"id":"aruba"}},{"type":"Feature","geometry":{"type":"MultiPolygon","coordinates":[[[[-73.647,21.062],[-73.515,21.187],[-73.255,21.135],[-73.034,21.157],[-73.13,20.994],[-73.493,20.924],[-73.676,20.935],[-73.647,21.062]]],[[[-73.996,22.658],[-73.845,22.72],[-73.865,22.48],[-74.014,22.33],[-74.084,22.391],[-73.871,22.535],[-73.996,22.658]]],[[[-77.525,23.933],[-77.566,23.741],[-77.813,23.877],[-77.84,24.207],[-77.675,24.303],[-77.679,24.102],[-77.549,24.126],[-77.525,23.933]]],[[[-78.354,24.659],[-78.158,25],[-78.214,25.185],[-77.977,25.138],[-77.987,25.013],[-77.746,24.715],[-77.719,24.5],[-78.052,24.289],[-78.18,24.465],[-78.352,24.53],[-78.354,24.659]]],[[[-78.59,26.536],[-78.576,26.695],[-78.287,26.685],[-77.956,26.735],[-77.903,26.682],[-78.54,26.565],[-78.59,26.536]]],[[[-77.812,26.907],[-77.511,26.87],[-77.27,26.625],[-77.059,26.529],[-77.015,26.316],[-77.165,26.245],[-77.191,25.916],[-77.388,26.005],[-77.23,26.154],[-77.25,26.313],[-77.161,26.564],[-77.312,26.595],[-77.49,26.823],[-77.812,26.907]]]]},"properties":{"id":"bahamas"}},{"type":"Feature","geometry":{"type":"Polygon","coordinates":[[[-71.803,21.788],[-71.809,21.84],[-71.679,21.842],[-71.631,21.774],[-71.741,21.795],[-71.803,21.788]]]},"properties":{"id":"turks-and-caicos-islands"}},{"type":"Feature","geometry":{"type":"MultiPolygon","coordinates":[[[[131.66,32.477],[131.447,31.877],[131.475,31.762],[131.345,31.395],[131.072,31.45],[131.06,31.225],[130.924,31.113],[130.743,31.121],[130.795,31.344],[130.613,31.682],[130.516,31.453],[130.573,31.315],[130.451,31.249],[130.222,31.246],[130.336,31.626],[130.171,31.79],[130.22,31.93],[130.18,32.093],[130.332,32.129],[130.562,32.427],[130.593,32.816],[130.433,32.942],[130.421,33.088],[130.219,33.159],[130.132,33.102],[130.244,32.875],[130.339,32.857],[130.342,32.667],[130.094,32.795],[129.895,32.663],[129.638,32.927],[129.682,33.094],[129.552,33.226],[129.58,33.371],[129.807,33.348],[129.855,33.533],[130.017,33.446],[130.391,33.605],[130.454,33.808],[130.684,33.934],[130.993,33.898],[131.064,33.653],[131.418,33.582],[131.521,33.676],[131.73,33.58],[131.711,33.27],[131.872,33.2],[131.903,32.983],[132.025,32.924],[131.981,32.799],[131.709,32.586],[131.66,32.477]]],[[[134.69,33.828],[134.273,33.508],[134.19,33.248],[133.925,33.494],[133.739,33.538],[133.466,33.454],[133.269,33.347],[133.253,33.219],[133.018,33.024],[132.915,32.778],[132.623,32.799],[132.472,32.934],[132.537,33.243],[132.42,33.304],[132.381,33.466],[132.501,33.625],[132.677,33.716],[132.77,33.996],[132.919,34.068],[133.127,33.933],[133.323,33.991],[133.511,33.965],[133.621,34.046],[133.673,34.223],[133.956,34.374],[134.153,34.386],[134.44,34.208],[134.628,34.233],[134.6,34.009],[134.69,33.828]]],[[[133.422,34.445],[133.247,34.427],[133.166,34.292],[132.836,34.311],[132.656,34.199],[132.497,34.362],[132.383,34.366],[132.223,34.239],[132.213,33.99],[132.058,33.895],[131.741,34.056],[131.383,34.033],[131.178,33.93],[131.036,34.048],[130.932,33.945],[130.872,34.279],[130.955,34.403],[131.236,34.382],[131.414,34.424],[131.597,34.66],[131.746,34.675],[132.408,35.175],[132.621,35.284],[132.635,35.441],[132.97,35.517],[133.105,35.598],[133.417,35.457],[133.58,35.534],[133.731,35.503],[134.238,35.547],[134.537,35.672],[134.927,35.641],[135.227,35.772],[135.304,35.689],[135.188,35.565],[135.353,35.487],[135.724,35.491],[135.951,35.629],[136.099,35.776],[135.957,35.973],[136.135,36.225],[136.43,36.433],[136.64,36.663],[136.761,36.871],[136.67,37.15],[136.749,37.358],[137.296,37.531],[137.23,37.292],[137.109,37.283],[137.006,36.836],[137.333,36.763],[137.427,36.922],[137.897,37.058],[138.098,37.171],[138.245,37.184],[138.551,37.378],[138.766,37.635],[138.858,37.828],[139.305,38.042],[139.432,38.169],[139.462,38.375],[139.599,38.648],[139.774,38.817],[139.932,39.287],[140.049,39.505],[140.028,39.825],[139.822,39.961],[139.978,40.125],[140.024,40.355],[139.86,40.609],[140.046,40.768],[140.271,40.812],[140.333,41.237],[140.594,41.22],[140.673,40.896],[140.799,40.839],[140.975,40.938],[141.185,40.911],[141.27,41.185],[140.766,41.145],[140.907,41.501],[141.108,41.464],[141.276,41.353],[141.445,41.366],[141.391,41.161],[141.437,40.67],[141.744,40.384],[141.877,40.139],[141.855,40.055],[142.009,39.753],[142.069,39.54],[141.905,39.33],[141.909,39.11],[141.638,38.985],[141.573,38.719],[141.467,38.57],[141.471,38.436],[141.202,38.386],[141.017,38.245],[140.926,38.049],[141.022,37.727],[141.042,37.377],[140.96,36.966],[140.804,36.886],[140.639,36.54],[140.564,36.283],[140.646,36.013],[140.842,35.742],[140.483,35.566],[140.386,35.381],[140.394,35.197],[139.868,35.013],[139.845,35.376],[140.006,35.473],[140.08,35.604],[139.807,35.638],[139.779,35.502],[139.527,35.302],[139.415,35.319],[139.146,35.235],[139.088,35.11],[139.141,34.871],[138.835,34.596],[138.744,34.729],[138.803,35.122],[138.554,35.096],[138.514,34.98],[138.367,34.917],[138.216,34.712],[138.047,34.655],[137.684,34.671],[137.168,34.657],[137.28,34.808],[136.916,34.776],[136.823,34.955],[136.659,34.984],[136.535,34.766],[136.568,34.596],[136.862,34.479],[136.846,34.308],[136.523,34.273],[136.299,34.154],[136.273,33.971],[136.105,33.891],[135.96,33.593],[135.766,33.482],[135.445,33.551],[135.392,33.714],[135.079,33.906],[135.094,34.068],[135.187,34.136],[135.209,34.342],[135.414,34.558],[135.341,34.709],[135.046,34.625],[134.744,34.767],[134.327,34.704],[133.983,34.529],[133.936,34.451],[133.7,34.526],[133.422,34.445]]],[[[145.767,43.387],[145.517,43.175],[145.125,43.12],[145,42.986],[144.742,42.924],[144.496,42.933],[144.323,43.003],[144.042,42.927],[143.639,42.661],[143.349,42.319],[143.338,42.15],[143.226,41.932],[142.96,42.105],[142.46,42.271],[142.168,42.46],[141.726,42.617],[141.428,42.564],[141.017,42.316],[140.734,42.564],[140.526,42.581],[140.381,42.505],[140.292,42.26],[140.549,42.106],[140.714,42.133],[140.974,41.914],[141.19,41.791],[141.006,41.712],[140.775,41.77],[140.453,41.681],[140.401,41.513],[140.209,41.401],[140.038,41.443],[139.984,41.56],[140.13,41.823],[140.061,42.08],[139.787,42.247],[139.877,42.663],[140.261,42.761],[140.527,43.015],[140.338,43.211],[140.487,43.372],[140.81,43.192],[141.228,43.154],[141.44,43.362],[141.337,43.713],[141.641,43.938],[141.655,44.277],[141.792,44.597],[141.722,44.955],[141.586,45.164],[141.692,45.402],[141.96,45.51],[142.539,45.018],[142.714,44.806],[142.981,44.586],[143.783,44.101],[144.215,44.111],[144.379,43.956],[144.831,43.942],[145.202,44.206],[145.17,43.985],[145.071,43.775],[145.195,43.621],[145.322,43.276],[145.468,43.253],[145.767,43.387]]],[[[128.338,26.797],[127.94,26.448],[127.778,26.233],[127.731,26.44],[127.938,26.532],[128.226,26.801],[128.338,26.797]]],[[[129.708,28.462],[129.42,28.25],[129.228,28.305],[129.688,28.509],[129.708,28.462]]],[[[130.675,30.375],[130.577,30.236],[130.386,30.34],[130.499,30.468],[130.675,30.375]]],[[[130.16,32.546],[130.206,32.347],[129.975,32.355],[130.043,32.519],[130.16,32.546]]],[[[135.003,34.608],[134.903,34.419],[134.958,34.27],[134.729,34.191],[134.657,34.288],[135.003,34.608]]],[[[138.459,38.07],[138.487,37.892],[138.288,37.906],[138.242,38.071],[138.459,38.07]]],[[[146.469,44.429],[146.326,44.292],[145.975,44.292],[146.119,44.506],[146.469,44.429]]],[[[148.799,45.416],[148.782,45.319],[148.556,45.307],[148.216,45.196],[147.99,45.006],[147.701,45.008],[147.555,44.824],[147.388,44.737],[147.264,44.868],[147.669,45.094],[147.781,45.198],[148.015,45.268],[148.312,45.275],[148.621,45.498],[148.799,45.416]]]]},"properties":{"id":"japan"}},{"type":"Feature","geometry":{"type":"Polygon","coordinates":[[[-56.274,46.895],[-56.397,47.104],[-56.253,47.054],[-56.314,46.976],[-56.274,46.895]]]},"properties":{"id":"saint-pierre-and-miquelon"}},{"type":"Feature","geometry":{"type":"Polygon","coordinates":[[[-14.564,66.385],[-14.959,66.296],[-15.076,66.05],[-14.677,66.056],[-14.603,65.953],[-14.823,65.816],[-13.821,65.541],[-13.61,65.514],[-13.688,65.306],[-13.527,65.055],[-14.048,64.72],[-14.493,64.658],[-14.51,64.442],[-14.949,64.322],[-15.992,64.144],[-16.35,63.966],[-16.896,63.808],[-17.86,63.737],[-17.965,63.523],[-18.732,63.397],[-19.3,63.441],[-19.77,63.534],[-20.186,63.544],[-20.467,63.7],[-21.168,63.876],[-21.66,63.832],[-22.336,63.863],[-22.686,63.946],[-22.041,64.051],[-21.791,64.218],[-22.181,64.463],[-22.532,64.809],[-23.457,64.794],[-23.834,64.726],[-24.06,64.891],[-23.224,64.949],[-22.757,65.072],[-22.155,65.028],[-22.034,65.115],[-22.558,65.169],[-22.007,65.381],[-22.589,65.536],[-22.926,65.573],[-23.898,65.405],[-24.197,65.501],[-24.05,65.804],[-23.867,65.876],[-23.793,66.07],[-23.461,66.204],[-23.018,66.103],[-22.702,66.293],[-23.025,66.392],[-22.575,66.466],[-21.75,66.186],[-21.723,66.082],[-21.319,65.988],[-21.278,65.857],[-21.443,65.643],[-21.195,65.408],[-20.744,65.673],[-20.535,65.507],[-20.271,65.77],[-20.449,66.029],[-20.113,66.123],[-19.88,65.905],[-19.498,65.978],[-18.854,66.205],[-18.228,65.939],[-18.297,66.18],[-17.913,66.152],[-17.419,65.994],[-17.217,66.194],[-16.92,66.124],[-16.487,66.19],[-16.543,66.507],[-16.023,66.537],[-15.775,66.289],[-15.357,66.159],[-14.925,66.385],[-14.564,66.385]]]},"properties":{"id":"iceland"}},{"type":"Feature","geometry":{"type":"Polygon","coordinates":[[[-128.33,-24.324],[-128.304,-24.335],[-128.29,-24.398],[-128.321,-24.401],[-128.35,-24.341],[-128.33,-24.324]]]},"properties":{"id":"pitcairn-islands"}},{"type":"Feature","geometry":{"type":"Polygon","coordinates":[[[-149.183,-17.731],[-149.588,-17.731],[-149.604,-17.526],[-149.354,-17.54],[-149.304,-17.712],[-149.183,-17.731]]]},"properties":{"id":"french-polynesia"}},{"type":"Feature","geometry":{"type":"Polygon","coordinates":[[[70.549,-49.183],[70.464,-49.357],[70.14,-49.339],[69.814,-49.532],[70.065,-49.573],[70.123,-49.714],[69.47,-49.631],[69.373,-49.566],[69.115,-49.603],[69.067,-49.691],[68.791,-49.71],[68.778,-49.592],[68.902,-49.431],[68.756,-49.048],[68.798,-48.865],[68.957,-48.671],[69.164,-48.846],[69.084,-48.973],[69.215,-49.121],[69.521,-48.995],[69.644,-49.124],[69.496,-49.24],[69.712,-49.307],[69.854,-49.209],[70.273,-49.076],[70.549,-49.183]]]},"properties":{"id":"french-southern-and-antarctic-lands"}},{"type":"Feature","geometry":{"type":"Polygon","coordinates":[[[55.402,-4.661],[55.459,-4.618],[55.529,-4.68],[55.517,-4.75],[55.449,-4.678],[55.402,-4.661]]]},"properties":{"id":"seychelles"}},{"type":"Feature","geometry":{"type":"Polygon","coordinates":[[[-157.191,1.764],[-157.449,1.8],[-157.382,1.902],[-157.191,1.764]]]},"properties":{"id":"kiribati"}},{"type":"Feature","geometry":{"type":"Polygon","coordinates":[[[171.394,7.11],[171.367,7.094],[171.293,7.084],[171.263,7.068],[171.226,7.076],[171.394,7.11]]]},"properties":{"id":"marshall-islands"}},{"type":"Feature","geometry":{"type":"Polygon","coordinates":[[[-61.002,10.699],[-61.042,10.51],[-60.996,10.138],[-61.192,10.074],[-61.793,10.084],[-61.612,10.248],[-61.458,10.302],[-61.472,10.595],[-61.602,10.748],[-61.367,10.803],[-60.949,10.845],[-61.002,10.699]]]},"properties":{"id":"trinidad-and-tobago"}},{"type":"Feature","geometry":{"type":"Polygon","coordinates":[[[-61.613,12.214],[-61.614,12.08],[-61.756,12.088],[-61.671,12.236],[-61.613,12.214]]]},"properties":{"id":"grenada"}},{"type":"Feature","geometry":{"type":"Polygon","coordinates":[[[-61.167,13.146],[-61.271,13.187],[-61.212,13.369],[-61.124,13.308],[-61.167,13.146]]]},"properties":{"id":"saint-vincent-and-the-grenadines"}},{"type":"Feature","geometry":{"type":"Polygon","coordinates":[[[-59.427,13.16],[-59.509,13.057],[-59.622,13.094],[-59.654,13.295],[-59.427,13.16]]]},"properties":{"id":"barbados"}},{"type":"Feature","geometry":{"type":"Polygon","coordinates":[[[-60.887,14.01],[-60.941,13.722],[-61.078,13.806],[-61.059,13.931],[-60.887,14.01]]]},"properties":{"id":"saint-lucia"}},{"type":"Feature","geometry":{"type":"Polygon","coordinates":[[[-61.363,15.202],[-61.489,15.536],[-61.308,15.579],[-61.257,15.285],[-61.363,15.202]]]},"properties":{"id":"dominica"}},{"type":"Feature","geometry":{"type":"Polygon","coordinates":[[[166.619,19.282],[166.638,19.286],[166.644,19.276],[166.619,19.282]]]},"properties":{"id":"us-minor-outlying-islands"}},{"type":"Feature","geometry":{"type":"Polygon","coordinates":[[[-62.147,16.744],[-62.219,16.689],[-62.202,16.819],[-62.147,16.744]]]},"properties":{"id":"montserrat"}},{"type":"Feature","geometry":{"type":"Polygon","coordinates":[[[-61.884,17.049],[-61.773,17.127],[-61.734,17.035],[-61.884,17.049]]]},"properties":{"id":"antigua-and-barbuda"}},{"type":"Feature","geometry":{"type":"Polygon","coordinates":[[[-62.65,17.266],[-62.861,17.362],[-62.82,17.416],[-62.72,17.359],[-62.65,17.266]]]},"properties":{"id":"saint-kitts-and-nevis"}},{"type":"Feature","geometry":{"type":"Polygon","coordinates":[[[-64.559,17.752],[-64.876,17.689],[-64.772,17.793],[-64.559,17.752]]]},"properties":{"id":"us-virgin-islands"}},{"type":"Feature","geometry":{"type":"Polygon","coordinates":[[[-62.839,17.882],[-62.857,17.925],[-62.792,17.915],[-62.839,17.882]]]},"properties":{"id":"saint-barthelemy"}},{"type":"Feature","geometry":{"type":"Polygon","coordinates":[[[-65.629,18.279],[-65.83,18.027],[-66.163,17.929],[-66.766,17.984],[-66.861,17.95],[-67.215,17.966],[-67.152,18.203],[-67.269,18.369],[-67.102,18.523],[-66.907,18.485],[-66.641,18.496],[-65.989,18.463],[-65.663,18.366],[-65.629,18.279]]]},"properties":{"id":"puerto-rico"}},{"type":"Feature","geometry":{"type":"Polygon","coordinates":[[[-63.007,18.273],[-63.012,18.22],[-63.114,18.19],[-63.038,18.268],[-63.007,18.273]]]},"properties":{"id":"anguilla"}},{"type":"Feature","geometry":{"type":"Polygon","coordinates":[[[-64.635,18.406],[-64.662,18.44],[-64.56,18.454],[-64.583,18.416],[-64.635,18.406]]]},"properties":{"id":"british-virgin-islands"}},{"type":"Feature","geometry":{"type":"Polygon","coordinates":[[[-76.264,18.012],[-76.307,17.87],[-76.524,17.86],[-76.85,17.992],[-76.955,17.833],[-77.142,17.881],[-77.216,17.717],[-77.441,17.865],[-77.724,17.854],[-77.956,18.032],[-78.075,18.198],[-78.341,18.222],[-78.346,18.336],[-78.195,18.455],[-77.981,18.441],[-77.902,18.519],[-77.325,18.465],[-77.137,18.409],[-76.92,18.412],[-76.792,18.283],[-76.351,18.156],[-76.264,18.012]]]},"properties":{"id":"jamaica"}},{"type":"Feature","geometry":{"type":"Polygon","coordinates":[[[-81.136,19.355],[-81.135,19.291],[-81.303,19.309],[-81.286,19.368],[-81.136,19.355]]]},"properties":{"id":"cayman-islands"}},{"type":"Feature","geometry":{"type":"Polygon","coordinates":[[[-64.676,32.389],[-64.705,32.343],[-64.678,32.335],[-64.755,32.293],[-64.74,32.324],[-64.719,32.324],[-64.713,32.364],[-64.676,32.389]]]},"properties":{"id":"bermuda"}},{"type":"Feature","geometry":{"type":"Polygon","coordinates":[[[73.735,-53.112],[73.61,-53.18],[73.371,-53.091],[73.564,-53.017],[73.735,-53.112]]]},"properties":{"id":"heard-island-and-mcdonald-islands"}},{"type":"Feature","geometry":{"type":"Polygon","coordinates":[[[-5.722,-15.909],[-5.663,-15.98],[-5.764,-16.016],[-5.722,-15.909]]]},"properties":{"id":"saint-helena"}},{"type":"Feature","geometry":{"type":"Polygon","coordinates":[[[57.796,-20.223],[57.672,-20.48],[57.399,-20.498],[57.366,-20.291],[57.532,-20.025],[57.668,-19.994],[57.796,-20.223]]]},"properties":{"id":"mauritius"}},{"type":"Feature","geometry":{"type":"Polygon","coordinates":[[[43.467,-11.822],[43.263,-11.818],[43.277,-11.38],[43.399,-11.418],[43.377,-11.605],[43.467,-11.822]]]},"properties":{"id":"comoros"}},{"type":"Feature","geometry":{"type":"Polygon","coordinates":[[[6.681,0.407],[6.74,0.219],[6.516,0.034],[6.462,0.222],[6.533,0.348],[6.681,0.407]]]},"properties":{"id":"sao-tome-and-principe"}},{"type":"Feature","geometry":{"type":"MultiPolygon","coordinates":[[[[-24.297,14.918],[-24.377,14.816],[-24.526,14.925],[-24.343,15.041],[-24.297,14.918]]],[[[-23.457,15.024],[-23.494,14.919],[-23.677,14.936],[-23.772,15.038],[-23.786,15.175],[-23.697,15.266],[-23.457,15.024]]],[[[-22.682,16.114],[-22.806,15.986],[-22.946,16.02],[-22.924,16.213],[-22.714,16.206],[-22.682,16.114]]],[[[-22.929,16.593],[-22.991,16.816],[-22.896,16.825],[-22.929,16.593]]],[[[-25.047,17.035],[-25.299,16.917],[-25.356,17.07],[-25.103,17.197],[-25.047,17.035]]]]},"properties":{"id":"cape-verde"}},{"type":"Feature","geometry":{"type":"Polygon","coordinates":[[[14.548,35.89],[14.507,35.809],[14.343,35.881],[14.428,35.966],[14.548,35.89]]]},"properties":{"id":"malta"}},{"type":"Feature","geometry":{"type":"Polygon","coordinates":[[[-2.083,49.26],[-2.025,49.171],[-2.242,49.248],[-2.083,49.26]]]},"properties":{"id":"jersey"}},{"type":"Feature","geometry":{"type":"Polygon","coordinates":[[[-2.58,49.494],[-2.534,49.436],[-2.669,49.431],[-2.58,49.494]]]},"properties":{"id":"guernsey"}},{"type":"Feature","geometry":{"type":"Polygon","coordinates":[[[-4.612,54.057],[-4.71,54.221],[-4.442,54.404],[-4.319,54.305],[-4.612,54.057]]]},"properties":{"id":"isle-of-man"}},{"type":"Feature","geometry":{"type":"Polygon","coordinates":[[[20.209,60.225],[20.006,60.094],[19.748,60.101],[19.647,60.266],[20.209,60.225]]]},"properties":{"id":"aland-islands"}},{"type":"Feature","geometry":{"type":"Polygon","coordinates":[[[-7.223,62.171],[-6.997,62.184],[-6.716,62.034],[-6.857,61.995],[-7.223,62.171]]]},"properties":{"id":"faroe-islands"}},{"type":"Feature","geometry":{"type":"Polygon","coordinates":[[[105.704,-10.431],[105.695,-10.565],[105.655,-10.47],[105.704,-10.431]]]},"properties":{"id":"australian-indian-ocean-territories"}},{"type":"Feature","geometry":{"type":"Polygon","coordinates":[[[72.468,-7.384],[72.481,-7.391],[72.433,-7.432],[72.427,-7.404],[72.433,-7.347],[72.426,-7.323],[72.379,-7.297],[72.371,-7.27],[72.433,-7.316],[72.439,-7.34],[72.433,-7.425],[72.468,-7.384]]]},"properties":{"id":"british-indian-ocean-territory"}},{"type":"Feature","geometry":{"type":"Polygon","coordinates":[[[103.961,1.391],[103.839,1.266],[103.645,1.338],[103.805,1.449],[103.961,1.391]]]},"properties":{"id":"singapore"}},{"type":"Feature","geometry":{"type":"Polygon","coordinates":[[[167.984,-29.018],[167.961,-29.066],[167.918,-29.036],[167.927,-28.997],[167.984,-29.018]]]},"properties":{"id":"norfolk-island"}},{"type":"Feature","geometry":{"type":"Polygon","coordinates":[[[-159.798,-21.186],[-159.743,-21.202],[-159.743,-21.254],[-159.833,-21.245],[-159.798,-21.186]]]},"properties":{"id":"cook-islands"}},{"type":"Feature","geometry":{"type":"Polygon","coordinates":[[[-175.066,-21.124],[-175.149,-21.268],[-175.326,-21.174],[-175.25,-21.111],[-175.155,-21.172],[-175.066,-21.124]]]},"properties":{"id":"tonga"}},{"type":"Feature","geometry":{"type":"Polygon","coordinates":[[[-178.142,-14.244],[-178.108,-14.279],[-178.157,-14.305],[-178.186,-14.248],[-178.142,-14.244]]]},"properties":{"id":"wallis-and-futuna"}},{"type":"Feature","geometry":{"type":"MultiPolygon","coordinates":[[[[-172.201,-13.593],[-172.219,-13.805],[-172.523,-13.805],[-172.75,-13.578],[-172.531,-13.484],[-172.366,-13.463],[-172.201,-13.593]]],[[[-171.564,-13.949],[-171.466,-14.053],[-171.941,-13.99],[-172.044,-13.846],[-171.792,-13.817],[-171.564,-13.949]]]]},"properties":{"id":"samoa"}},{"type":"Feature","geometry":{"type":"MultiPolygon","coordinates":[[[[160.504,-11.736],[160.385,-11.784],[160.271,-11.633],[160.024,-11.601],[160.087,-11.495],[160.504,-11.736]]],[[[162.375,-10.824],[162.101,-10.821],[161.892,-10.77],[161.607,-10.606],[161.49,-10.42],[161.281,-10.309],[161.396,-10.204],[161.836,-10.447],[162.114,-10.456],[162.375,-10.824]]],[[[161.395,-9.413],[161.552,-9.623],[161.395,-9.649],[161.395,-9.413]]],[[[160.826,-9.837],[160.645,-9.937],[160.32,-9.815],[159.836,-9.794],[159.723,-9.707],[159.599,-9.512],[159.616,-9.295],[159.709,-9.248],[159.94,-9.433],[160.366,-9.413],[160.785,-9.727],[160.826,-9.837]]],[[[158.057,-8.528],[158.135,-8.567],[158.039,-8.757],[157.879,-8.683],[157.9,-8.576],[158.057,-8.528]]],[[[161.361,-9.618],[161.226,-9.43],[160.868,-9.152],[160.764,-8.947],[160.604,-8.4],[160.747,-8.31],[160.997,-8.604],[160.947,-8.814],[161.151,-8.95],[161.328,-9.439],[161.361,-9.618]]],[[[157.797,-8.562],[157.675,-8.509],[157.567,-8.276],[157.228,-8.317],[157.222,-8.224],[157.425,-7.99],[157.612,-8.066],[157.667,-8.241],[157.775,-8.249],[157.907,-8.491],[157.797,-8.562]]],[[[157.105,-8.125],[156.947,-7.98],[157.091,-7.851],[157.202,-8.048],[157.105,-8.125]]],[[[156.807,-7.72],[156.659,-7.884],[156.516,-7.72],[156.571,-7.569],[156.807,-7.72]]],[[[166.148,-10.694],[165.934,-10.776],[165.878,-10.657],[166.148,-10.694]]],[[[159.859,-8.511],[159.12,-8.117],[158.948,-8.049],[158.58,-7.741],[158.654,-7.561],[159.127,-7.92],[159.403,-7.982],[159.432,-8.032],[159.842,-8.326],[159.859,-8.511]]],[[[157.53,-7.333],[157.414,-7.407],[156.928,-7.209],[156.687,-6.897],[156.461,-6.733],[156.488,-6.603],[157.043,-6.897],[157.153,-7.124],[157.297,-7.258],[157.53,-7.333]]]]},"properties":{"id":"solomon-islands"}},{"type":"Feature","geometry":{"type":"Polygon","coordinates":[[[179.191,-8.542],[179.204,-8.519],[179.218,-8.521],[179.191,-8.542]]]},"properties":{"id":"tuvalu"}},{"type":"Feature","geometry":{"type":"Polygon","coordinates":[[[73.546,4.243],[73.538,4.183],[73.512,4.186],[73.546,4.243]]]},"properties":{"id":"maldives"}},{"type":"Feature","geometry":{"type":"Polygon","coordinates":[[[166.939,-0.49],[166.958,-0.518],[166.916,-0.548],[166.913,-0.5],[166.939,-0.49]]]},"properties":{"id":"nauru"}},{"type":"Feature","geometry":{"type":"Polygon","coordinates":[[[158.291,6.938],[158.292,6.795],[158.16,6.828],[158.142,6.951],[158.291,6.938]]]},"properties":{"id":"micronesia"}},{"type":"Feature","geometry":{"type":"Polygon","coordinates":[[[-35.909,-54.687],[-36.073,-54.887],[-36.299,-54.744],[-36.463,-54.538],[-36.813,-54.445],[-37.153,-54.258],[-37.335,-54.23],[-37.615,-54.038],[-37.005,-54.052],[-36.655,-54.106],[-36.676,-54.249],[-36.394,-54.243],[-36.016,-54.495],[-35.909,-54.687]]]},"properties":{"id":"south-georgia-and-the-south-sandwich-islands"}},{"type":"Feature","geometry":{"type":"MultiPolygon","coordinates":[[[[-59.632,-51.741],[-59.872,-51.949],[-60.26,-51.985],[-60.263,-52.067],[-60.593,-52.237],[-60.867,-52.115],[-60.887,-52.036],[-60.511,-51.976],[-60.455,-51.8],[-60.22,-51.654],[-60.49,-51.526],[-60.573,-51.358],[-60.153,-51.487],[-60.03,-51.393],[-59.262,-51.457],[-59.632,-51.741]]],[[[-57.816,-51.694],[-58.144,-51.762],[-58.419,-51.892],[-58.758,-51.891],[-58.729,-52.051],[-59.177,-52.064],[-59.386,-52.112],[-59.467,-52.296],[-59.694,-52.135],[-59.581,-51.911],[-59.364,-51.822],[-59.101,-51.622],[-59.099,-51.413],[-58.481,-51.301],[-58.227,-51.393],[-57.906,-51.377],[-57.781,-51.619],[-57.816,-51.694]]]]},"properties":{"id":"falkland-islands"}},{"type":"Feature","geometry":{"type":"MultiPolygon","coordinates":[[[[169.433,-19.493],[169.436,-19.657],[169.214,-19.48],[169.353,-19.328],[169.433,-19.493]]],[[[169.337,-18.935],[169.255,-18.985],[168.987,-18.877],[168.989,-18.691],[169.152,-18.636],[169.22,-18.825],[169.337,-18.935]]],[[[168.55,-17.691],[168.54,-17.797],[168.388,-17.824],[168.179,-17.656],[168.323,-17.533],[168.453,-17.546],[168.55,-17.691]]],[[[168.182,-16.348],[167.921,-16.259],[168.172,-16.08],[168.288,-16.344],[168.182,-16.348]]],[[[167.813,-16.42],[167.459,-16.568],[167.385,-16.368],[167.375,-16.193],[167.147,-16.083],[167.185,-15.891],[167.336,-15.909],[167.398,-16.087],[167.747,-16.34],[167.813,-16.42]]],[[[167.141,-15.536],[167.103,-15.58],[166.767,-15.584],[166.618,-15.376],[166.65,-15.265],[166.523,-14.832],[166.61,-14.635],[166.737,-14.83],[166.802,-15.152],[166.92,-15.156],[166.972,-14.98],[167.192,-15.306],[167.141,-15.536]]]]},"properties":{"id":"vanuatu"}},{"type":"Feature","geometry":{"type":"Polygon","coordinates":[[[-169.851,-18.965],[-169.783,-19.069],[-169.899,-19.143],[-169.948,-19.069],[-169.851,-18.965]]]},"properties":{"id":"niue"}},{"type":"Feature","geometry":{"type":"Polygon","coordinates":[[[-170.591,-14.265],[-170.755,-14.367],[-170.831,-14.319],[-170.661,-14.252],[-170.591,-14.265]]]},"properties":{"id":"american-samoa"}},{"type":"Feature","geometry":{"type":"Polygon","coordinates":[[[134.648,7.719],[134.594,7.421],[134.493,7.48],[134.648,7.719]]]},"properties":{"id":"palau"}},{"type":"Feature","geometry":{"type":"Polygon","coordinates":[[[144.886,13.64],[144.938,13.561],[144.808,13.446],[144.76,13.286],[144.635,13.424],[144.886,13.64]]]},"properties":{"id":"guam"}},{"type":"Feature","geometry":{"type":"Polygon","coordinates":[[[145.788,15.267],[145.739,15.123],[145.698,15.203],[145.788,15.267]]]},"properties":{"id":"northern-mariana-islands"}},{"type":"Feature","geometry":{"type":"Polygon","coordinates":[[[50.552,26.194],[50.615,26.111],[50.604,25.855],[50.46,25.985],[50.453,26.15],[50.552,26.194]]]},"properties":{"id":"bahrain"}},{"type":"Feature","geometry":{"type":"Polygon","coordinates":[[[154.391,-21.03],[154.389,-21.029],[154.391,-21.029],[154.391,-21.03]]]},"properties":{"id":"coral-sea-islands"}},{"type":"Feature","geometry":{"type":"Polygon","coordinates":[[[-109.212,10.303],[-109.219,10.282],[-109.234,10.308],[-109.212,10.303]]]},"properties":{"id":"clipperton-island"}},{"type":"Feature","geometry":{"type":"Polygon","coordinates":[[[113.559,22.163],[113.587,22.125],[113.547,22.105],[113.534,22.161],[113.559,22.163]]]},"properties":{"id":"macau"}},{"type":"Feature","geometry":{"type":"Polygon","coordinates":[[[123.597,-12.428],[123.598,-12.439],[123.576,-12.437],[123.575,-12.427],[123.597,-12.428]]]},"properties":{"id":"ashmore-and-cartier-islands"}},{"type":"Feature","geometry":{"type":"Polygon","coordinates":[[[117.754,15.154],[117.756,15.152],[117.754,15.15],[117.752,15.152],[117.754,15.154]]]},"properties":{"id":"scarborough-shoal"}},{"type":"Feature","geometry":{"type":"Polygon","coordinates":[[[20.065,42.547],[20.076,42.773],[20.345,42.827],[20.644,43.052],[20.598,43.185],[20.839,43.17],[21.093,43.091],[21.406,42.735],[21.739,42.682],[21.564,42.246],[21.354,42.216],[21.238,42.097],[21.098,42.196],[20.811,42.093],[20.74,41.888],[20.567,41.873],[20.599,41.948],[20.457,42.25],[20.23,42.327],[20.065,42.547]]]},"properties":{"id":"kosovo"}},{"type":"Feature","geometry":{"type":"Polygon","coordinates":[[[29.899,46.553],[29.652,46.813],[29.498,46.801],[29.378,47.071],[29.094,47.31],[29.111,47.464],[28.987,47.622],[28.981,47.875],[28.861,47.899],[28.63,48.092],[28.501,48.113],[28.799,48.112],[28.981,47.926],[29.187,47.818],[29.117,47.533],[29.368,47.308],[29.579,47.284],[29.559,46.946],[29.931,46.803],[29.899,46.553]]]},"properties":{"id":"transnistria"}},{"type":"Feature","geometry":{"type":"Polygon","coordinates":[[[114.23,22.556],[114.324,22.48],[114.28,22.279],[114.111,22.366],[114.082,22.529],[114.23,22.556]]]},"properties":{"id":"hong-kong"}}]}